folder,techno_modifiee,gwp_constr,f_BATT_LI,f_PHS,f_TS_DEC_HP_ELEC,f_TS_HIGH_TEMP,f_TRUCK_ELEC,f_BOAT_FREIGHT_DIESEL,f_TRUCK_FUEL_CELL,f_TRAIN_FREIGHT,f_TRUCK_DIESEL,f_BOAT_FREIGHT_NG,f_BOAT_FREIGHT_METHANOL,f_TRUCK_METHANOL,f_TRUCK_NG
0_IS_Techno_BATT_LI_gwp61,BATT_LI,61.3,46.352946,,,,56.161505,28.090075,44.258186,7.730421,12.272722,7.524514,2.641781,5.374193,1.57431
1_IS_Techno_BATT_LI_gwp62,BATT_LI,61.8,46.351266,,,,51.500656,27.986835,26.126907,7.73042,8.409141,7.674791,3.330414,15.349954,8.053622
0_IS_Techno_BATT_LI_gwp62,BATT_LI,62.3,46.351243,,,,51.476409,28.14215,6.568308,7.73042,3.324757,12.173827,1.130148,2.089789,11.263974
2_IS_Techno_BATT_LI_gwp62,BATT_LI,62.3,46.351243,,,,51.476409,28.14215,6.568308,7.73042,3.324757,12.173827,1.130148,2.089789,11.263974
1_IS_Techno_BATT_LI_gwp68,BATT_LI,68.3,45.13881,,,,51.479039,28.03951,17.860205,7.730421,3.643639,7.903436,4.374797,2.688004,17.110133
2_IS_Techno_BATT_LI_gwp74,BATT_LI,74.3,44.387251,,,,51.585468,28.272734,0.856662,7.730421,3.758505,8.06094,3.457733,2.788092,1.261946
3_IS_Techno_BATT_LI_gwp80,BATT_LI,80.3,40.23191,,,,51.483745,28.087663,0.976305,7.730421,0.475607,6.821206,4.464573,0.909508,3.523159
4_IS_Techno_BATT_LI_gwp86,BATT_LI,86.3,39.488047,,,,51.507157,28.341911,0.254392,7.730421,0.321138,2.455849,2.101978,0.347703,0.764555
5_IS_Techno_BATT_LI_gwp92,BATT_LI,92.3,36.151838,,,,55.300176,28.074229,8.150958,7.73042,3.135822,5.486744,2.112749,0.643895,0.569422
6_IS_Techno_BATT_LI_gwp98,BATT_LI,98.3,29.634955,,,,56.774933,27.993803,35.757202,7.73042,3.704676,6.169605,1.569254,0.514557,1.592945
7_IS_Techno_BATT_LI_gwp104,BATT_LI,104.3,28.321084,,,,51.582486,28.025649,21.981135,7.73042,5.582282,5.701001,2.335665,0.271572,0.079819
8_IS_Techno_BATT_LI_gwp110,BATT_LI,110.3,7.397624,,,,51.504458,28.047898,14.949375,7.73042,12.146652,6.228197,1.511257,0.336083,2.572742
9_IS_Techno_BATT_LI_gwp116,BATT_LI,116.3,1.748538,,,,51.640799,28.142852,3.489139,7.730419,0.520327,4.714864,2.358761,0.549873,0.895396
10_IS_Techno_BATT_LI_gwp122,BATT_LI,122.3,0.000355,,,,52.392027,28.275368,1.591008,7.73042,0.514921,2.634657,1.771316,0.604511,0.549438
0_IS_Techno_PHS_gwp8,PHS,8.33,,6.499388,,,56.161505,28.090075,44.258186,7.730421,12.272722,7.524514,2.641781,5.374193,1.57431
1_IS_Techno_PHS_gwp9,PHS,9.13,,6.499892,,,52.282009,28.00773,16.251172,7.73042,4.097079,7.90513,1.576088,9.833815,1.461112
2_IS_Techno_PHS_gwp10,PHS,9.93,,6.499715,,,51.758197,28.146501,2.95007,7.730421,0.096936,11.398625,2.117344,2.49891,6.633054
3_IS_Techno_PHS_gwp11,PHS,10.730000000000002,,6.499833,,,51.497646,28.068665,1.081435,7.730421,16.094788,7.148602,3.754752,1.283277,4.092496
4_IS_Techno_PHS_gwp12,PHS,11.530000000000005,,6.499886,,,56.439218,28.006279,0.187607,7.73042,4.387059,9.820385,6.803655,0.777605,0.210674
5_IS_Techno_PHS_gwp12,PHS,12.330000000000004,,6.499918,,,53.557078,28.219982,3.534678,7.73042,5.683178,4.384097,2.617939,0.519411,4.111881
6_IS_Techno_PHS_gwp13,PHS,13.130000000000004,,6.499815,,,57.69547,28.025007,9.884741,7.73042,12.834658,8.092368,3.296213,0.947565,9.307739
7_IS_Techno_PHS_gwp14,PHS,13.930000000000003,,6.499941,,,51.485884,27.971513,14.113092,7.73042,2.798573,9.220002,2.988931,9.28772,63.64024
8_IS_Techno_PHS_gwp15,PHS,14.730000000000006,,6.499983,,,52.456238,28.087711,5.009784,7.73042,0.752225,5.002412,2.566818,1.963446,0.209294
9_IS_Techno_PHS_gwp16,PHS,15.530000000000006,,6.499837,,,53.112439,28.022543,44.796485,7.73042,4.999204,4.011805,1.853115,0.713189,0.92631
10_IS_Techno_PHS_gwp16,PHS,16.330000000000005,,6.499878,,,53.395181,27.997114,11.554193,7.73042,7.060957,3.853615,1.446246,0.466399,1.650571
11_IS_Techno_PHS_gwp17,PHS,17.130000000000006,,6.499865,,,51.937056,28.092068,38.317388,7.73042,7.091757,2.344821,2.942236,8.801904,8.526613
12_IS_Techno_PHS_gwp18,PHS,17.930000000000007,,6.499956,,,51.853737,89.371177,6.180776,7.73042,4.690976,1.885605,1.714729,2.639696,0.183528
13_IS_Techno_PHS_gwp19,PHS,18.730000000000008,,6.499987,,,52.814942,34.878593,6.404173,7.73042,6.180232,8.615757,14.810921,0.201423,7.049781
14_IS_Techno_PHS_gwp20,PHS,19.53000000000001,,6.499973,,,53.521197,28.044806,10.46024,7.73042,7.884996,5.389587,2.678565,4.392087,0.418451
15_IS_Techno_PHS_gwp20,PHS,20.33000000000001,,6.499949,,,52.837714,28.164926,13.989487,7.73042,4.876584,3.702577,3.848447,4.233026,1.284397
16_IS_Techno_PHS_gwp21,PHS,21.13000000000001,,6.499902,,,51.478492,64.652275,2.646881,7.73042,0.172592,2.145246,6.227149,5.329368,5.390217
17_IS_Techno_PHS_gwp22,PHS,21.93000000000001,,6.499986,,,51.486933,31.720342,20.172626,7.73042,0.338724,10.167508,1.973744,0.977336,0.655903
18_IS_Techno_PHS_gwp23,PHS,22.73000000000001,,6.499956,,,51.627318,27.999964,37.887003,7.73042,5.62337,23.55147,8.268502,7.23277,2.573705
19_IS_Techno_PHS_gwp24,PHS,23.53000000000001,,6.499945,,,52.077086,50.219416,15.152155,7.73042,2.412304,22.605262,12.845563,0.173977,0.22212
20_IS_Techno_PHS_gwp24,PHS,24.330000000000013,,6.499938,,,51.502715,34.869285,3.689461,7.730421,3.127752,14.935876,4.259729,0.71436,3.117664
21_IS_Techno_PHS_gwp25,PHS,25.130000000000013,,6.499939,,,52.751143,33.019913,14.382365,7.730421,6.423922,24.162616,2.918147,5.884972,6.832075
22_IS_Techno_PHS_gwp26,PHS,25.93000000000001,,6.499745,,,51.475788,28.049421,25.989951,7.730421,11.730518,25.919023,3.106279,2.96614,3.24301
23_IS_Techno_PHS_gwp27,PHS,26.73000000000001,,6.499937,,,51.495439,28.156463,23.601811,7.73042,1.375117,3.054771,1.961782,1.633884,0.313212
24_IS_Techno_PHS_gwp28,PHS,27.530000000000012,,6.499924,,,52.476588,43.255175,14.113405,7.73042,2.358611,6.466689,2.036584,0.806482,1.193668
25_IS_Techno_PHS_gwp28,PHS,28.330000000000016,,6.499693,,,55.924633,29.528414,2.874218,7.73042,0.388139,14.201288,3.281347,0.217289,0.245026
26_IS_Techno_PHS_gwp29,PHS,29.130000000000017,,6.499815,,,79.521738,28.209957,2.350758,7.73042,63.830609,8.927868,12.111654,9.619386,5.03725
27_IS_Techno_PHS_gwp30,PHS,29.930000000000017,,6.499886,,,51.49418,29.516219,1.128674,7.730421,10.474798,3.914852,2.306922,5.504553,1.352574
28_IS_Techno_PHS_gwp31,PHS,30.730000000000015,,6.499947,,,51.511111,28.434374,0.560827,7.730421,0.345453,1.624195,1.627616,0.222589,0.243506
29_IS_Techno_PHS_gwp32,PHS,31.53000000000002,,6.49989,,,51.619629,36.369214,18.612969,7.73042,26.270752,4.49108,19.417705,1.087015,7.37924
30_IS_Techno_PHS_gwp32,PHS,32.33000000000002,,6.499844,,,51.745757,52.169947,43.709932,7.73042,2.656557,1.430323,2.530375,23.767835,5.178317
31_IS_Techno_PHS_gwp33,PHS,33.13000000000002,,6.499827,,,51.640615,29.26154,5.042269,7.73042,10.402886,3.091844,6.84131,1.252376,0.379075
32_IS_Techno_PHS_gwp34,PHS,33.930000000000014,,6.499967,,,51.696879,34.40746,18.131305,7.73042,18.200541,4.229257,2.365991,6.241332,1.316653
33_IS_Techno_PHS_gwp35,PHS,34.73000000000001,,6.499972,,,51.681299,28.178905,0.402658,7.73042,30.217046,0.923745,1.368989,1.307235,0.226865
34_IS_Techno_PHS_gwp36,PHS,35.53000000000001,,6.499929,,,51.477996,43.250329,45.837555,7.73042,11.198643,9.873017,3.065256,2.53442,5.434494
35_IS_Techno_PHS_gwp36,PHS,36.330000000000005,,6.49994,,,51.520029,27.9964,18.120936,7.73042,16.039744,2.137269,3.803278,4.517597,4.434096
36_IS_Techno_PHS_gwp37,PHS,37.13,,6.499984,,,51.500278,34.405154,7.514918,7.73042,10.995811,12.572159,6.652919,1.024934,0.245195
37_IS_Techno_PHS_gwp38,PHS,37.93,,6.499698,,,53.781374,36.416869,3.809379,7.730421,0.617742,14.113492,17.448917,0.718142,40.002073
38_IS_Techno_PHS_gwp39,PHS,38.73,,6.499662,,,51.481068,32.908371,0.687852,7.73042,9.810058,12.048239,1.685345,1.406232,3.751517
39_IS_Techno_PHS_gwp40,PHS,39.53,,6.499995,,,51.990925,27.954648,4.550079,7.73042,6.57093,9.134366,8.718612,0.15196,3.911847
40_IS_Techno_PHS_gwp40,PHS,40.32999999999999,,6.499939,,,51.526118,46.348921,5.422694,7.73042,10.566187,3.076811,3.126831,5.239877,0.958569
41_IS_Techno_PHS_gwp41,PHS,41.12999999999999,,6.499923,,,51.526871,31.795371,6.237382,7.73042,4.023035,8.892015,3.069371,2.655336,0.157234
42_IS_Techno_PHS_gwp42,PHS,41.92999999999999,,6.499696,,,51.738256,27.982102,35.257579,7.730421,29.151559,1.674639,3.656636,18.473445,3.035709
43_IS_Techno_PHS_gwp43,PHS,42.72999999999998,,6.499856,,,53.448339,28.008835,12.673935,7.730421,13.538416,2.282736,6.583375,7.633817,3.208994
44_IS_Techno_PHS_gwp44,PHS,43.52999999999998,,6.499993,,,51.890447,31.72327,16.228069,7.73042,3.536716,2.766149,4.903584,1.021076,1.343868
45_IS_Techno_PHS_gwp44,PHS,44.32999999999998,,6.499804,,,51.498302,28.693949,15.26787,7.73042,0.107775,3.374987,5.016157,0.229059,0.742622
46_IS_Techno_PHS_gwp45,PHS,45.12999999999997,,6.499944,,,51.498906,28.226489,3.259716,7.73042,3.498575,3.817047,1.540421,4.23715,1.216341
47_IS_Techno_PHS_gwp46,PHS,45.92999999999997,,6.499979,,,51.518611,35.343688,53.978649,7.73042,1.42162,2.5757,2.491296,2.297747,4.407889
48_IS_Techno_PHS_gwp47,PHS,46.72999999999997,,6.499829,,,51.487104,27.91977,49.166325,7.73042,6.764436,0.523083,3.735013,2.344716,1.797597
49_IS_Techno_PHS_gwp48,PHS,47.529999999999966,,6.499931,,,51.475905,28.109755,12.4962,7.73042,1.279854,11.107556,10.124936,2.943946,1.203406
50_IS_Techno_PHS_gwp48,PHS,48.32999999999996,,6.499999,,,51.876721,36.119999,44.765562,7.73042,1.367123,14.398229,1.985618,0.532553,0.275867
51_IS_Techno_PHS_gwp49,PHS,49.12999999999996,,6.499913,,,51.491882,31.642071,65.617219,7.73042,1.820181,5.775556,3.317688,5.695964,2.641278
52_IS_Techno_PHS_gwp50,PHS,49.92999999999996,,6.499822,,,55.08283,72.821998,14.989683,7.73042,12.301243,3.878766,3.063766,11.683023,3.242025
53_IS_Techno_PHS_gwp51,PHS,50.729999999999954,,6.499887,,,51.998687,70.411961,25.19787,7.730421,21.480525,4.269392,2.410231,1.205922,3.807706
54_IS_Techno_PHS_gwp52,PHS,51.52999999999995,,6.499857,,,51.496057,28.51942,16.083072,7.73042,3.73529,25.776012,1.646963,1.311167,0.495052
55_IS_Techno_PHS_gwp52,PHS,52.32999999999995,,6.499936,,,51.510281,40.70474,9.84053,7.73042,0.075115,5.391555,0.990962,22.267942,7.264215
56_IS_Techno_PHS_gwp53,PHS,53.129999999999946,,6.499719,,,51.485095,31.006937,9.904938,7.730421,8.730566,14.481482,5.468743,4.974054,0.420937
57_IS_Techno_PHS_gwp54,PHS,53.92999999999994,,6.49952,,,52.289741,38.841776,34.670523,7.73042,9.621444,15.092912,3.475239,8.551376,12.691155
58_IS_Techno_PHS_gwp55,PHS,54.72999999999994,,6.499876,,,51.478537,47.840463,1.417184,7.73042,36.520476,3.909635,2.04314,1.343366,4.94484
59_IS_Techno_PHS_gwp56,PHS,55.52999999999994,,6.49994,,,51.660536,28.637139,30.680457,7.73042,34.098559,5.529576,1.356205,0.801915,0.217219
60_IS_Techno_PHS_gwp56,PHS,56.329999999999934,,6.499774,,,51.475094,54.072654,52.05595,7.73042,0.478044,9.268166,3.519927,9.715625,0.628783
61_IS_Techno_PHS_gwp57,PHS,57.12999999999993,,6.499999,,,61.768122,86.403852,11.934891,7.73042,29.993172,6.454859,5.815303,2.74508,2.069251
62_IS_Techno_PHS_gwp58,PHS,57.92999999999993,,6.4996,,,51.493276,28.063905,33.685221,7.730421,18.072863,1.842299,4.964815,0.443079,0.767706
63_IS_Techno_PHS_gwp59,PHS,58.729999999999926,,6.499715,,,51.476301,62.438099,7.189401,7.73042,27.416984,2.007316,9.253223,11.730752,7.581765
64_IS_Techno_PHS_gwp60,PHS,59.52999999999992,,6.499734,,,51.607402,30.111273,28.764441,7.73042,0.743063,3.127626,5.345244,0.104417,0.272621
65_IS_Techno_PHS_gwp60,PHS,60.32999999999992,,6.499813,,,51.489507,28.295049,15.299686,7.73042,9.298423,1.490515,2.417426,1.780086,7.720083
66_IS_Techno_PHS_gwp61,PHS,61.12999999999992,,6.499775,,,53.464967,28.746668,21.850832,7.73042,20.006045,1.711842,4.8909,1.128975,7.824916
67_IS_Techno_PHS_gwp62,PHS,61.92999999999992,,6.499914,,,51.56918,34.250051,64.581503,7.73042,18.48791,1.431024,2.140411,2.855452,1.310131
68_IS_Techno_PHS_gwp63,PHS,62.72999999999991,,6.499811,,,51.484253,28.009003,20.477958,7.73042,39.220964,10.135195,1.855464,23.86888,8.348374
69_IS_Techno_PHS_gwp64,PHS,63.52999999999991,,6.499514,,,56.783005,28.073577,12.107647,7.73042,15.56369,8.265028,4.070266,1.250352,2.92987
70_IS_Techno_PHS_gwp64,PHS,64.32999999999991,,6.499805,,,51.481489,28.002494,7.296727,7.73042,9.30481,12.485322,3.747134,3.181778,6.794836
71_IS_Techno_PHS_gwp65,PHS,65.12999999999991,,6.499258,,,53.675464,28.268722,56.656198,7.73042,3.086748,0.92074,3.539873,0.21455,0.121392
72_IS_Techno_PHS_gwp66,PHS,65.92999999999991,,6.499338,,,52.291391,83.383397,45.417946,7.73042,3.20271,0.605088,8.357203,1.584912,2.204721
73_IS_Techno_PHS_gwp67,PHS,66.7299999999999,,6.499846,,,51.486825,48.735782,15.361693,7.73042,9.315453,0.981809,5.533598,1.437283,2.890422
74_IS_Techno_PHS_gwp68,PHS,67.5299999999999,,6.499464,,,53.794167,72.927901,16.863379,7.73042,14.457971,1.157323,3.125191,12.33353,7.34644
75_IS_Techno_PHS_gwp68,PHS,68.3299999999999,,6.499644,,,51.484328,57.298126,0.095111,7.73042,0.358846,1.969361,2.455734,16.827125,1.491147
76_IS_Techno_PHS_gwp69,PHS,69.1299999999999,,6.499932,,,52.074712,28.085099,13.166964,7.73042,6.163296,12.523615,2.646331,5.53416,2.206473
77_IS_Techno_PHS_gwp70,PHS,69.9299999999999,,6.499847,,,51.891493,37.415583,10.07221,7.73042,4.996132,3.059508,3.241057,2.243787,1.413489
78_IS_Techno_PHS_gwp71,PHS,70.72999999999989,,6.499875,,,51.49056,40.325845,10.176261,7.73042,2.716718,2.668606,4.264176,3.037513,1.670692
79_IS_Techno_PHS_gwp72,PHS,71.52999999999989,,6.498635,,,55.458456,29.257663,10.121845,7.730421,7.686039,3.361077,2.839862,36.014093,1.510963
80_IS_Techno_PHS_gwp72,PHS,72.32999999999988,,6.499904,,,51.483697,49.011333,23.152329,7.73042,4.552798,3.187583,3.751052,4.363657,6.294945
81_IS_Techno_PHS_gwp73,PHS,73.12999999999988,,6.498846,,,51.995774,28.310907,19.926779,7.73042,3.530954,2.291149,4.698271,1.679175,0.258561
82_IS_Techno_PHS_gwp74,PHS,73.92999999999988,,6.499958,,,51.531963,27.980912,5.503324,7.73042,6.74527,10.303117,1.860819,0.10835,0.210328
83_IS_Techno_PHS_gwp75,PHS,74.72999999999988,,6.49966,,,51.73443,59.01598,0.21736,7.73042,10.638602,13.701467,2.82645,2.392356,11.651056
84_IS_Techno_PHS_gwp76,PHS,75.52999999999987,,6.499935,,,51.546523,66.83122,11.645848,7.73042,0.217274,1.31399,3.683253,10.346216,0.519173
85_IS_Techno_PHS_gwp76,PHS,76.32999999999987,,6.49907,,,52.267053,28.189793,11.348114,7.73042,12.292262,7.022107,7.996476,7.044564,13.094124
86_IS_Techno_PHS_gwp77,PHS,77.12999999999987,,6.499135,,,53.337664,79.8854,33.717975,7.73042,12.306129,28.998043,2.839913,11.716692,7.118073
87_IS_Techno_PHS_gwp78,PHS,77.92999999999986,,6.49989,,,51.883383,32.535292,5.657225,7.73042,5.862354,1.881609,3.376712,4.432352,0.135716
88_IS_Techno_PHS_gwp79,PHS,78.72999999999986,,6.498086,,,51.474675,67.569494,20.790017,7.73042,5.794863,14.890079,2.960283,9.997194,1.556888
89_IS_Techno_PHS_gwp80,PHS,79.52999999999986,,6.498888,,,51.473141,48.236573,0.178038,7.73042,20.025402,5.070938,8.305854,8.320072,1.37059
90_IS_Techno_PHS_gwp80,PHS,80.32999999999986,,6.499258,,,51.562297,63.285682,15.013963,7.73042,5.993208,23.965378,3.256853,18.221932,6.284226
91_IS_Techno_PHS_gwp81,PHS,81.12999999999985,,6.499532,,,61.540496,28.947084,29.384676,7.73042,15.962051,5.58087,8.163023,12.728011,3.069742
92_IS_Techno_PHS_gwp82,PHS,81.92999999999985,,6.499762,,,51.482708,43.143976,5.499622,7.73042,5.361632,4.915911,6.471567,5.258684,7.987239
93_IS_Techno_PHS_gwp83,PHS,82.72999999999985,,6.499482,,,51.487338,28.069771,0.36634,7.73042,1.577188,5.7395,4.42753,0.786866,0.800205
94_IS_Techno_PHS_gwp84,PHS,83.52999999999984,,6.499378,,,62.444476,44.626865,4.964787,7.73042,21.144418,13.112516,2.599911,22.336651,6.717646
95_IS_Techno_PHS_gwp84,PHS,84.32999999999984,,6.499615,,,51.505295,53.868327,8.560123,7.73042,8.30809,17.945343,5.100869,1.197977,1.070455
96_IS_Techno_PHS_gwp85,PHS,85.12999999999984,,6.499239,,,52.357049,28.257564,95.419668,7.73042,0.661252,2.768608,3.429712,0.203888,0.491808
97_IS_Techno_PHS_gwp86,PHS,85.92999999999984,,6.497682,,,51.482663,32.271313,22.769714,7.73042,45.184244,1.002893,3.146399,4.36185,6.78698
98_IS_Techno_PHS_gwp87,PHS,86.72999999999983,,6.499676,,,51.577399,28.091972,18.122987,7.73042,12.004214,5.145088,3.295328,13.428314,3.859165
99_IS_Techno_PHS_gwp88,PHS,87.52999999999983,,6.498363,,,51.47643,28.598817,5.753306,7.73042,1.519742,12.471377,2.455855,2.601942,9.263438
100_IS_Techno_PHS_gwp88,PHS,88.32999999999983,,6.498247,,,73.074012,28.296387,2.876233,7.73042,3.015296,5.713918,3.213073,17.021773,0.086092
101_IS_Techno_PHS_gwp89,PHS,89.12999999999982,,6.498008,,,58.215162,27.927169,23.830483,7.73042,5.077455,2.590207,1.877135,6.623074,14.377708
102_IS_Techno_PHS_gwp90,PHS,89.92999999999982,,6.499347,,,51.737287,28.07582,11.458431,7.73042,1.227656,2.376032,2.890898,1.880384,3.504365
103_IS_Techno_PHS_gwp91,PHS,90.72999999999982,,6.491487,,,51.474786,51.920701,18.870777,7.73042,2.139014,1.411434,12.487363,9.893912,11.287952
104_IS_Techno_PHS_gwp92,PHS,91.52999999999982,,6.496137,,,51.48583,42.019545,61.946469,7.73042,10.375594,2.117897,2.523802,12.591992,1.018959
105_IS_Techno_PHS_gwp92,PHS,92.3299999999998,,6.497043,,,53.024586,28.668838,24.852709,7.730421,37.713679,1.704566,3.802206,3.220585,0.719919
106_IS_Techno_PHS_gwp93,PHS,93.1299999999998,,6.49795,,,51.480655,43.612317,24.213181,7.73042,3.67709,3.936621,2.626567,11.530107,7.932452
107_IS_Techno_PHS_gwp94,PHS,93.9299999999998,,6.495738,,,51.480355,40.93761,13.425111,7.73042,1.467663,8.235013,6.179325,0.304873,1.022179
108_IS_Techno_PHS_gwp95,PHS,94.7299999999998,,6.497905,,,51.7281,30.140926,13.339943,7.73042,2.056142,2.660082,2.494398,12.268532,3.610804
109_IS_Techno_PHS_gwp96,PHS,95.5299999999998,,6.475065,,,51.479709,70.585242,16.064684,7.73042,8.323598,0.662455,1.809,8.075724,4.418973
110_IS_Techno_PHS_gwp96,PHS,96.3299999999998,,6.495327,,,51.482886,28.140197,88.288851,7.73042,13.590226,4.27923,3.342776,7.855565,5.166218
111_IS_Techno_PHS_gwp97,PHS,97.1299999999998,,5.931636,,,51.475105,62.032175,19.401953,7.73042,42.191065,9.929696,4.379438,13.999957,10.11153
112_IS_Techno_PHS_gwp98,PHS,97.9299999999998,,5.590143,,,51.483682,28.009443,13.242003,7.73042,5.908499,9.71272,5.16928,5.418709,9.15226
113_IS_Techno_PHS_gwp99,PHS,98.7299999999998,,5.000167,,,51.491366,28.184463,18.126477,7.730421,2.434286,5.241284,4.021209,2.344471,1.141747
114_IS_Techno_PHS_gwp100,PHS,99.5299999999998,,5.000001,,,54.352714,36.961849,1.192888,7.73042,27.838948,16.862427,4.425537,29.889317,9.378985
115_IS_Techno_PHS_gwp100,PHS,100.3299999999998,,5.000008,,,51.502253,28.076542,58.15809,7.73042,11.947853,8.071273,2.695736,6.38906,5.95146
116_IS_Techno_PHS_gwp101,PHS,101.12999999999978,,5.000011,,,52.35028,28.063425,12.708312,7.73042,0.517586,15.140176,3.990381,0.661222,9.755717
117_IS_Techno_PHS_gwp102,PHS,101.92999999999978,,5.0,,,51.473701,28.096061,2.659912,7.73042,70.6926,33.400495,2.624336,4.886956,9.548668
0_IS_Techno_TS_DEC_HP_ELEC_gwp6,TS_DEC_HP_ELEC,5.62,,,60.365517,,56.161505,28.090075,44.258186,7.730421,12.272722,7.524514,2.641781,5.374193,1.57431
1_IS_Techno_TS_DEC_HP_ELEC_gwp6,TS_DEC_HP_ELEC,6.12,,,60.365524,,56.833185,28.07004,1.655257,7.73042,3.961452,9.536261,3.736143,1.47245,2.794571
2_IS_Techno_TS_DEC_HP_ELEC_gwp7,TS_DEC_HP_ELEC,6.62,,,57.533509,,52.214262,28.108976,9.131394,7.730421,2.027889,11.302286,4.127849,0.786787,3.211076
3_IS_Techno_TS_DEC_HP_ELEC_gwp7,TS_DEC_HP_ELEC,7.12,,,55.70032,,60.859061,28.038073,24.429759,7.730421,6.067235,5.135275,3.76285,9.570868,1.202233
4_IS_Techno_TS_DEC_HP_ELEC_gwp8,TS_DEC_HP_ELEC,7.62,,,55.700315,,51.517394,28.028621,25.167346,7.73042,25.317764,5.669759,1.738207,2.624675,0.350325
5_IS_Techno_TS_DEC_HP_ELEC_gwp8,TS_DEC_HP_ELEC,8.120000000000001,,,55.700322,,62.884789,28.113991,2.788425,7.730421,2.147091,18.296039,5.990334,0.381407,5.592294
6_IS_Techno_TS_DEC_HP_ELEC_gwp9,TS_DEC_HP_ELEC,8.620000000000001,,,55.700313,,53.134575,27.991298,16.412228,7.73042,13.536943,7.414582,1.134063,7.945559,0.793387
7_IS_Techno_TS_DEC_HP_ELEC_gwp9,TS_DEC_HP_ELEC,9.12,,,55.621992,,51.548034,27.989974,0.336858,7.73042,21.644922,4.015424,2.869023,23.028657,6.966457
8_IS_Techno_TS_DEC_HP_ELEC_gwp10,TS_DEC_HP_ELEC,9.62,,,55.621983,,51.538636,28.101036,5.85504,7.730421,0.468324,6.427268,1.746311,1.244657,2.114597
9_IS_Techno_TS_DEC_HP_ELEC_gwp10,TS_DEC_HP_ELEC,10.12,,,55.621981,,57.748615,28.030038,14.862834,7.73042,8.698397,8.034321,2.829056,1.447812,0.96371
10_IS_Techno_TS_DEC_HP_ELEC_gwp11,TS_DEC_HP_ELEC,10.62,,,55.621972,,51.485719,28.070366,16.265472,7.73042,0.762177,11.289595,6.396173,0.718207,0.818392
11_IS_Techno_TS_DEC_HP_ELEC_gwp11,TS_DEC_HP_ELEC,11.12,,,55.621968,,55.526619,27.981284,13.175368,7.73042,3.680484,6.912688,4.657688,6.403489,0.311972
12_IS_Techno_TS_DEC_HP_ELEC_gwp12,TS_DEC_HP_ELEC,11.62,,,55.215647,,56.865072,27.991795,16.318412,7.73042,6.695196,9.435816,4.88677,4.683008,0.279919
13_IS_Techno_TS_DEC_HP_ELEC_gwp12,TS_DEC_HP_ELEC,12.12,,,54.660729,,51.499892,28.217133,10.449087,7.730421,1.951917,6.921837,4.969862,1.193986,1.635066
14_IS_Techno_TS_DEC_HP_ELEC_gwp13,TS_DEC_HP_ELEC,12.62,,,53.810749,,51.482207,28.082781,8.889357,7.730421,3.490665,26.100247,6.776334,0.818773,2.550019
15_IS_Techno_TS_DEC_HP_ELEC_gwp13,TS_DEC_HP_ELEC,13.12,,,53.810731,,51.482793,28.176987,0.591206,7.73042,1.289436,12.84439,10.752118,1.728162,0.962377
16_IS_Techno_TS_DEC_HP_ELEC_gwp14,TS_DEC_HP_ELEC,13.62,,,53.810744,,51.483961,28.084184,2.012706,7.730421,0.443691,6.191192,3.473599,0.60208,3.092131
17_IS_Techno_TS_DEC_HP_ELEC_gwp14,TS_DEC_HP_ELEC,14.12,,,53.810728,,51.506276,28.287311,1.828428,7.730421,19.186081,2.584453,1.753794,0.958033,3.180574
18_IS_Techno_TS_DEC_HP_ELEC_gwp15,TS_DEC_HP_ELEC,14.62,,,53.81073,,51.607347,28.102781,1.687336,7.73042,3.926218,6.544401,2.093216,0.289356,0.96522
19_IS_Techno_TS_DEC_HP_ELEC_gwp15,TS_DEC_HP_ELEC,15.12,,,53.81073,,52.13685,28.125395,2.106674,7.73042,0.254226,5.911441,5.082944,5.222281,0.270782
20_IS_Techno_TS_DEC_HP_ELEC_gwp16,TS_DEC_HP_ELEC,15.62,,,53.810735,,51.483904,28.034377,10.416608,7.730421,7.418133,9.522683,3.46736,2.509115,4.507959
21_IS_Techno_TS_DEC_HP_ELEC_gwp16,TS_DEC_HP_ELEC,16.12,,,53.810729,,54.018842,27.992758,15.00991,7.73042,5.530429,12.749097,2.716311,0.736719,1.004091
22_IS_Techno_TS_DEC_HP_ELEC_gwp17,TS_DEC_HP_ELEC,16.62,,,53.810721,,51.537274,28.079689,11.031596,7.73042,1.817205,10.826569,5.297567,0.95013,1.213859
23_IS_Techno_TS_DEC_HP_ELEC_gwp17,TS_DEC_HP_ELEC,17.12,,,53.81073,,56.635502,28.02187,0.18693,7.73042,9.674984,6.121479,3.320217,0.939147,5.562686
24_IS_Techno_TS_DEC_HP_ELEC_gwp18,TS_DEC_HP_ELEC,17.62,,,53.810714,,55.871888,28.009669,0.129058,7.73042,5.664957,5.962089,1.404872,3.774324,0.405237
25_IS_Techno_TS_DEC_HP_ELEC_gwp18,TS_DEC_HP_ELEC,18.12,,,51.555158,,55.317016,28.07234,24.581801,7.73042,9.616432,4.478598,2.936255,0.52608,6.497964
26_IS_Techno_TS_DEC_HP_ELEC_gwp19,TS_DEC_HP_ELEC,18.62,,,51.392979,,52.594499,28.06314,5.788359,7.73042,7.036128,8.440778,2.546153,0.178088,0.135364
27_IS_Techno_TS_DEC_HP_ELEC_gwp19,TS_DEC_HP_ELEC,19.12,,,51.392981,,54.695133,28.016757,0.289866,7.73042,4.695266,5.085489,1.14967,2.575066,0.556237
28_IS_Techno_TS_DEC_HP_ELEC_gwp20,TS_DEC_HP_ELEC,19.62,,,51.392979,,52.149795,28.066918,28.117672,7.730421,5.505446,3.969661,1.916074,0.416215,1.04182
29_IS_Techno_TS_DEC_HP_ELEC_gwp20,TS_DEC_HP_ELEC,20.12,,,51.392982,,59.636827,27.992271,9.621697,7.73042,4.578731,6.688322,2.027916,0.225257,2.869191
30_IS_Techno_TS_DEC_HP_ELEC_gwp21,TS_DEC_HP_ELEC,20.62,,,51.39298,,52.376729,28.095073,0.871956,7.73042,9.207315,7.39129,2.70083,0.33701,0.150624
31_IS_Techno_TS_DEC_HP_ELEC_gwp21,TS_DEC_HP_ELEC,21.12,,,51.392978,,51.498349,28.259122,2.462116,7.730421,4.594254,4.035765,2.001135,1.118966,1.880661
32_IS_Techno_TS_DEC_HP_ELEC_gwp22,TS_DEC_HP_ELEC,21.62,,,51.39298,,51.889147,28.282574,2.381279,7.73042,0.516976,2.973228,1.851948,0.795173,0.218587
33_IS_Techno_TS_DEC_HP_ELEC_gwp22,TS_DEC_HP_ELEC,22.12,,,51.392982,,51.485171,28.040279,0.194532,7.73042,12.678591,9.912955,1.722816,0.533724,3.195444
34_IS_Techno_TS_DEC_HP_ELEC_gwp23,TS_DEC_HP_ELEC,22.62,,,51.392977,,51.477168,27.977829,15.091324,7.73042,7.859648,14.40665,3.234737,35.555399,40.834163
35_IS_Techno_TS_DEC_HP_ELEC_gwp23,TS_DEC_HP_ELEC,23.12,,,51.392977,,52.677063,27.99771,4.731138,7.73042,6.768833,10.116736,2.811421,0.281034,2.179157
36_IS_Techno_TS_DEC_HP_ELEC_gwp24,TS_DEC_HP_ELEC,23.62,,,51.392969,,53.00567,28.051114,0.221112,7.730421,6.792271,21.186197,6.800241,0.889754,4.219287
37_IS_Techno_TS_DEC_HP_ELEC_gwp24,TS_DEC_HP_ELEC,24.12,,,51.060807,,51.613772,27.933428,7.912972,7.73042,0.448828,3.845012,1.314507,0.456663,2.342022
38_IS_Techno_TS_DEC_HP_ELEC_gwp25,TS_DEC_HP_ELEC,24.62,,,51.060794,,52.621048,28.070347,1.088872,7.73042,8.509376,7.100733,3.365686,0.585605,0.336078
39_IS_Techno_TS_DEC_HP_ELEC_gwp25,TS_DEC_HP_ELEC,25.12,,,50.5641,,52.349523,28.125582,30.540701,7.730419,0.5578,6.261344,2.562385,0.768027,0.484737
40_IS_Techno_TS_DEC_HP_ELEC_gwp26,TS_DEC_HP_ELEC,25.62,,,50.481098,,51.596497,28.15261,7.189056,7.73042,0.192401,6.752974,2.517445,0.17509,0.926786
41_IS_Techno_TS_DEC_HP_ELEC_gwp26,TS_DEC_HP_ELEC,26.12,,,50.212189,,51.54078,28.00566,0.070012,7.730421,0.438823,10.799767,4.824838,1.807119,2.344468
42_IS_Techno_TS_DEC_HP_ELEC_gwp27,TS_DEC_HP_ELEC,26.62,,,47.804205,,51.497671,28.059347,44.081781,7.730421,9.245586,10.414066,5.898943,1.455241,0.511801
43_IS_Techno_TS_DEC_HP_ELEC_gwp27,TS_DEC_HP_ELEC,27.12,,,43.68335,,52.326417,28.177828,32.982576,7.73042,3.274715,3.5737,1.735537,9.020746,1.911606
44_IS_Techno_TS_DEC_HP_ELEC_gwp28,TS_DEC_HP_ELEC,27.62,,,42.245532,,53.163924,28.178254,15.087495,7.73042,1.429527,5.88766,2.493871,0.214697,0.177765
45_IS_Techno_TS_DEC_HP_ELEC_gwp28,TS_DEC_HP_ELEC,28.12,,,39.526041,,52.33863,28.113631,12.68278,7.73042,1.287811,5.947461,2.961475,0.352006,0.218971
46_IS_Techno_TS_DEC_HP_ELEC_gwp29,TS_DEC_HP_ELEC,28.62,,,38.205183,,51.542882,28.216697,3.597752,7.730421,5.643368,4.3666,2.826154,0.298144,0.194397
47_IS_Techno_TS_DEC_HP_ELEC_gwp29,TS_DEC_HP_ELEC,29.12,,,37.31116,,51.665313,28.233718,13.199179,7.73042,1.041234,5.350002,2.269812,0.41656,0.950672
48_IS_Techno_TS_DEC_HP_ELEC_gwp30,TS_DEC_HP_ELEC,29.62,,,36.435635,,52.295508,28.019693,5.051933,7.73042,17.782017,5.563997,2.393186,1.753178,3.54447
49_IS_Techno_TS_DEC_HP_ELEC_gwp30,TS_DEC_HP_ELEC,30.12,,,35.226533,,51.962361,28.054914,5.307944,7.73042,0.580938,9.09954,2.521372,3.506729,0.665882
50_IS_Techno_TS_DEC_HP_ELEC_gwp31,TS_DEC_HP_ELEC,30.62,,,35.091066,,51.690816,28.019539,34.514697,7.730421,9.960469,3.741361,2.221404,0.451747,1.659077
51_IS_Techno_TS_DEC_HP_ELEC_gwp31,TS_DEC_HP_ELEC,31.12,,,32.865974,,51.494194,27.969387,44.025814,7.73042,9.415518,16.928598,5.156382,1.496997,5.0854
52_IS_Techno_TS_DEC_HP_ELEC_gwp32,TS_DEC_HP_ELEC,31.62,,,32.863224,,51.546278,28.109034,8.121225,7.73042,1.446495,8.475664,4.195829,0.755409,0.178085
53_IS_Techno_TS_DEC_HP_ELEC_gwp32,TS_DEC_HP_ELEC,32.120000000000005,,,29.835915,,52.22937,28.102784,63.136695,7.73042,0.549139,3.911118,2.059064,1.487752,0.199486
54_IS_Techno_TS_DEC_HP_ELEC_gwp33,TS_DEC_HP_ELEC,32.620000000000005,,,28.79172,,62.46303,28.048171,10.392575,7.73042,1.687281,5.154673,2.394058,4.869776,0.681273
55_IS_Techno_TS_DEC_HP_ELEC_gwp33,TS_DEC_HP_ELEC,33.120000000000005,,,28.791345,,51.563875,28.280982,13.500914,7.73042,1.737838,3.657444,1.904937,0.695774,0.196879
56_IS_Techno_TS_DEC_HP_ELEC_gwp34,TS_DEC_HP_ELEC,33.620000000000005,,,28.007197,,51.506302,28.323632,3.854485,7.730421,1.850553,2.887056,2.299956,0.51505,0.371265
57_IS_Techno_TS_DEC_HP_ELEC_gwp34,TS_DEC_HP_ELEC,34.120000000000005,,,26.429913,,55.517878,28.009829,95.999816,7.73042,13.458623,5.964751,1.701092,2.061247,1.878019
58_IS_Techno_TS_DEC_HP_ELEC_gwp35,TS_DEC_HP_ELEC,34.620000000000005,,,24.924526,,51.4825,28.064821,22.199408,7.73042,2.185019,7.800282,2.956069,1.276094,2.353189
59_IS_Techno_TS_DEC_HP_ELEC_gwp35,TS_DEC_HP_ELEC,35.120000000000005,,,24.484236,,54.350116,28.033994,55.602814,7.73042,5.691142,8.015712,3.14469,0.204094,7.873227
60_IS_Techno_TS_DEC_HP_ELEC_gwp36,TS_DEC_HP_ELEC,35.620000000000005,,,24.201289,,51.491952,28.128039,4.831623,7.730421,0.85586,6.747911,2.844578,0.4645,0.175558
61_IS_Techno_TS_DEC_HP_ELEC_gwp36,TS_DEC_HP_ELEC,36.120000000000005,,,23.792374,,55.344402,28.028224,4.059517,7.73042,4.703267,7.143402,2.891462,0.16727,4.782546
62_IS_Techno_TS_DEC_HP_ELEC_gwp37,TS_DEC_HP_ELEC,36.620000000000005,,,22.734353,,54.493118,28.038736,6.363733,7.73042,5.551497,8.948298,3.750687,3.149598,10.690081
63_IS_Techno_TS_DEC_HP_ELEC_gwp37,TS_DEC_HP_ELEC,37.120000000000005,,,22.623434,,58.613649,28.136477,0.625333,7.73042,17.950037,8.638073,2.441685,8.096031,4.936075
64_IS_Techno_TS_DEC_HP_ELEC_gwp38,TS_DEC_HP_ELEC,37.620000000000005,,,22.013643,,53.088402,28.068583,12.864131,7.73042,7.705543,8.891318,2.204873,0.275499,1.807465
65_IS_Techno_TS_DEC_HP_ELEC_gwp38,TS_DEC_HP_ELEC,38.120000000000005,,,21.875328,,56.788483,28.035539,16.593879,7.73042,17.306092,6.992929,3.592678,0.387039,5.409843
66_IS_Techno_TS_DEC_HP_ELEC_gwp39,TS_DEC_HP_ELEC,38.620000000000005,,,21.14502,,51.476339,28.049162,4.814634,7.730421,0.351847,13.435468,2.828483,0.30384,3.408099
67_IS_Techno_TS_DEC_HP_ELEC_gwp39,TS_DEC_HP_ELEC,39.120000000000005,,,20.767891,,57.353882,28.028224,10.058211,7.73042,16.094419,7.25156,4.422495,0.397763,5.507493
68_IS_Techno_TS_DEC_HP_ELEC_gwp40,TS_DEC_HP_ELEC,39.620000000000005,,,19.416696,,51.498072,28.120502,13.989248,7.73042,0.655914,6.040365,4.072737,0.986808,7.233372
69_IS_Techno_TS_DEC_HP_ELEC_gwp40,TS_DEC_HP_ELEC,40.120000000000005,,,18.661368,,56.860097,28.045376,54.32216,7.73042,4.743104,7.044913,2.235334,0.625712,0.811728
70_IS_Techno_TS_DEC_HP_ELEC_gwp41,TS_DEC_HP_ELEC,40.620000000000005,,,16.721437,,51.775159,28.031715,18.366589,7.730421,0.367521,36.280797,8.616109,0.363696,4.956852
71_IS_Techno_TS_DEC_HP_ELEC_gwp41,TS_DEC_HP_ELEC,41.120000000000005,,,15.838651,,51.775116,28.037449,7.429723,7.730421,1.774226,15.478872,6.21594,1.66722,7.420927
72_IS_Techno_TS_DEC_HP_ELEC_gwp42,TS_DEC_HP_ELEC,41.620000000000005,,,14.406691,,56.5833,28.021684,17.164961,7.73042,6.308311,7.664021,2.076137,3.449434,1.619981
73_IS_Techno_TS_DEC_HP_ELEC_gwp42,TS_DEC_HP_ELEC,42.120000000000005,,,14.22965,,51.509381,28.02216,42.581735,7.730421,12.057306,23.036135,6.188822,5.76849,1.287757
74_IS_Techno_TS_DEC_HP_ELEC_gwp43,TS_DEC_HP_ELEC,42.620000000000005,,,14.072642,,57.697578,28.04934,5.740353,7.73042,17.142714,8.504541,1.476501,8.616591,3.569214
75_IS_Techno_TS_DEC_HP_ELEC_gwp43,TS_DEC_HP_ELEC,43.120000000000005,,,13.931757,,51.519284,28.221603,13.064867,7.73042,1.462032,6.177877,2.285226,1.013298,0.189342
76_IS_Techno_TS_DEC_HP_ELEC_gwp44,TS_DEC_HP_ELEC,43.620000000000005,,,13.931763,,51.941828,28.130922,26.430204,7.730421,1.415048,13.324353,3.338433,0.577823,2.921826
77_IS_Techno_TS_DEC_HP_ELEC_gwp44,TS_DEC_HP_ELEC,44.120000000000005,,,13.931753,,55.764175,28.059703,14.720176,7.73042,4.584837,6.006627,4.175603,0.231951,11.40619
78_IS_Techno_TS_DEC_HP_ELEC_gwp45,TS_DEC_HP_ELEC,44.620000000000005,,,13.931607,,51.480821,28.055972,4.099846,7.730421,0.684667,6.548589,2.431525,1.674478,0.173907
79_IS_Techno_TS_DEC_HP_ELEC_gwp45,TS_DEC_HP_ELEC,45.120000000000005,,,13.86746,,51.641035,28.15634,5.22477,7.73042,0.718807,5.907389,2.592292,1.584528,18.482091
80_IS_Techno_TS_DEC_HP_ELEC_gwp46,TS_DEC_HP_ELEC,45.620000000000005,,,13.164309,,52.742084,28.182102,2.173887,7.730421,4.229028,5.760696,2.018964,3.327431,0.320428
81_IS_Techno_TS_DEC_HP_ELEC_gwp46,TS_DEC_HP_ELEC,46.120000000000005,,,12.879354,,51.477711,28.01149,13.454897,7.73042,1.483814,10.173229,5.4774,1.955306,2.304373
82_IS_Techno_TS_DEC_HP_ELEC_gwp47,TS_DEC_HP_ELEC,46.620000000000005,,,12.806892,,51.507197,28.084287,16.9777,7.730421,4.153081,9.003773,1.327889,0.229921,0.117706
83_IS_Techno_TS_DEC_HP_ELEC_gwp47,TS_DEC_HP_ELEC,47.120000000000005,,,12.806859,,51.562024,28.260281,3.987037,7.730421,3.121014,2.44341,2.058673,0.217887,0.737151
84_IS_Techno_TS_DEC_HP_ELEC_gwp48,TS_DEC_HP_ELEC,47.620000000000005,,,11.66947,,51.484302,28.025243,36.176643,7.73042,6.347612,9.065516,4.096332,2.194886,0.469327
85_IS_Techno_TS_DEC_HP_ELEC_gwp48,TS_DEC_HP_ELEC,48.120000000000005,,,11.669408,,51.596906,28.053283,8.857945,7.730421,1.178692,41.415128,6.617454,1.607895,3.784762
86_IS_Techno_TS_DEC_HP_ELEC_gwp49,TS_DEC_HP_ELEC,48.620000000000005,,,11.102609,,51.502376,28.137698,34.383402,7.73042,16.281389,4.749305,2.563164,1.403751,6.589706
87_IS_Techno_TS_DEC_HP_ELEC_gwp49,TS_DEC_HP_ELEC,49.120000000000005,,,10.428001,,52.658112,28.210822,12.835309,7.73042,1.147321,5.311648,3.546424,0.796634,0.769571
88_IS_Techno_TS_DEC_HP_ELEC_gwp50,TS_DEC_HP_ELEC,49.620000000000005,,,10.427894,,51.483332,28.049497,35.921947,7.73042,0.637598,6.390735,6.160435,0.269662,0.299815
89_IS_Techno_TS_DEC_HP_ELEC_gwp50,TS_DEC_HP_ELEC,50.120000000000005,,,10.127141,,52.46943,28.105703,16.954564,7.73042,1.129922,5.771905,2.840247,1.237205,0.250961
90_IS_Techno_TS_DEC_HP_ELEC_gwp51,TS_DEC_HP_ELEC,50.620000000000005,,,9.487992,,52.08968,28.043193,41.288519,7.73042,14.54412,9.2599,2.244125,5.055457,0.529711
91_IS_Techno_TS_DEC_HP_ELEC_gwp51,TS_DEC_HP_ELEC,51.120000000000005,,,9.111747,,52.570856,28.073313,1.791619,7.730421,12.624006,7.039788,1.498222,14.940626,17.316729
92_IS_Techno_TS_DEC_HP_ELEC_gwp52,TS_DEC_HP_ELEC,51.620000000000005,,,8.870797,,53.175828,28.067897,6.126648,7.73042,7.460355,5.785008,1.492752,2.154187,0.179806
93_IS_Techno_TS_DEC_HP_ELEC_gwp52,TS_DEC_HP_ELEC,52.120000000000005,,,8.425881,,51.478809,28.048511,1.682247,7.73042,6.391759,8.787967,1.764547,1.143549,18.085326
94_IS_Techno_TS_DEC_HP_ELEC_gwp53,TS_DEC_HP_ELEC,52.620000000000005,,,8.260691,,52.194655,28.135837,2.433876,7.730421,4.227509,13.532205,13.244791,4.196125,21.68962
95_IS_Techno_TS_DEC_HP_ELEC_gwp53,TS_DEC_HP_ELEC,53.120000000000005,,,7.833676,,51.507799,28.068935,0.876545,7.73042,10.797308,8.325933,1.599069,14.347788,5.282866
96_IS_Techno_TS_DEC_HP_ELEC_gwp54,TS_DEC_HP_ELEC,53.620000000000005,,,7.604426,,57.897971,28.151472,5.226604,7.730421,1.936712,6.083798,1.925646,0.367355,2.689495
97_IS_Techno_TS_DEC_HP_ELEC_gwp54,TS_DEC_HP_ELEC,54.120000000000005,,,7.147217,,51.846118,28.020292,31.754597,7.73042,8.699444,8.530526,1.179091,0.771141,1.827113
98_IS_Techno_TS_DEC_HP_ELEC_gwp55,TS_DEC_HP_ELEC,54.620000000000005,,,7.145629,,51.496957,28.240181,9.929068,7.73042,8.93204,3.48302,2.415517,1.052729,2.612085
99_IS_Techno_TS_DEC_HP_ELEC_gwp55,TS_DEC_HP_ELEC,55.120000000000005,,,6.358328,,52.407167,28.039028,13.244967,7.73042,20.788024,6.212654,2.547584,7.447251,4.585674
100_IS_Techno_TS_DEC_HP_ELEC_gwp56,TS_DEC_HP_ELEC,55.620000000000005,,,5.859141,,52.257106,28.169778,0.171737,7.730421,2.323616,4.530302,3.910108,0.368948,0.931772
101_IS_Techno_TS_DEC_HP_ELEC_gwp56,TS_DEC_HP_ELEC,56.120000000000005,,,5.097703,,52.715311,28.018724,5.267971,7.73042,3.409263,5.533793,3.838724,0.220881,1.323412
102_IS_Techno_TS_DEC_HP_ELEC_gwp57,TS_DEC_HP_ELEC,56.620000000000005,,,5.097546,,52.204868,28.230692,0.220527,7.73042,0.440504,5.186249,2.217477,0.948213,0.196448
103_IS_Techno_TS_DEC_HP_ELEC_gwp57,TS_DEC_HP_ELEC,57.120000000000005,,,4.656323,,52.112529,28.08187,0.717949,7.73042,0.10053,6.503139,2.401885,1.142719,2.335396
104_IS_Techno_TS_DEC_HP_ELEC_gwp58,TS_DEC_HP_ELEC,57.620000000000005,,,3.967301,,53.352498,28.033722,3.813149,7.73042,3.51908,6.428257,3.347488,0.601958,6.131076
105_IS_Techno_TS_DEC_HP_ELEC_gwp58,TS_DEC_HP_ELEC,58.120000000000005,,,3.535044,,56.145725,28.01883,5.054711,7.73042,5.763478,8.115488,2.908267,0.232052,4.46434
106_IS_Techno_TS_DEC_HP_ELEC_gwp59,TS_DEC_HP_ELEC,58.620000000000005,,,3.408895,,56.670643,28.053731,24.754785,7.73042,14.16843,5.747028,0.945933,13.442511,10.528895
107_IS_Techno_TS_DEC_HP_ELEC_gwp59,TS_DEC_HP_ELEC,59.120000000000005,,,3.408891,,52.638592,28.18301,0.192919,7.73042,2.257298,4.168238,2.131064,0.233173,2.256826
108_IS_Techno_TS_DEC_HP_ELEC_gwp60,TS_DEC_HP_ELEC,59.620000000000005,,,3.408895,,54.074895,28.044518,14.512985,7.73042,4.940013,6.647748,2.096699,0.288329,4.544357
109_IS_Techno_TS_DEC_HP_ELEC_gwp60,TS_DEC_HP_ELEC,60.120000000000005,,,3.40889,,51.513523,28.273199,2.376455,7.73042,1.51622,2.829345,1.938791,0.499,1.969121
110_IS_Techno_TS_DEC_HP_ELEC_gwp61,TS_DEC_HP_ELEC,60.620000000000005,,,3.408906,,51.492338,28.116346,10.794278,7.73042,4.588424,12.803982,3.975611,5.146089,0.629944
111_IS_Techno_TS_DEC_HP_ELEC_gwp61,TS_DEC_HP_ELEC,61.120000000000005,,,3.40889,,51.504349,28.258809,26.598619,7.73042,0.268987,3.642633,1.651736,0.190006,0.278152
112_IS_Techno_TS_DEC_HP_ELEC_gwp62,TS_DEC_HP_ELEC,61.620000000000005,,,3.408893,,51.593582,28.007505,3.097638,7.73042,15.006961,6.203732,4.375255,1.578066,0.481052
113_IS_Techno_TS_DEC_HP_ELEC_gwp62,TS_DEC_HP_ELEC,62.120000000000005,,,3.408826,,53.352637,28.138286,4.985223,7.73042,3.267194,5.660083,3.08245,1.290544,5.778544
114_IS_Techno_TS_DEC_HP_ELEC_gwp63,TS_DEC_HP_ELEC,62.620000000000005,,,3.217061,,54.288834,28.066822,0.986405,7.73042,4.635274,6.840603,2.301202,0.295266,7.030186
115_IS_Techno_TS_DEC_HP_ELEC_gwp63,TS_DEC_HP_ELEC,63.120000000000005,,,3.217055,,51.499462,28.240279,2.157616,7.730421,2.29942,3.030485,11.778698,1.760488,0.202207
116_IS_Techno_TS_DEC_HP_ELEC_gwp64,TS_DEC_HP_ELEC,63.620000000000005,,,3.217054,,52.021954,28.031698,12.935954,7.73042,2.10019,4.964777,2.898839,0.721372,3.313473
117_IS_Techno_TS_DEC_HP_ELEC_gwp64,TS_DEC_HP_ELEC,64.12,,,3.217057,,51.484271,28.017127,0.918004,7.73042,24.109787,5.227148,24.399349,0.386893,1.179929
118_IS_Techno_TS_DEC_HP_ELEC_gwp65,TS_DEC_HP_ELEC,64.62,,,3.216995,,51.821306,28.030083,17.393354,7.730421,5.308696,2.931576,12.909019,3.141726,0.157102
119_IS_Techno_TS_DEC_HP_ELEC_gwp65,TS_DEC_HP_ELEC,65.12,,,2.718693,,52.107966,28.064117,6.818187,7.73042,2.820885,7.36239,2.792837,1.012649,3.723744
120_IS_Techno_TS_DEC_HP_ELEC_gwp66,TS_DEC_HP_ELEC,65.62,,,2.329472,,52.625237,28.008278,27.836866,7.730421,5.001067,4.64059,22.372532,0.375794,14.703514
121_IS_Techno_TS_DEC_HP_ELEC_gwp66,TS_DEC_HP_ELEC,66.12,,,2.329469,,51.499225,28.038256,11.75011,7.73042,6.874155,4.453351,22.493744,0.975863,0.102695
122_IS_Techno_TS_DEC_HP_ELEC_gwp67,TS_DEC_HP_ELEC,66.62,,,2.329149,,51.51589,28.148157,2.918953,7.730421,0.31966,4.158607,16.938782,0.85071,2.326012
123_IS_Techno_TS_DEC_HP_ELEC_gwp67,TS_DEC_HP_ELEC,67.12,,,2.256984,,51.520705,28.129991,23.960667,7.73042,1.764189,4.584461,3.329472,1.376251,0.363481
124_IS_Techno_TS_DEC_HP_ELEC_gwp68,TS_DEC_HP_ELEC,67.62,,,2.256962,,51.52829,28.255356,5.254844,7.73042,2.545071,11.452261,33.429983,2.446413,0.313284
125_IS_Techno_TS_DEC_HP_ELEC_gwp68,TS_DEC_HP_ELEC,68.12,,,2.256953,,52.100591,28.111394,0.995792,7.730421,16.434482,3.950534,18.079449,1.187027,0.239829
126_IS_Techno_TS_DEC_HP_ELEC_gwp69,TS_DEC_HP_ELEC,68.62,,,2.256963,,51.479303,28.041168,6.263237,7.73042,0.631486,6.460089,2.78405,1.955555,0.21184
127_IS_Techno_TS_DEC_HP_ELEC_gwp69,TS_DEC_HP_ELEC,69.12,,,2.141823,,51.746111,28.062272,31.709356,7.730421,3.706769,3.157687,12.400984,2.099929,0.200927
128_IS_Techno_TS_DEC_HP_ELEC_gwp70,TS_DEC_HP_ELEC,69.62,,,2.141703,,51.557665,28.12853,3.595585,7.73042,0.068328,5.309601,18.242032,1.503833,0.699356
129_IS_Techno_TS_DEC_HP_ELEC_gwp70,TS_DEC_HP_ELEC,70.12,,,2.141704,,51.481458,28.078074,16.207757,7.73042,0.465197,11.382945,4.395271,0.372819,1.108083
130_IS_Techno_TS_DEC_HP_ELEC_gwp71,TS_DEC_HP_ELEC,70.62,,,2.141704,,51.494426,28.141796,22.859619,7.73042,0.890541,6.098165,4.137817,1.134742,0.920381
131_IS_Techno_TS_DEC_HP_ELEC_gwp71,TS_DEC_HP_ELEC,71.12,,,2.141705,,54.422446,28.216918,16.132233,7.730421,9.332967,2.851808,7.930912,1.518498,1.540363
132_IS_Techno_TS_DEC_HP_ELEC_gwp72,TS_DEC_HP_ELEC,71.62,,,2.141704,,51.483203,28.107781,7.530394,7.73042,0.424121,10.186419,2.719264,0.620047,1.656015
133_IS_Techno_TS_DEC_HP_ELEC_gwp72,TS_DEC_HP_ELEC,72.12,,,2.141704,,54.905326,28.021378,13.308596,7.73042,10.905254,8.776755,1.493279,3.162398,0.781634
134_IS_Techno_TS_DEC_HP_ELEC_gwp73,TS_DEC_HP_ELEC,72.62,,,2.141702,,51.493744,28.273208,1.926949,7.73042,1.488598,8.924988,2.168549,0.543667,3.186923
135_IS_Techno_TS_DEC_HP_ELEC_gwp73,TS_DEC_HP_ELEC,73.12,,,2.141703,,55.566587,28.075852,0.526997,7.73042,5.252254,6.970334,3.075034,0.194196,3.236112
136_IS_Techno_TS_DEC_HP_ELEC_gwp74,TS_DEC_HP_ELEC,73.62,,,2.141703,,53.555357,28.137176,12.206568,7.730421,6.014824,4.487133,14.711604,5.281617,3.92681
137_IS_Techno_TS_DEC_HP_ELEC_gwp74,TS_DEC_HP_ELEC,74.12,,,2.141704,,51.483986,28.047561,15.842265,7.730421,1.37459,6.084813,4.542526,1.313936,2.197261
138_IS_Techno_TS_DEC_HP_ELEC_gwp75,TS_DEC_HP_ELEC,74.62,,,2.1417,,51.502672,28.07194,0.623111,7.73042,22.378733,8.722916,2.214197,4.443479,0.656411
139_IS_Techno_TS_DEC_HP_ELEC_gwp75,TS_DEC_HP_ELEC,75.12,,,2.141701,,51.491808,28.119143,1.498499,7.730421,0.27384,8.525589,3.556633,1.575845,0.728161
140_IS_Techno_TS_DEC_HP_ELEC_gwp76,TS_DEC_HP_ELEC,75.62,,,2.141702,,51.509648,28.362741,0.248462,7.730421,0.217543,2.769682,1.71473,0.310268,0.643106
141_IS_Techno_TS_DEC_HP_ELEC_gwp76,TS_DEC_HP_ELEC,76.12,,,2.141699,,51.48665,28.048593,1.468003,7.73042,0.452211,11.667692,4.010402,2.621475,1.03979
142_IS_Techno_TS_DEC_HP_ELEC_gwp77,TS_DEC_HP_ELEC,76.62,,,2.141701,,51.492615,28.010828,0.124432,7.730421,31.075477,5.253721,22.237772,1.716498,0.388919
143_IS_Techno_TS_DEC_HP_ELEC_gwp77,TS_DEC_HP_ELEC,77.12,,,2.141703,,51.48545,28.022968,33.533506,7.730421,0.240846,8.760725,4.126239,1.385791,0.323729
144_IS_Techno_TS_DEC_HP_ELEC_gwp78,TS_DEC_HP_ELEC,77.62,,,2.141703,,53.357747,28.007666,5.598425,7.73042,10.588678,5.878952,19.826051,0.467191,6.699695
145_IS_Techno_TS_DEC_HP_ELEC_gwp78,TS_DEC_HP_ELEC,78.12,,,2.141704,,51.490777,28.094729,22.560624,7.73042,0.552993,13.999841,3.691054,2.640997,3.111562
146_IS_Techno_TS_DEC_HP_ELEC_gwp79,TS_DEC_HP_ELEC,78.62,,,2.141702,,51.594709,28.077355,9.333175,7.730421,8.449744,1.68916,26.294251,0.908262,1.711573
147_IS_Techno_TS_DEC_HP_ELEC_gwp79,TS_DEC_HP_ELEC,79.12,,,2.141703,,51.47925,28.037906,0.523172,7.73042,0.482426,12.683071,2.568889,1.227019,4.021137
148_IS_Techno_TS_DEC_HP_ELEC_gwp80,TS_DEC_HP_ELEC,79.62,,,2.141704,,51.493246,28.12944,2.676078,7.73042,0.420495,10.297777,3.900708,0.922162,2.730293
149_IS_Techno_TS_DEC_HP_ELEC_gwp80,TS_DEC_HP_ELEC,80.12,,,2.141667,,51.502673,28.076197,27.796242,7.730421,0.351432,14.246224,3.337284,0.594018,1.443
150_IS_Techno_TS_DEC_HP_ELEC_gwp81,TS_DEC_HP_ELEC,80.62,,,2.141694,,51.516547,28.119251,23.856039,7.730421,0.315957,7.876984,3.122924,1.412237,0.524807
151_IS_Techno_TS_DEC_HP_ELEC_gwp81,TS_DEC_HP_ELEC,81.12,,,2.141662,,51.476524,27.996859,8.809231,7.730421,23.399319,15.463192,2.209329,2.777839,3.519649
0_IS_Techno_TS_HIGH_TEMP_gwp6,TS_HIGH_TEMP,5.89,,,,70.194919,56.161505,28.090075,44.258186,7.730421,12.272722,7.524514,2.641781,5.374193,1.57431
1_IS_Techno_TS_HIGH_TEMP_gwp6,TS_HIGH_TEMP,6.39,,,,70.19607,52.332663,28.081395,6.829807,7.73042,8.042018,7.392707,2.211802,0.378203,0.352587
2_IS_Techno_TS_HIGH_TEMP_gwp7,TS_HIGH_TEMP,6.89,,,,70.195915,53.027496,27.972353,24.016292,7.73042,27.752267,6.095467,3.603484,12.951589,0.649579
3_IS_Techno_TS_HIGH_TEMP_gwp7,TS_HIGH_TEMP,7.39,,,,70.195057,51.481357,28.140255,6.295076,7.730421,5.633333,5.748968,1.618582,0.772383,0.144602
4_IS_Techno_TS_HIGH_TEMP_gwp8,TS_HIGH_TEMP,7.89,,,,70.194379,51.475198,27.974974,25.712546,7.730421,14.367449,12.241984,0.985539,2.131299,1.144141
5_IS_Techno_TS_HIGH_TEMP_gwp8,TS_HIGH_TEMP,8.39,,,,70.1944,52.956144,28.014963,7.058626,7.730421,12.216966,20.278769,2.918496,0.363016,0.414394
6_IS_Techno_TS_HIGH_TEMP_gwp9,TS_HIGH_TEMP,8.89,,,,70.195149,51.979928,27.99763,9.496161,7.73042,19.04431,12.856732,37.232708,0.148311,0.584109
7_IS_Techno_TS_HIGH_TEMP_gwp9,TS_HIGH_TEMP,9.39,,,,70.194569,51.478722,28.183197,76.823072,7.73042,14.874892,4.385851,1.491535,12.405536,1.262711
8_IS_Techno_TS_HIGH_TEMP_gwp10,TS_HIGH_TEMP,9.89,,,,70.19435,59.058517,34.70265,2.505538,7.73042,1.301623,1.854307,1.402162,2.381213,0.862526
9_IS_Techno_TS_HIGH_TEMP_gwp10,TS_HIGH_TEMP,10.39,,,,70.195954,56.773445,30.778345,23.583243,7.73042,0.149973,1.620649,2.870059,3.215175,1.117583
10_IS_Techno_TS_HIGH_TEMP_gwp11,TS_HIGH_TEMP,10.89,,,,70.194496,51.508386,36.437722,43.003166,7.730421,1.942661,2.058126,4.030485,0.668959,5.668501
11_IS_Techno_TS_HIGH_TEMP_gwp11,TS_HIGH_TEMP,11.39,,,,70.19239,51.476124,37.082857,19.859718,7.730421,0.571103,7.732033,9.455355,0.627998,5.938337
12_IS_Techno_TS_HIGH_TEMP_gwp12,TS_HIGH_TEMP,11.89,,,,70.193786,61.085178,35.547299,5.017758,7.730421,8.654986,1.531352,8.268913,8.61265,8.390958
13_IS_Techno_TS_HIGH_TEMP_gwp12,TS_HIGH_TEMP,12.39,,,,70.194482,51.502502,32.78285,13.168949,7.730421,3.193459,2.575153,9.038679,0.234551,0.387018
14_IS_Techno_TS_HIGH_TEMP_gwp13,TS_HIGH_TEMP,12.89,,,,70.194542,51.477555,40.874695,16.972047,7.730421,5.304291,1.724827,16.645297,0.232455,0.395237
15_IS_Techno_TS_HIGH_TEMP_gwp13,TS_HIGH_TEMP,13.39,,,,70.193413,52.255339,39.462354,39.954593,7.73042,5.097463,2.080082,2.428943,0.223385,0.145834
16_IS_Techno_TS_HIGH_TEMP_gwp14,TS_HIGH_TEMP,13.89,,,,70.193587,51.483004,42.761446,4.586849,7.73042,1.214768,1.894215,1.631759,8.735,0.41917
17_IS_Techno_TS_HIGH_TEMP_gwp14,TS_HIGH_TEMP,14.39,,,,70.178646,53.881375,46.763061,8.448385,7.730421,5.06233,2.31582,1.314815,4.713376,0.519388
18_IS_Techno_TS_HIGH_TEMP_gwp15,TS_HIGH_TEMP,14.89,,,,70.190213,51.709986,35.492537,13.525873,7.730421,0.141435,2.247316,2.128291,0.204149,0.129604
19_IS_Techno_TS_HIGH_TEMP_gwp15,TS_HIGH_TEMP,15.39,,,,70.187598,60.541139,37.323277,8.379909,7.73042,17.081141,15.443431,14.092793,1.925282,2.122003
20_IS_Techno_TS_HIGH_TEMP_gwp16,TS_HIGH_TEMP,15.89,,,,70.184172,54.939543,35.434802,37.722181,7.730421,5.020393,3.127815,5.774591,2.352177,1.190839
21_IS_Techno_TS_HIGH_TEMP_gwp16,TS_HIGH_TEMP,16.39,,,,70.155442,51.476788,37.421606,0.131611,7.730421,0.393307,7.293595,6.502258,1.007551,16.197909
22_IS_Techno_TS_HIGH_TEMP_gwp17,TS_HIGH_TEMP,16.89,,,,70.192175,51.497993,54.934184,41.612789,7.73042,13.139554,5.000033,19.669993,0.437524,1.394932
23_IS_Techno_TS_HIGH_TEMP_gwp17,TS_HIGH_TEMP,17.39,,,,70.180225,51.486948,72.623088,21.882309,7.73042,3.021254,5.933605,2.827328,8.438776,16.894302
24_IS_Techno_TS_HIGH_TEMP_gwp18,TS_HIGH_TEMP,17.89,,,,70.178891,51.481084,51.132241,0.058275,7.73042,15.4762,4.471515,1.474415,1.341444,9.055658
25_IS_Techno_TS_HIGH_TEMP_gwp18,TS_HIGH_TEMP,18.39,,,,70.084603,51.55077,50.391507,35.89019,7.730421,2.53593,2.244811,1.532739,9.747983,0.860758
26_IS_Techno_TS_HIGH_TEMP_gwp19,TS_HIGH_TEMP,18.89,,,,70.069644,51.646162,28.105765,16.251426,7.73042,0.627963,4.923284,7.869341,0.347928,0.456233
27_IS_Techno_TS_HIGH_TEMP_gwp19,TS_HIGH_TEMP,19.39,,,,70.069675,53.835152,28.053961,86.63145,7.73042,5.208007,11.841384,1.822197,0.188223,0.13345
28_IS_Techno_TS_HIGH_TEMP_gwp20,TS_HIGH_TEMP,19.89,,,,70.067383,51.57146,28.151033,3.322804,7.730421,3.378573,5.509919,2.046303,0.906283,10.271134
29_IS_Techno_TS_HIGH_TEMP_gwp20,TS_HIGH_TEMP,20.39,,,,70.05704,52.093779,28.141215,8.647944,7.730421,1.849971,3.945894,5.020056,9.365206,6.679523
30_IS_Techno_TS_HIGH_TEMP_gwp21,TS_HIGH_TEMP,20.89,,,,70.054967,51.491919,28.349605,18.825996,7.730421,16.548934,4.461736,7.037254,0.877263,0.890264
31_IS_Techno_TS_HIGH_TEMP_gwp21,TS_HIGH_TEMP,21.39,,,,70.052794,51.476102,63.82261,18.414301,7.730421,5.107785,3.301558,3.820695,7.299635,0.385142
32_IS_Techno_TS_HIGH_TEMP_gwp22,TS_HIGH_TEMP,21.89,,,,70.053127,51.486739,45.600287,11.259113,7.730421,1.994069,1.812785,2.618246,0.288052,0.458663
33_IS_Techno_TS_HIGH_TEMP_gwp22,TS_HIGH_TEMP,22.39,,,,70.050387,54.408677,51.489238,1.148394,7.73042,4.949706,4.907726,2.223862,0.204637,0.168223
34_IS_Techno_TS_HIGH_TEMP_gwp23,TS_HIGH_TEMP,22.89,,,,70.042891,55.382722,42.653751,20.074706,7.730421,1.059694,1.838585,3.110941,0.14983,0.302256
35_IS_Techno_TS_HIGH_TEMP_gwp23,TS_HIGH_TEMP,23.39,,,,70.044336,51.582634,58.680008,28.942069,7.730421,7.970637,1.182843,3.490668,9.237572,0.358681
36_IS_Techno_TS_HIGH_TEMP_gwp24,TS_HIGH_TEMP,23.89,,,,70.044587,51.587511,48.755571,14.506957,7.730421,27.595275,1.815916,1.946933,0.072165,0.280862
37_IS_Techno_TS_HIGH_TEMP_gwp24,TS_HIGH_TEMP,24.39,,,,70.044958,51.64134,35.80718,2.66908,7.730421,0.599982,2.469194,3.451108,0.248135,0.68938
38_IS_Techno_TS_HIGH_TEMP_gwp25,TS_HIGH_TEMP,24.89,,,,70.043571,53.007897,59.555254,5.008037,7.73042,0.229321,8.172164,5.960771,1.103654,4.641704
39_IS_Techno_TS_HIGH_TEMP_gwp25,TS_HIGH_TEMP,25.39,,,,70.04255,52.197095,54.332913,2.290791,7.73042,30.030229,1.127326,2.589133,0.844431,0.829908
40_IS_Techno_TS_HIGH_TEMP_gwp26,TS_HIGH_TEMP,25.89,,,,69.998775,55.592705,41.515205,29.849569,7.730421,4.34754,2.12604,2.473165,0.525638,0.174666
41_IS_Techno_TS_HIGH_TEMP_gwp26,TS_HIGH_TEMP,26.39,,,,69.944904,51.491466,65.225004,8.465137,7.73042,2.144737,4.845566,9.160336,0.624896,0.279085
42_IS_Techno_TS_HIGH_TEMP_gwp27,TS_HIGH_TEMP,26.89,,,,69.869235,51.983398,83.637832,23.201389,7.730421,0.828928,4.259398,13.889089,1.282681,9.582492
43_IS_Techno_TS_HIGH_TEMP_gwp27,TS_HIGH_TEMP,27.39,,,,69.781344,51.566092,41.125353,0.736814,7.730421,1.614439,1.447362,4.026426,1.509231,1.791878
44_IS_Techno_TS_HIGH_TEMP_gwp28,TS_HIGH_TEMP,27.89,,,,69.767534,51.505534,39.449133,12.456252,7.730421,2.240334,2.312959,4.014977,0.370134,0.444892
45_IS_Techno_TS_HIGH_TEMP_gwp28,TS_HIGH_TEMP,28.39,,,,69.758011,51.494203,52.324542,16.642406,7.730421,0.162855,1.603096,3.830259,0.416412,1.432484
46_IS_Techno_TS_HIGH_TEMP_gwp29,TS_HIGH_TEMP,28.89,,,,69.754675,51.632131,39.049597,8.124155,7.730421,1.459406,2.998352,4.195166,0.357407,0.533786
47_IS_Techno_TS_HIGH_TEMP_gwp29,TS_HIGH_TEMP,29.39,,,,69.716063,51.482153,33.41819,6.573489,7.730421,0.391866,3.492146,2.180972,0.316669,0.18849
48_IS_Techno_TS_HIGH_TEMP_gwp30,TS_HIGH_TEMP,29.89,,,,69.693682,53.789475,37.943471,20.372919,7.73042,15.301399,5.771234,3.109974,6.582817,0.118548
49_IS_Techno_TS_HIGH_TEMP_gwp30,TS_HIGH_TEMP,30.39,,,,69.681392,51.561182,28.477305,0.299872,7.73042,0.301408,1.669038,1.651385,0.22518,0.275363
50_IS_Techno_TS_HIGH_TEMP_gwp31,TS_HIGH_TEMP,30.89,,,,69.614724,51.547094,43.025847,24.09918,7.73042,3.793569,4.944362,4.10336,3.946301,3.928223
51_IS_Techno_TS_HIGH_TEMP_gwp31,TS_HIGH_TEMP,31.39,,,,69.245858,51.571846,32.995594,1.481084,7.730422,0.510534,3.781855,3.26272,0.592041,2.295804
52_IS_Techno_TS_HIGH_TEMP_gwp32,TS_HIGH_TEMP,31.89,,,,69.279357,51.657397,29.980684,0.635832,7.73042,0.528801,2.56631,2.213894,0.583852,0.215297
53_IS_Techno_TS_HIGH_TEMP_gwp32,TS_HIGH_TEMP,32.39,,,,69.268748,57.19664,32.725711,0.342183,7.73042,0.702104,3.377242,3.096336,0.948155,0.223187
54_IS_Techno_TS_HIGH_TEMP_gwp33,TS_HIGH_TEMP,32.89,,,,69.238708,56.927152,33.349068,1.677547,7.73042,6.61721,2.525666,1.779416,1.448808,2.161406
55_IS_Techno_TS_HIGH_TEMP_gwp33,TS_HIGH_TEMP,33.39,,,,69.21629,53.780991,33.902475,1.405389,7.73042,0.911716,3.080096,2.194595,0.182072,0.162611
56_IS_Techno_TS_HIGH_TEMP_gwp34,TS_HIGH_TEMP,33.89,,,,68.958966,53.756022,33.563428,20.610473,7.730421,1.68668,2.492678,4.6366,19.598563,2.014094
57_IS_Techno_TS_HIGH_TEMP_gwp34,TS_HIGH_TEMP,34.39,,,,68.642511,57.041126,47.877149,16.417401,7.73042,20.015513,3.261738,13.533682,16.812045,0.372904
58_IS_Techno_TS_HIGH_TEMP_gwp35,TS_HIGH_TEMP,34.89,,,,68.623708,55.266143,40.438122,39.775556,7.73042,6.886107,2.429934,9.757682,7.752805,0.605472
59_IS_Techno_TS_HIGH_TEMP_gwp35,TS_HIGH_TEMP,35.39,,,,67.569095,51.485605,40.051847,11.179981,7.730421,0.59893,2.275736,6.900621,5.112823,0.704146
60_IS_Techno_TS_HIGH_TEMP_gwp36,TS_HIGH_TEMP,35.89,,,,67.552282,51.479421,53.386508,16.771387,7.730421,1.690615,1.45163,3.885819,0.815903,1.010255
61_IS_Techno_TS_HIGH_TEMP_gwp36,TS_HIGH_TEMP,36.39,,,,67.215438,60.097665,39.400407,2.715661,7.730421,13.37062,4.030349,5.283085,0.450881,11.278041
62_IS_Techno_TS_HIGH_TEMP_gwp37,TS_HIGH_TEMP,36.89,,,,66.741138,51.530517,41.005779,5.158553,7.730421,0.249176,3.175736,10.572751,0.279373,1.187137
63_IS_Techno_TS_HIGH_TEMP_gwp37,TS_HIGH_TEMP,37.39,,,,66.741098,51.51072,39.007293,22.897801,7.730421,5.245347,3.884018,2.615691,1.291878,0.558023
64_IS_Techno_TS_HIGH_TEMP_gwp38,TS_HIGH_TEMP,37.89,,,,66.657793,51.48961,33.48299,0.617543,7.730421,0.143075,3.231937,2.18303,0.357926,0.258232
65_IS_Techno_TS_HIGH_TEMP_gwp38,TS_HIGH_TEMP,38.39,,,,66.656926,52.649714,31.046002,1.377082,7.730421,3.458261,2.370058,1.821324,19.110213,1.767393
66_IS_Techno_TS_HIGH_TEMP_gwp39,TS_HIGH_TEMP,38.89,,,,66.53685,52.17202,28.305207,2.745009,7.730421,0.300684,2.179927,6.519993,0.196523,0.219968
67_IS_Techno_TS_HIGH_TEMP_gwp39,TS_HIGH_TEMP,39.39,,,,66.490324,51.73842,69.213072,39.697717,7.73042,3.945875,3.46147,2.626081,5.015392,0.562339
68_IS_Techno_TS_HIGH_TEMP_gwp40,TS_HIGH_TEMP,39.89,,,,66.315212,56.153622,67.320431,15.294383,7.730421,8.977767,9.647017,9.739831,7.312769,3.569047
69_IS_Techno_TS_HIGH_TEMP_gwp40,TS_HIGH_TEMP,40.39,,,,66.219105,52.921549,36.563069,18.182741,7.730421,3.660721,2.72859,1.392464,2.041162,0.874767
70_IS_Techno_TS_HIGH_TEMP_gwp41,TS_HIGH_TEMP,40.89,,,,65.890592,51.503681,35.001616,1.642194,7.730421,0.248599,1.789592,2.508396,0.684126,0.355308
71_IS_Techno_TS_HIGH_TEMP_gwp41,TS_HIGH_TEMP,41.39,,,,65.811603,57.894246,28.033711,12.64864,7.730421,13.923708,6.471023,3.138451,16.366757,5.363007
72_IS_Techno_TS_HIGH_TEMP_gwp42,TS_HIGH_TEMP,41.89,,,,65.602218,55.132674,35.594776,40.841505,7.730421,3.445635,1.274051,1.166166,11.845616,2.817794
73_IS_Techno_TS_HIGH_TEMP_gwp42,TS_HIGH_TEMP,42.39,,,,65.570672,51.481677,56.217085,1.809837,7.730421,0.460472,1.293997,7.494653,1.280155,5.529548
74_IS_Techno_TS_HIGH_TEMP_gwp43,TS_HIGH_TEMP,42.89,,,,65.556769,55.140298,82.855754,29.323941,7.730421,19.721657,2.266609,9.671289,0.391794,1.336667
75_IS_Techno_TS_HIGH_TEMP_gwp43,TS_HIGH_TEMP,43.39,,,,65.523213,51.616954,29.721701,19.898634,7.73042,2.935721,2.569966,17.197709,0.177715,0.107089
76_IS_Techno_TS_HIGH_TEMP_gwp44,TS_HIGH_TEMP,43.89,,,,65.522994,51.491049,32.3126,8.723842,7.730421,35.610734,7.283435,1.532722,6.019923,4.235502
77_IS_Techno_TS_HIGH_TEMP_gwp44,TS_HIGH_TEMP,44.39,,,,65.522771,51.476196,54.690152,4.824025,7.730421,1.062989,6.239673,2.858524,1.763326,8.025318
78_IS_Techno_TS_HIGH_TEMP_gwp45,TS_HIGH_TEMP,44.89,,,,65.470976,51.477879,28.088468,22.66717,7.730421,1.392472,3.179108,2.680487,6.189905,1.107262
79_IS_Techno_TS_HIGH_TEMP_gwp45,TS_HIGH_TEMP,45.39,,,,65.468821,51.510384,28.043257,7.783786,7.73042,8.646178,2.124004,6.299071,0.429538,0.099652
80_IS_Techno_TS_HIGH_TEMP_gwp46,TS_HIGH_TEMP,45.89,,,,65.384386,51.496204,27.960885,31.037319,7.730421,3.98046,0.607759,2.872255,1.683389,3.927427
81_IS_Techno_TS_HIGH_TEMP_gwp46,TS_HIGH_TEMP,46.39,,,,63.092399,56.430473,27.97173,48.490641,7.73042,13.690104,0.936214,4.501054,1.029504,0.882113
82_IS_Techno_TS_HIGH_TEMP_gwp47,TS_HIGH_TEMP,46.89,,,,62.065415,53.376939,27.994771,9.196252,7.730421,0.247482,4.50034,3.669075,0.251562,0.197914
83_IS_Techno_TS_HIGH_TEMP_gwp47,TS_HIGH_TEMP,47.39,,,,61.985746,51.500535,28.237655,10.45744,7.730421,2.228568,4.579795,2.055757,1.285871,1.494977
84_IS_Techno_TS_HIGH_TEMP_gwp48,TS_HIGH_TEMP,47.89,,,,61.966026,52.307444,28.150818,20.078141,7.730421,2.089111,6.426736,3.323968,0.444265,2.166013
85_IS_Techno_TS_HIGH_TEMP_gwp48,TS_HIGH_TEMP,48.39,,,,61.952669,51.565043,32.715762,4.846165,7.730421,0.938929,2.541069,2.468479,0.475127,8.896644
86_IS_Techno_TS_HIGH_TEMP_gwp49,TS_HIGH_TEMP,48.89,,,,61.834567,51.507234,33.051732,3.523137,7.730421,0.466751,1.411149,8.454363,1.289764,0.350182
87_IS_Techno_TS_HIGH_TEMP_gwp49,TS_HIGH_TEMP,49.39,,,,61.81399,54.14057,37.815713,19.324203,7.730421,5.149114,2.404033,3.002701,0.433993,0.129476
88_IS_Techno_TS_HIGH_TEMP_gwp50,TS_HIGH_TEMP,49.89,,,,61.024483,51.476531,45.3194,18.105244,7.730421,9.27232,4.722942,8.750142,0.474719,1.323306
89_IS_Techno_TS_HIGH_TEMP_gwp50,TS_HIGH_TEMP,50.39,,,,60.822086,51.54537,32.884934,42.980746,7.730421,3.040053,1.948702,8.603002,1.505104,0.66507
90_IS_Techno_TS_HIGH_TEMP_gwp51,TS_HIGH_TEMP,50.89,,,,60.555871,54.340672,34.495454,2.364902,7.730421,2.678261,2.329855,7.75369,0.768726,0.902525
91_IS_Techno_TS_HIGH_TEMP_gwp51,TS_HIGH_TEMP,51.39,,,,60.550749,52.014669,32.470254,12.032736,7.73042,0.097429,2.194581,11.232692,0.085962,1.058495
92_IS_Techno_TS_HIGH_TEMP_gwp52,TS_HIGH_TEMP,51.89,,,,60.520979,52.273659,30.604109,33.838448,7.730421,26.188101,1.714745,4.992422,5.721932,0.938388
93_IS_Techno_TS_HIGH_TEMP_gwp52,TS_HIGH_TEMP,52.39,,,,60.106529,51.889178,33.715646,10.735692,7.73042,7.075027,2.549277,2.804986,0.892302,0.201178
94_IS_Techno_TS_HIGH_TEMP_gwp53,TS_HIGH_TEMP,52.89,,,,60.03595,52.02371,34.643751,14.48146,7.730421,3.03896,1.850885,3.306115,6.073405,4.638464
95_IS_Techno_TS_HIGH_TEMP_gwp53,TS_HIGH_TEMP,53.39,,,,59.980254,51.476047,33.548161,34.16839,7.730421,2.189719,1.479891,1.819254,6.180345,0.313506
96_IS_Techno_TS_HIGH_TEMP_gwp54,TS_HIGH_TEMP,53.89,,,,59.601149,59.554516,33.034702,42.309936,7.730421,10.374336,1.753208,1.505823,4.443827,2.419412
97_IS_Techno_TS_HIGH_TEMP_gwp54,TS_HIGH_TEMP,54.39,,,,59.501786,54.568561,32.64745,10.134773,7.730421,6.831882,1.94542,6.86062,0.55286,1.167216
98_IS_Techno_TS_HIGH_TEMP_gwp55,TS_HIGH_TEMP,54.89,,,,59.449108,57.967601,33.956719,10.202881,7.73042,8.553831,1.458343,1.320372,7.551502,0.267229
99_IS_Techno_TS_HIGH_TEMP_gwp55,TS_HIGH_TEMP,55.39,,,,58.820612,51.567285,31.078485,13.294603,7.73042,1.264227,3.012306,2.140633,0.655414,4.216255
100_IS_Techno_TS_HIGH_TEMP_gwp56,TS_HIGH_TEMP,55.89,,,,57.605677,55.825117,41.11059,43.662094,7.73042,36.507403,2.48207,1.223278,11.119676,2.161932
101_IS_Techno_TS_HIGH_TEMP_gwp56,TS_HIGH_TEMP,56.39,,,,55.034117,51.47877,37.180086,0.223595,7.730421,1.076426,1.487083,2.433059,0.933098,2.188864
102_IS_Techno_TS_HIGH_TEMP_gwp57,TS_HIGH_TEMP,56.89,,,,51.956413,51.475014,42.551656,0.159108,7.730421,1.721291,1.51168,2.712366,0.612276,6.746417
103_IS_Techno_TS_HIGH_TEMP_gwp57,TS_HIGH_TEMP,57.39,,,,47.139384,53.169728,33.067702,18.871951,7.730421,9.924912,1.844323,2.858908,0.441003,2.685057
104_IS_Techno_TS_HIGH_TEMP_gwp58,TS_HIGH_TEMP,57.89,,,,43.205371,51.483493,36.120997,14.121347,7.730421,1.179398,1.700015,2.426634,0.734722,1.536534
105_IS_Techno_TS_HIGH_TEMP_gwp58,TS_HIGH_TEMP,58.39,,,,41.621723,51.48946,36.30497,12.822288,7.73042,10.872969,1.31943,1.355228,0.266151,2.331844
106_IS_Techno_TS_HIGH_TEMP_gwp59,TS_HIGH_TEMP,58.89,,,,40.75187,51.483947,36.62947,8.640491,7.730421,2.205199,1.745478,2.781398,1.112756,2.74004
107_IS_Techno_TS_HIGH_TEMP_gwp59,TS_HIGH_TEMP,59.39,,,,40.654324,51.474199,37.768699,1.007627,7.730421,1.319127,1.035197,1.530397,0.48038,2.054086
108_IS_Techno_TS_HIGH_TEMP_gwp60,TS_HIGH_TEMP,59.89,,,,40.41302,51.480962,37.532598,2.910996,7.730421,1.372485,1.594588,2.806907,2.148096,3.153612
109_IS_Techno_TS_HIGH_TEMP_gwp60,TS_HIGH_TEMP,60.39,,,,39.664122,51.491191,36.978096,0.127743,7.730421,0.956639,1.708785,2.571987,1.180817,1.947277
110_IS_Techno_TS_HIGH_TEMP_gwp61,TS_HIGH_TEMP,60.89,,,,39.227111,51.480061,36.490057,1.003234,7.730421,0.063727,1.319326,2.088291,1.445872,1.59934
111_IS_Techno_TS_HIGH_TEMP_gwp61,TS_HIGH_TEMP,61.39,,,,38.983771,51.479814,35.35516,0.370147,7.730421,2.130988,1.8172,2.525048,0.524367,0.748067
112_IS_Techno_TS_HIGH_TEMP_gwp62,TS_HIGH_TEMP,61.89,,,,38.641419,51.483493,34.909899,15.400221,7.730421,3.114984,1.397534,2.078336,2.390383,0.233434
113_IS_Techno_TS_HIGH_TEMP_gwp62,TS_HIGH_TEMP,62.39,,,,38.513002,52.7845,29.970448,24.792508,7.730421,14.053152,2.70745,1.453551,5.093862,7.037814
114_IS_Techno_TS_HIGH_TEMP_gwp63,TS_HIGH_TEMP,62.89,,,,38.017103,51.480564,35.329091,0.361613,7.730421,0.550698,1.643479,2.252714,3.727938,1.47721
115_IS_Techno_TS_HIGH_TEMP_gwp63,TS_HIGH_TEMP,63.39,,,,37.740954,52.444975,30.795592,42.823689,7.730421,3.540355,1.446817,3.830124,4.779583,0.310663
116_IS_Techno_TS_HIGH_TEMP_gwp64,TS_HIGH_TEMP,63.89,,,,35.481879,51.493185,33.435285,1.185619,7.730421,1.275064,1.812499,2.454551,1.076834,1.254805
117_IS_Techno_TS_HIGH_TEMP_gwp64,TS_HIGH_TEMP,64.39,,,,34.567718,51.48008,36.168273,42.856335,7.730421,1.684717,1.774604,2.431575,0.454133,0.772043
118_IS_Techno_TS_HIGH_TEMP_gwp65,TS_HIGH_TEMP,64.89,,,,32.415398,51.53137,44.806397,0.498204,7.730421,1.218467,1.94106,3.940332,1.002461,9.918091
119_IS_Techno_TS_HIGH_TEMP_gwp65,TS_HIGH_TEMP,65.39,,,,31.243773,51.474178,38.272243,37.400211,7.730421,0.886641,1.520137,2.437654,0.732878,9.464045
120_IS_Techno_TS_HIGH_TEMP_gwp66,TS_HIGH_TEMP,65.89,,,,31.090781,51.485003,35.289741,2.751848,7.730421,1.104284,1.633727,2.142093,0.529987,2.21982
121_IS_Techno_TS_HIGH_TEMP_gwp66,TS_HIGH_TEMP,66.39,,,,30.954462,51.476298,41.865808,9.722342,7.730421,1.95343,1.748823,4.216622,2.803134,4.0513
122_IS_Techno_TS_HIGH_TEMP_gwp67,TS_HIGH_TEMP,66.89,,,,30.850178,51.483279,40.056496,15.992398,7.730421,0.635554,1.462445,2.606567,0.828473,10.267461
123_IS_Techno_TS_HIGH_TEMP_gwp67,TS_HIGH_TEMP,67.39,,,,29.768432,56.004819,34.566969,15.747494,7.730421,2.926564,1.304013,1.433259,5.238793,1.086737
124_IS_Techno_TS_HIGH_TEMP_gwp68,TS_HIGH_TEMP,67.89,,,,29.276855,51.692554,38.468748,6.4569,7.73042,1.109853,2.002549,2.142043,1.711106,0.859341
125_IS_Techno_TS_HIGH_TEMP_gwp68,TS_HIGH_TEMP,68.39,,,,28.903463,51.505804,35.352237,62.166391,7.730421,1.411802,1.623551,1.857028,0.274459,0.256864
126_IS_Techno_TS_HIGH_TEMP_gwp69,TS_HIGH_TEMP,68.89,,,,26.554069,52.015284,40.517187,5.880375,7.730421,7.102476,2.185249,1.754697,0.121171,0.426817
127_IS_Techno_TS_HIGH_TEMP_gwp69,TS_HIGH_TEMP,69.39,,,,23.37958,56.253764,33.586277,6.243058,7.730421,7.722192,2.008041,1.739515,0.294553,0.081641
128_IS_Techno_TS_HIGH_TEMP_gwp70,TS_HIGH_TEMP,69.89,,,,16.946282,51.490884,33.550451,3.042673,7.730421,3.264821,2.000269,1.967259,1.008045,7.094668
129_IS_Techno_TS_HIGH_TEMP_gwp70,TS_HIGH_TEMP,70.39,,,,15.652629,51.652918,30.341071,0.692157,7.730421,0.46407,1.68129,1.647266,0.433535,0.232347
130_IS_Techno_TS_HIGH_TEMP_gwp71,TS_HIGH_TEMP,70.89,,,,13.797611,51.58941,34.920816,20.716694,7.730421,6.525047,1.969218,2.031611,2.178975,3.401473
131_IS_Techno_TS_HIGH_TEMP_gwp71,TS_HIGH_TEMP,71.39,,,,13.36677,51.525347,38.864171,12.959177,7.730421,1.705861,1.42682,3.226235,1.232046,0.141154
132_IS_Techno_TS_HIGH_TEMP_gwp72,TS_HIGH_TEMP,71.89,,,,13.303761,51.56726,33.426602,21.408992,7.730421,3.102001,1.866361,1.605119,0.70837,3.307095
133_IS_Techno_TS_HIGH_TEMP_gwp72,TS_HIGH_TEMP,72.39,,,,13.272818,51.545352,32.712184,11.235602,7.730421,1.849663,3.2527,3.405386,0.361275,1.628394
134_IS_Techno_TS_HIGH_TEMP_gwp73,TS_HIGH_TEMP,72.89,,,,12.750209,51.488786,32.047951,4.499805,7.730421,2.838162,1.405258,2.793876,0.317275,1.415602
135_IS_Techno_TS_HIGH_TEMP_gwp73,TS_HIGH_TEMP,73.39,,,,11.965335,53.407205,33.16715,12.203166,7.730421,5.661904,1.70052,3.393144,1.707516,3.267201
136_IS_Techno_TS_HIGH_TEMP_gwp74,TS_HIGH_TEMP,73.89,,,,10.696631,51.514712,34.635222,0.973249,7.730421,1.258839,2.274527,4.106585,1.25058,3.447231
137_IS_Techno_TS_HIGH_TEMP_gwp74,TS_HIGH_TEMP,74.39,,,,9.230522,55.534098,31.818395,7.76846,7.730421,5.234425,1.968057,3.141961,1.396497,2.044711
138_IS_Techno_TS_HIGH_TEMP_gwp75,TS_HIGH_TEMP,74.89,,,,9.048855,52.910937,31.873951,10.616152,7.730421,3.686709,1.801479,3.233696,0.368486,1.011205
139_IS_Techno_TS_HIGH_TEMP_gwp75,TS_HIGH_TEMP,75.39,,,,7.999893,54.553353,35.039807,17.8354,7.730421,0.314445,2.069311,2.962288,0.168661,0.268907
140_IS_Techno_TS_HIGH_TEMP_gwp76,TS_HIGH_TEMP,75.89,,,,7.754414,51.597358,31.415868,0.823942,7.730421,1.084424,1.772602,2.757974,2.141921,1.603375
141_IS_Techno_TS_HIGH_TEMP_gwp76,TS_HIGH_TEMP,76.39,,,,7.30406,51.815178,34.684525,0.11166,7.730421,3.62201,1.600613,2.76488,2.42443,7.893391
142_IS_Techno_TS_HIGH_TEMP_gwp77,TS_HIGH_TEMP,76.89,,,,7.065467,53.88625,33.207639,14.443535,7.730421,7.094817,1.775281,2.819075,0.648798,5.089733
143_IS_Techno_TS_HIGH_TEMP_gwp77,TS_HIGH_TEMP,77.39,,,,6.65259,51.499102,42.380169,8.306673,7.73042,0.155277,1.336968,5.174564,2.345851,0.189298
144_IS_Techno_TS_HIGH_TEMP_gwp78,TS_HIGH_TEMP,77.89,,,,5.984117,53.534696,31.934321,18.120285,7.730421,0.194228,1.551652,2.63552,5.49752,0.244415
145_IS_Techno_TS_HIGH_TEMP_gwp78,TS_HIGH_TEMP,78.39,,,,5.755116,51.487385,31.489534,4.406723,7.730421,1.086174,3.047742,2.973664,0.522468,2.202363
146_IS_Techno_TS_HIGH_TEMP_gwp79,TS_HIGH_TEMP,78.89,,,,5.686573,51.503735,32.250708,6.829338,7.730421,10.057144,1.714566,4.012182,4.973994,1.343687
147_IS_Techno_TS_HIGH_TEMP_gwp79,TS_HIGH_TEMP,79.39,,,,5.675345,51.489887,30.379055,5.098123,7.730421,24.829016,2.9099,1.977251,2.102228,2.891134
148_IS_Techno_TS_HIGH_TEMP_gwp80,TS_HIGH_TEMP,79.89,,,,5.063675,53.097758,32.751652,12.471213,7.73042,8.726241,1.553673,1.764483,2.315907,1.751487
149_IS_Techno_TS_HIGH_TEMP_gwp80,TS_HIGH_TEMP,80.39,,,,5.062448,51.480923,35.375596,1.834215,7.730421,1.737044,1.43498,3.55632,1.663457,9.862405
150_IS_Techno_TS_HIGH_TEMP_gwp81,TS_HIGH_TEMP,80.89,,,,4.808175,52.467374,30.115767,0.749523,7.730421,5.229616,1.962316,3.383501,4.032435,2.302831
151_IS_Techno_TS_HIGH_TEMP_gwp81,TS_HIGH_TEMP,81.39,,,,4.481282,51.610967,33.487822,43.176241,7.730421,8.260249,1.661555,2.042004,4.680279,0.836382
152_IS_Techno_TS_HIGH_TEMP_gwp82,TS_HIGH_TEMP,81.89,,,,4.190328,51.486705,29.732769,10.619847,7.730421,23.49006,1.532219,7.391465,1.541395,0.789764
153_IS_Techno_TS_HIGH_TEMP_gwp82,TS_HIGH_TEMP,82.39,,,,4.124152,51.484859,31.234784,34.638751,7.730421,4.175362,2.621682,1.948841,0.682597,1.786336
154_IS_Techno_TS_HIGH_TEMP_gwp83,TS_HIGH_TEMP,82.89,,,,4.071681,53.653138,34.073132,13.38918,7.730421,5.535131,1.652128,2.438856,0.79852,0.288655
155_IS_Techno_TS_HIGH_TEMP_gwp83,TS_HIGH_TEMP,83.39,,,,3.961291,55.184745,35.486392,3.684225,7.730421,0.825363,1.677219,2.331131,0.218342,1.651631
156_IS_Techno_TS_HIGH_TEMP_gwp84,TS_HIGH_TEMP,83.89,,,,3.730961,56.062047,32.995114,0.344677,7.730421,6.118674,1.375811,2.797294,0.250074,0.812863
157_IS_Techno_TS_HIGH_TEMP_gwp84,TS_HIGH_TEMP,84.39,,,,3.613785,53.402154,33.938577,19.810427,7.73042,0.483791,1.723661,3.292359,0.964051,0.444412
158_IS_Techno_TS_HIGH_TEMP_gwp85,TS_HIGH_TEMP,84.89,,,,3.5026,52.032865,33.83267,14.666222,7.730421,6.972958,1.289872,3.744764,2.70155,0.248617
159_IS_Techno_TS_HIGH_TEMP_gwp85,TS_HIGH_TEMP,85.39,,,,3.284891,51.484918,33.325307,5.837949,7.730421,3.766405,1.778147,2.547304,1.486878,12.588766
160_IS_Techno_TS_HIGH_TEMP_gwp86,TS_HIGH_TEMP,85.89,,,,2.859727,55.498903,33.447022,2.027154,7.73042,5.24165,6.475856,2.012961,0.320058,0.408475
161_IS_Techno_TS_HIGH_TEMP_gwp86,TS_HIGH_TEMP,86.39,,,,2.323582,51.515393,34.688672,3.689261,7.73042,0.854252,1.445966,1.660657,0.203291,0.276493
162_IS_Techno_TS_HIGH_TEMP_gwp87,TS_HIGH_TEMP,86.89,,,,1.716357,53.021819,38.554736,31.122842,7.73042,5.338393,1.124299,1.17043,0.926559,5.433639
163_IS_Techno_TS_HIGH_TEMP_gwp87,TS_HIGH_TEMP,87.39,,,,1.711782,52.061935,33.893487,0.308775,7.73042,3.420897,1.393826,1.711118,3.546295,0.137622
164_IS_Techno_TS_HIGH_TEMP_gwp88,TS_HIGH_TEMP,87.89,,,,1.377666,51.476567,35.777184,21.739554,7.73042,5.34384,1.468165,10.301506,8.390823,12.476378
165_IS_Techno_TS_HIGH_TEMP_gwp88,TS_HIGH_TEMP,88.39,,,,1.348176,51.48875,31.277959,8.231935,7.730421,1.304386,2.019598,2.766938,0.221574,2.04513
166_IS_Techno_TS_HIGH_TEMP_gwp89,TS_HIGH_TEMP,88.89,,,,1.347228,57.824705,30.224425,29.246009,7.730421,4.569839,1.606574,1.478384,14.218632,0.201021
167_IS_Techno_TS_HIGH_TEMP_gwp89,TS_HIGH_TEMP,89.39,,,,1.347146,52.920252,31.726645,32.179136,7.730421,15.877019,1.656891,3.178071,3.456367,3.077813
168_IS_Techno_TS_HIGH_TEMP_gwp90,TS_HIGH_TEMP,89.89,,,,1.345009,51.500806,35.472568,26.067483,7.73042,0.932829,1.191526,2.677357,0.629395,33.695298
169_IS_Techno_TS_HIGH_TEMP_gwp90,TS_HIGH_TEMP,90.39,,,,1.252681,53.186898,30.917437,32.266088,7.730421,1.444793,2.162479,2.148034,2.138355,0.412495
170_IS_Techno_TS_HIGH_TEMP_gwp91,TS_HIGH_TEMP,90.89,,,,1.076601,59.201765,35.934242,9.031954,7.730421,41.718668,0.87572,2.631945,6.27522,12.193548
171_IS_Techno_TS_HIGH_TEMP_gwp91,TS_HIGH_TEMP,91.39,,,,0.963708,54.518157,32.01479,15.591125,7.73042,1.244349,1.78511,2.082043,0.353823,0.565254
