folder,techno_modifiee,gwp_constr,f_H2_STORAGE,f_METHANOL_STORAGE,f_TRAIN_PUB,f_TRAMWAY_TROLLEY,f_BUS_COACH_HYDIESEL,f_BUS_COACH_DIESEL,f_BUS_COACH_FC_HYBRIDH2,f_BUS_COACH_CNG_STOICH
0_CAS_Techno_H2_STORAGE_gwp10,H2_STORAGE,9.9,10.088708,,19.188774,8.457797,6.168918,2.021854,1.233998,0.893273
1_CAS_Techno_H2_STORAGE_gwp11,H2_STORAGE,10.9,10.058576,,17.5572,8.304595,6.350836,1.361214,1.171402,1.048523
2_CAS_Techno_H2_STORAGE_gwp12,H2_STORAGE,11.9,6.523139,,16.962866,8.8281,6.821973,1.546454,0.952832,1.010408
3_CAS_Techno_H2_STORAGE_gwp13,H2_STORAGE,12.9,6.195603,,17.558665,11.119201,6.462534,1.057389,0.822404,0.903893
4_CAS_Techno_H2_STORAGE_gwp14,H2_STORAGE,13.9,2.642552,,17.993742,8.876229,6.242122,1.868598,0.652163,1.008796
5_CAS_Techno_H2_STORAGE_gwp14,H2_STORAGE,13.9,2.642552,,17.993742,8.876229,6.242122,1.868598,0.652163,1.008796
6_CAS_Techno_H2_STORAGE_gwp15,H2_STORAGE,14.9,2.642562,,16.842128,8.781028,6.691904,1.059495,0.950775,1.062591
7_CAS_Techno_H2_STORAGE_gwp16,H2_STORAGE,15.9,2.015834,,17.37918,8.595246,6.439935,1.132363,1.233174,1.014983
8_CAS_Techno_H2_STORAGE_gwp17,H2_STORAGE,16.9,2.013906,,17.191251,8.592533,6.177052,1.063387,0.835366,0.880482
9_CAS_Techno_H2_STORAGE_gwp18,H2_STORAGE,17.9,1.734996,,17.071265,8.482833,6.545821,0.918235,1.415029,0.901328
10_CAS_Techno_H2_STORAGE_gwp19,H2_STORAGE,18.9,1.734879,,17.611418,9.172902,6.190375,0.839765,0.921843,0.867974
11_CAS_Techno_H2_STORAGE_gwp20,H2_STORAGE,19.9,1.725915,,17.264487,8.916974,6.160245,1.259929,0.958195,1.047771
12_CAS_Techno_H2_STORAGE_gwp21,H2_STORAGE,20.9,1.725349,,18.22394,8.584346,6.158936,1.698888,1.107964,1.009658
13_CAS_Techno_H2_STORAGE_gwp22,H2_STORAGE,21.9,1.725392,,16.748119,8.137299,6.175919,0.98849,0.677944,0.990304
14_CAS_Techno_H2_STORAGE_gwp23,H2_STORAGE,22.9,1.725152,,17.318842,9.256638,10.537,1.85068,2.536465,1.024759
15_CAS_Techno_H2_STORAGE_gwp24,H2_STORAGE,23.9,1.725391,,17.148683,8.429391,6.349123,1.147004,0.955478,0.972309
16_CAS_Techno_H2_STORAGE_gwp25,H2_STORAGE,24.9,1.725357,,17.154059,8.495673,8.797419,0.80981,0.91771,0.898442
17_CAS_Techno_H2_STORAGE_gwp26,H2_STORAGE,25.9,1.725208,,17.113613,9.530751,7.839339,1.933685,1.348275,0.951913
18_CAS_Techno_H2_STORAGE_gwp27,H2_STORAGE,26.9,1.725378,,17.764772,9.008349,6.475769,0.656056,0.934583,0.931771
19_CAS_Techno_H2_STORAGE_gwp28,H2_STORAGE,27.9,1.72523,,16.573296,8.768251,6.98053,1.160698,0.997132,1.111372
20_CAS_Techno_H2_STORAGE_gwp29,H2_STORAGE,28.9,1.633097,,17.770501,8.537687,6.23166,6.228502,0.619639,1.019674
21_CAS_Techno_H2_STORAGE_gwp30,H2_STORAGE,29.9,1.413671,,17.666437,8.920755,6.370863,1.001662,1.214254,1.035541
22_CAS_Techno_H2_STORAGE_gwp31,H2_STORAGE,30.9,1.2058,,18.757698,8.999918,6.258418,1.270496,1.09427,0.835714
23_CAS_Techno_H2_STORAGE_gwp32,H2_STORAGE,31.9,1.197415,,16.537655,9.70284,6.193361,1.604374,1.283996,0.93248
24_CAS_Techno_H2_STORAGE_gwp33,H2_STORAGE,32.9,1.039529,,17.416319,9.705683,6.145339,1.375734,0.62971,0.990312
25_CAS_Techno_H2_STORAGE_gwp34,H2_STORAGE,33.9,1.039232,,16.819073,8.581505,6.193296,0.937898,1.779041,1.096925
26_CAS_Techno_H2_STORAGE_gwp35,H2_STORAGE,34.9,0.970062,,16.559495,8.552644,6.158935,0.971689,0.748923,0.933368
27_CAS_Techno_H2_STORAGE_gwp36,H2_STORAGE,35.9,0.969982,,16.710945,9.11581,6.60086,1.10246,0.493319,1.031329
28_CAS_Techno_H2_STORAGE_gwp37,H2_STORAGE,36.9,0.970134,,17.090588,8.501334,6.176227,1.454446,0.380947,1.12947
29_CAS_Techno_H2_STORAGE_gwp38,H2_STORAGE,37.9,0.970063,,17.828364,8.640274,6.406193,0.826115,0.6581,0.95745
0_CAS_Techno_METHANOL_STORAGE_gwp0,METHANOL_STORAGE,0.0057,,705.8927,17.159894,8.581383,6.18059,1.560395,0.584614,1.167332
1_CAS_Techno_METHANOL_STORAGE_gwp0,METHANOL_STORAGE,0.0063,,705.706574,18.345096,8.494393,6.285039,2.192451,0.500852,0.994515
2_CAS_Techno_METHANOL_STORAGE_gwp0,METHANOL_STORAGE,0.0069,,705.51959,16.532589,8.915871,6.632353,0.827781,0.751324,1.079495
3_CAS_Techno_METHANOL_STORAGE_gwp0,METHANOL_STORAGE,0.0075,,705.713824,18.634797,8.497007,7.146885,1.577239,1.64567,0.868487
4_CAS_Techno_METHANOL_STORAGE_gwp0,METHANOL_STORAGE,0.0081,,705.699781,16.668469,8.556898,6.179651,1.65401,0.865479,1.055248
5_CAS_Techno_METHANOL_STORAGE_gwp0,METHANOL_STORAGE,0.0087,,705.367461,17.432936,8.659083,6.279557,1.199546,0.998837,0.985806
6_CAS_Techno_METHANOL_STORAGE_gwp0,METHANOL_STORAGE,0.0093,,705.264284,18.251001,8.36949,6.1966,1.119981,2.234279,1.063314
7_CAS_Techno_METHANOL_STORAGE_gwp0,METHANOL_STORAGE,0.0098999999999999,,704.891871,19.699082,8.610382,7.511089,0.893795,0.563288,0.892633
8_CAS_Techno_METHANOL_STORAGE_gwp0,METHANOL_STORAGE,0.0104999999999999,,704.815238,17.044301,8.203964,6.166044,1.322234,1.568423,0.88434
9_CAS_Techno_METHANOL_STORAGE_gwp0,METHANOL_STORAGE,0.0110999999999999,,704.845317,17.593874,9.233228,8.236652,1.284733,1.008681,1.370869
10_CAS_Techno_METHANOL_STORAGE_gwp0,METHANOL_STORAGE,0.0116999999999999,,704.823624,17.090721,8.317379,6.37363,1.044309,1.29643,1.029482
11_CAS_Techno_METHANOL_STORAGE_gwp0,METHANOL_STORAGE,0.0122999999999999,,704.856845,16.596539,8.77397,6.201284,1.404735,1.198359,1.036646
12_CAS_Techno_METHANOL_STORAGE_gwp0,METHANOL_STORAGE,0.0128999999999999,,704.3533,17.863317,8.389621,6.173588,1.673431,0.814411,1.140406
13_CAS_Techno_METHANOL_STORAGE_gwp0,METHANOL_STORAGE,0.0134999999999999,,704.594545,16.55804,8.292248,6.170111,1.617577,0.912712,0.937948
14_CAS_Techno_METHANOL_STORAGE_gwp0,METHANOL_STORAGE,0.0140999999999999,,704.675872,16.827797,8.69895,6.882408,1.643755,1.518272,1.086652
15_CAS_Techno_METHANOL_STORAGE_gwp0,METHANOL_STORAGE,0.0146999999999999,,704.576791,16.85181,8.299629,6.194304,1.207315,2.567535,1.119735
16_CAS_Techno_METHANOL_STORAGE_gwp0,METHANOL_STORAGE,0.0152999999999999,,704.662193,16.57332,8.320047,6.178716,1.591339,0.890255,1.081989
17_CAS_Techno_METHANOL_STORAGE_gwp0,METHANOL_STORAGE,0.0158999999999999,,704.748134,17.600999,8.657007,6.217214,1.354754,0.804376,1.014666
18_CAS_Techno_METHANOL_STORAGE_gwp0,METHANOL_STORAGE,0.0164999999999999,,704.717843,16.734037,8.601003,6.254124,1.398334,0.820256,0.668973
19_CAS_Techno_METHANOL_STORAGE_gwp0,METHANOL_STORAGE,0.0170999999999999,,704.322033,18.319263,8.81349,6.161837,2.191966,2.753938,0.924379
20_CAS_Techno_METHANOL_STORAGE_gwp0,METHANOL_STORAGE,0.0176999999999999,,704.181652,16.771753,8.23362,6.180495,0.85527,0.607467,0.878835
21_CAS_Techno_METHANOL_STORAGE_gwp0,METHANOL_STORAGE,0.0182999999999999,,703.961925,17.155612,8.386644,6.266428,1.095226,7.762912,0.960051
22_CAS_Techno_METHANOL_STORAGE_gwp0,METHANOL_STORAGE,0.0188999999999999,,703.933445,18.074408,8.268028,6.182782,1.085604,0.748444,1.041999
23_CAS_Techno_METHANOL_STORAGE_gwp0,METHANOL_STORAGE,0.0194999999999999,,703.975836,16.861613,8.615559,6.215965,0.931085,0.768747,0.993047
24_CAS_Techno_METHANOL_STORAGE_gwp0,METHANOL_STORAGE,0.0200999999999999,,703.307434,16.875787,8.435538,6.137313,1.251457,0.771488,1.162975
25_CAS_Techno_METHANOL_STORAGE_gwp0,METHANOL_STORAGE,0.0206999999999999,,703.932042,16.580857,9.232424,6.168692,1.924878,1.260778,0.943361
26_CAS_Techno_METHANOL_STORAGE_gwp0,METHANOL_STORAGE,0.0212999999999999,,703.630482,16.540201,8.588468,6.138703,1.62635,1.013178,1.078806
27_CAS_Techno_METHANOL_STORAGE_gwp0,METHANOL_STORAGE,0.0218999999999999,,703.34944,18.672553,8.529306,7.412222,1.437382,1.010664,0.669242
28_CAS_Techno_METHANOL_STORAGE_gwp0,METHANOL_STORAGE,0.0224999999999999,,693.345514,17.467066,8.420521,6.684039,1.646557,1.250805,0.992984
29_CAS_Techno_METHANOL_STORAGE_gwp0,METHANOL_STORAGE,0.0230999999999999,,693.299736,16.596366,8.54253,6.140341,1.20728,0.769787,1.06483
30_CAS_Techno_METHANOL_STORAGE_gwp0,METHANOL_STORAGE,0.0236999999999999,,693.480223,17.793593,8.13623,6.184429,1.572306,0.716078,0.852259
31_CAS_Techno_METHANOL_STORAGE_gwp0,METHANOL_STORAGE,0.0242999999999999,,693.308309,16.594363,8.600148,6.236692,1.157033,0.579445,1.081152
32_CAS_Techno_METHANOL_STORAGE_gwp0,METHANOL_STORAGE,0.0248999999999999,,693.403546,16.747839,8.864196,6.189337,1.095447,0.858339,1.019887
33_CAS_Techno_METHANOL_STORAGE_gwp0,METHANOL_STORAGE,0.0254999999999999,,693.422415,17.497282,9.296367,6.137164,0.93458,0.449182,1.070909
34_CAS_Techno_METHANOL_STORAGE_gwp0,METHANOL_STORAGE,0.0260999999999999,,693.056923,16.53541,8.812907,6.321834,1.304448,0.706549,0.920278
35_CAS_Techno_METHANOL_STORAGE_gwp0,METHANOL_STORAGE,0.0266999999999999,,693.308896,18.462215,8.580598,6.305415,2.241378,0.92827,0.83216
36_CAS_Techno_METHANOL_STORAGE_gwp0,METHANOL_STORAGE,0.0272999999999999,,693.223428,18.25553,8.575287,6.409956,2.065171,2.137276,0.96697
37_CAS_Techno_METHANOL_STORAGE_gwp0,METHANOL_STORAGE,0.0278999999999999,,693.295175,17.462761,8.464861,6.167082,0.62644,0.685229,0.87536
38_CAS_Techno_METHANOL_STORAGE_gwp0,METHANOL_STORAGE,0.0284999999999999,,692.058195,22.868289,9.236339,6.428886,1.416212,4.323228,0.892567
39_CAS_Techno_METHANOL_STORAGE_gwp0,METHANOL_STORAGE,0.0290999999999999,,692.839738,18.759678,8.431228,6.153301,1.127431,0.984675,0.773791
40_CAS_Techno_METHANOL_STORAGE_gwp0,METHANOL_STORAGE,0.0296999999999999,,692.914507,17.916661,8.283494,6.294365,1.780633,1.150664,0.883241
41_CAS_Techno_METHANOL_STORAGE_gwp0,METHANOL_STORAGE,0.0302999999999999,,692.886426,16.541086,8.423068,6.202784,1.44764,7.880212,0.906385
42_CAS_Techno_METHANOL_STORAGE_gwp0,METHANOL_STORAGE,0.0308999999999999,,692.920038,19.397827,8.981466,6.131926,0.934457,0.957512,0.850863
43_CAS_Techno_METHANOL_STORAGE_gwp0,METHANOL_STORAGE,0.0314999999999999,,693.167661,16.682077,8.522063,6.141016,1.71003,1.621528,0.891003
44_CAS_Techno_METHANOL_STORAGE_gwp0,METHANOL_STORAGE,0.0321,,693.063372,17.334547,8.69687,9.833358,1.089254,1.153886,0.938394
45_CAS_Techno_METHANOL_STORAGE_gwp0,METHANOL_STORAGE,0.0327,,693.255615,17.656014,8.593518,6.307009,2.023835,1.120818,1.204468
46_CAS_Techno_METHANOL_STORAGE_gwp0,METHANOL_STORAGE,0.0333,,692.883323,17.48181,8.498019,6.596158,1.46889,0.727957,0.991902
47_CAS_Techno_METHANOL_STORAGE_gwp0,METHANOL_STORAGE,0.0339,,691.81756,16.529145,9.013474,6.905211,2.896868,1.110948,0.981081
48_CAS_Techno_METHANOL_STORAGE_gwp0,METHANOL_STORAGE,0.0345,,693.257752,16.560828,8.391021,6.402698,2.225223,2.360547,0.952788
49_CAS_Techno_METHANOL_STORAGE_gwp0,METHANOL_STORAGE,0.0351,,693.265576,18.78119,8.425267,6.419168,1.874271,0.546785,1.026063
50_CAS_Techno_METHANOL_STORAGE_gwp0,METHANOL_STORAGE,0.0357,,692.985235,18.149377,8.438643,6.167538,1.54386,1.395349,0.795339
51_CAS_Techno_METHANOL_STORAGE_gwp0,METHANOL_STORAGE,0.0363,,692.519081,17.68505,8.639825,6.503544,1.564474,1.666665,0.902297
52_CAS_Techno_METHANOL_STORAGE_gwp0,METHANOL_STORAGE,0.0369,,692.677798,20.896908,9.42717,6.656271,2.483662,0.510104,0.805868
53_CAS_Techno_METHANOL_STORAGE_gwp0,METHANOL_STORAGE,0.0375,,693.316565,16.611833,8.485362,6.198424,1.744808,1.139326,1.030829
54_CAS_Techno_METHANOL_STORAGE_gwp0,METHANOL_STORAGE,0.0381,,692.884035,16.607995,8.559699,6.203052,1.103555,2.176988,1.042642
55_CAS_Techno_METHANOL_STORAGE_gwp0,METHANOL_STORAGE,0.0387,,692.883866,17.53625,8.485721,6.327171,1.290733,1.09363,1.069712
56_CAS_Techno_METHANOL_STORAGE_gwp0,METHANOL_STORAGE,0.0393,,693.24508,17.93039,9.702984,6.224832,1.75646,2.025838,0.838035
57_CAS_Techno_METHANOL_STORAGE_gwp0,METHANOL_STORAGE,0.0399,,693.241519,17.24648,8.803178,6.503639,1.030241,0.757284,0.977081
58_CAS_Techno_METHANOL_STORAGE_gwp0,METHANOL_STORAGE,0.0405,,693.002448,17.841704,8.539458,6.401404,2.74149,1.291288,0.971715
59_CAS_Techno_METHANOL_STORAGE_gwp0,METHANOL_STORAGE,0.0411,,692.795009,17.189727,9.23834,6.239318,0.948192,0.952966,1.02756
60_CAS_Techno_METHANOL_STORAGE_gwp0,METHANOL_STORAGE,0.0417,,693.027189,17.349017,9.145225,6.139807,2.237394,0.75018,1.069243
61_CAS_Techno_METHANOL_STORAGE_gwp0,METHANOL_STORAGE,0.0423,,692.869815,17.769287,8.666564,6.187018,3.256954,0.578462,0.984213
62_CAS_Techno_METHANOL_STORAGE_gwp0,METHANOL_STORAGE,0.0429,,693.23644,17.051398,8.510058,6.258743,1.283614,1.844129,1.018874
63_CAS_Techno_METHANOL_STORAGE_gwp0,METHANOL_STORAGE,0.0435,,692.795455,17.273,8.223602,6.13521,1.127468,0.701872,0.914372
64_CAS_Techno_METHANOL_STORAGE_gwp0,METHANOL_STORAGE,0.0441,,692.370533,17.10432,8.307687,6.135555,1.11425,0.697767,0.968997
65_CAS_Techno_METHANOL_STORAGE_gwp0,METHANOL_STORAGE,0.0447,,692.990812,17.814978,8.587894,6.253796,1.661597,0.605998,1.065271
66_CAS_Techno_METHANOL_STORAGE_gwp0,METHANOL_STORAGE,0.0453,,692.499371,16.556573,8.850707,6.864723,1.967984,0.845537,0.954389
67_CAS_Techno_METHANOL_STORAGE_gwp0,METHANOL_STORAGE,0.0459,,692.2746,16.535588,8.411833,6.143675,1.212909,0.486025,0.758487
68_CAS_Techno_METHANOL_STORAGE_gwp0,METHANOL_STORAGE,0.0465,,693.063675,17.850936,8.588646,6.22498,1.938606,1.218732,1.209834
69_CAS_Techno_METHANOL_STORAGE_gwp0,METHANOL_STORAGE,0.0471,,692.71533,16.574258,8.264196,6.174159,0.848036,0.574749,0.854016
70_CAS_Techno_METHANOL_STORAGE_gwp0,METHANOL_STORAGE,0.0477,,692.962232,18.755675,8.477495,6.214776,1.070042,0.771339,0.903812
71_CAS_Techno_METHANOL_STORAGE_gwp0,METHANOL_STORAGE,0.0483,,691.835964,16.560463,8.653476,6.159197,2.017196,0.81878,0.630682
72_CAS_Techno_METHANOL_STORAGE_gwp0,METHANOL_STORAGE,0.0489,,691.960264,16.723905,8.441403,6.234272,1.654594,1.425915,1.135967
73_CAS_Techno_METHANOL_STORAGE_gwp0,METHANOL_STORAGE,0.0495,,691.650493,18.667037,8.68365,6.229335,2.019631,0.694391,0.984191
74_CAS_Techno_METHANOL_STORAGE_gwp0,METHANOL_STORAGE,0.0501,,692.059615,17.081312,8.280012,6.178763,1.08324,0.553058,1.085598
75_CAS_Techno_METHANOL_STORAGE_gwp0,METHANOL_STORAGE,0.0507000000000001,,691.599569,18.256803,8.466278,6.267503,1.931436,1.329835,1.106975
76_CAS_Techno_METHANOL_STORAGE_gwp0,METHANOL_STORAGE,0.0513000000000001,,691.835006,16.549252,8.381373,6.179842,1.559523,0.617951,1.161295
77_CAS_Techno_METHANOL_STORAGE_gwp0,METHANOL_STORAGE,0.0519000000000001,,691.886461,16.641738,8.373185,6.570406,2.527868,1.855236,0.93769
78_CAS_Techno_METHANOL_STORAGE_gwp0,METHANOL_STORAGE,0.0525000000000001,,691.656874,16.659392,8.529955,6.272352,0.941294,1.057238,1.076878
79_CAS_Techno_METHANOL_STORAGE_gwp0,METHANOL_STORAGE,0.0531000000000001,,691.822584,19.438582,9.844459,6.217362,4.017585,1.321359,0.966425
80_CAS_Techno_METHANOL_STORAGE_gwp0,METHANOL_STORAGE,0.0537000000000001,,691.579728,16.925564,8.393427,6.170433,1.450353,2.461681,0.965415
81_CAS_Techno_METHANOL_STORAGE_gwp0,METHANOL_STORAGE,0.0543000000000001,,691.557271,16.612935,10.274413,6.860796,1.563648,1.004673,0.898646
82_CAS_Techno_METHANOL_STORAGE_gwp0,METHANOL_STORAGE,0.0549000000000001,,691.779649,17.674132,8.403558,6.29858,1.042104,2.676657,0.900981
83_CAS_Techno_METHANOL_STORAGE_gwp0,METHANOL_STORAGE,0.0555000000000001,,691.592856,16.593164,8.789407,7.070756,1.387898,0.71814,1.178319
84_CAS_Techno_METHANOL_STORAGE_gwp0,METHANOL_STORAGE,0.0561000000000001,,691.35332,17.057883,8.447013,6.502939,0.934649,0.665672,0.96371
85_CAS_Techno_METHANOL_STORAGE_gwp0,METHANOL_STORAGE,0.0567000000000001,,691.454247,16.564103,8.172784,6.220633,1.330713,0.855807,1.061761
86_CAS_Techno_METHANOL_STORAGE_gwp0,METHANOL_STORAGE,0.0573000000000001,,691.470687,18.269933,8.599324,6.177868,1.181322,0.956775,1.013192
87_CAS_Techno_METHANOL_STORAGE_gwp0,METHANOL_STORAGE,0.0579000000000001,,691.535841,19.456769,9.246219,6.528097,2.435877,1.175689,0.866768
88_CAS_Techno_METHANOL_STORAGE_gwp0,METHANOL_STORAGE,0.0585000000000001,,691.675963,17.744847,8.212703,6.168942,1.015386,0.940936,0.953138
89_CAS_Techno_METHANOL_STORAGE_gwp0,METHANOL_STORAGE,0.0591000000000001,,691.375779,16.568342,8.232048,6.690508,2.379558,0.961574,0.791136
90_CAS_Techno_METHANOL_STORAGE_gwp0,METHANOL_STORAGE,0.0597000000000001,,691.448103,16.53787,8.763337,6.185116,0.826619,0.927871,0.959321
91_CAS_Techno_METHANOL_STORAGE_gwp0,METHANOL_STORAGE,0.0603000000000001,,691.405685,17.054953,8.426641,6.598078,2.19383,0.761277,0.783732
92_CAS_Techno_METHANOL_STORAGE_gwp0,METHANOL_STORAGE,0.0609000000000001,,691.455451,17.759804,8.408398,6.164167,0.696941,2.329012,0.827189
93_CAS_Techno_METHANOL_STORAGE_gwp0,METHANOL_STORAGE,0.0615000000000001,,691.754185,20.136398,8.414614,6.207647,1.534901,1.18235,1.115688
94_CAS_Techno_METHANOL_STORAGE_gwp0,METHANOL_STORAGE,0.0621000000000001,,691.438284,19.106965,8.653865,6.213689,1.604503,1.281726,1.039253
95_CAS_Techno_METHANOL_STORAGE_gwp0,METHANOL_STORAGE,0.0627000000000001,,691.301522,17.58446,8.590547,6.213361,1.425819,1.462037,0.831413
96_CAS_Techno_METHANOL_STORAGE_gwp0,METHANOL_STORAGE,0.0633000000000001,,689.206392,20.069362,8.838227,6.146846,0.951681,0.703454,0.860546
97_CAS_Techno_METHANOL_STORAGE_gwp0,METHANOL_STORAGE,0.0639000000000001,,690.910357,16.931065,8.166434,6.179628,1.10342,0.766586,0.886972
98_CAS_Techno_METHANOL_STORAGE_gwp0,METHANOL_STORAGE,0.0645000000000001,,691.038671,17.232212,8.36277,6.212499,1.286589,1.288958,0.91063
99_CAS_Techno_METHANOL_STORAGE_gwp0,METHANOL_STORAGE,0.0651000000000001,,691.370302,16.711046,8.399228,6.135064,1.347071,0.594937,1.053692
100_CAS_Techno_METHANOL_STORAGE_gwp0,METHANOL_STORAGE,0.0657000000000001,,690.110621,17.384598,8.486227,6.299405,1.548063,0.524449,1.161884
101_CAS_Techno_METHANOL_STORAGE_gwp0,METHANOL_STORAGE,0.0663000000000001,,690.942722,17.681439,8.623913,6.23717,1.101402,0.903148,0.931629
102_CAS_Techno_METHANOL_STORAGE_gwp0,METHANOL_STORAGE,0.0669000000000001,,690.244815,17.752672,8.966369,6.194192,0.799277,0.731322,0.929865
103_CAS_Techno_METHANOL_STORAGE_gwp0,METHANOL_STORAGE,0.0675000000000001,,690.904141,18.249634,8.37093,6.632236,1.466492,0.963345,0.983124
104_CAS_Techno_METHANOL_STORAGE_gwp0,METHANOL_STORAGE,0.0681000000000001,,689.774145,16.534327,8.594332,6.294587,1.709247,1.052981,0.870099
105_CAS_Techno_METHANOL_STORAGE_gwp0,METHANOL_STORAGE,0.0687000000000001,,690.944594,16.541535,8.38057,6.223532,1.221069,1.236489,1.001483
106_CAS_Techno_METHANOL_STORAGE_gwp0,METHANOL_STORAGE,0.0693000000000002,,690.201889,16.732374,8.6141,6.659904,3.065763,0.750998,0.999718
107_CAS_Techno_METHANOL_STORAGE_gwp0,METHANOL_STORAGE,0.0699000000000002,,690.712422,17.279634,8.814796,6.170592,0.962543,0.829439,1.056211
108_CAS_Techno_METHANOL_STORAGE_gwp0,METHANOL_STORAGE,0.0705000000000002,,690.34455,17.428506,8.149601,6.179404,1.537744,0.950341,0.915314
109_CAS_Techno_METHANOL_STORAGE_gwp0,METHANOL_STORAGE,0.0711000000000002,,690.181871,18.94407,8.455319,6.17035,1.400541,1.059421,0.888434
110_CAS_Techno_METHANOL_STORAGE_gwp0,METHANOL_STORAGE,0.0717000000000002,,689.735168,16.619161,8.628742,6.18233,1.583935,0.839191,0.96598
111_CAS_Techno_METHANOL_STORAGE_gwp0,METHANOL_STORAGE,0.0723000000000002,,689.78463,18.676724,8.289699,6.16581,2.084496,1.235924,0.74514
112_CAS_Techno_METHANOL_STORAGE_gwp0,METHANOL_STORAGE,0.0729000000000002,,689.183197,17.87297,8.45123,6.206014,0.895321,0.631124,0.96201
113_CAS_Techno_METHANOL_STORAGE_gwp0,METHANOL_STORAGE,0.0735000000000002,,688.875252,17.277054,8.312789,6.24208,0.953686,0.932721,0.990073
114_CAS_Techno_METHANOL_STORAGE_gwp0,METHANOL_STORAGE,0.0741000000000002,,689.09514,17.824696,8.316264,6.136641,1.061421,0.874025,0.907422
115_CAS_Techno_METHANOL_STORAGE_gwp0,METHANOL_STORAGE,0.0747000000000002,,689.111453,17.520324,9.089313,6.133268,1.029607,0.802596,0.861686
116_CAS_Techno_METHANOL_STORAGE_gwp0,METHANOL_STORAGE,0.0753000000000002,,688.954647,20.566806,9.27957,6.212696,1.535484,1.466653,0.84571
117_CAS_Techno_METHANOL_STORAGE_gwp0,METHANOL_STORAGE,0.0759000000000002,,688.899282,19.449806,10.124519,6.155259,0.663671,0.603841,0.848721
118_CAS_Techno_METHANOL_STORAGE_gwp0,METHANOL_STORAGE,0.0765000000000002,,688.949466,16.539633,8.643706,6.390754,2.201554,0.626181,0.900729
119_CAS_Techno_METHANOL_STORAGE_gwp0,METHANOL_STORAGE,0.0771000000000002,,688.923184,17.948501,8.656338,6.185517,0.680127,0.639298,0.947187
120_CAS_Techno_METHANOL_STORAGE_gwp0,METHANOL_STORAGE,0.0777000000000002,,688.965048,16.73338,8.760659,6.186954,0.747246,1.072668,1.03175
121_CAS_Techno_METHANOL_STORAGE_gwp0,METHANOL_STORAGE,0.0783000000000002,,688.907731,16.545999,8.640981,6.209809,1.422928,1.251716,1.097715
122_CAS_Techno_METHANOL_STORAGE_gwp0,METHANOL_STORAGE,0.0789000000000002,,688.960351,17.224923,8.487538,6.192807,1.007163,2.598002,0.986176
123_CAS_Techno_METHANOL_STORAGE_gwp0,METHANOL_STORAGE,0.0795000000000002,,688.988604,16.87314,8.420677,6.235061,1.497582,0.902836,1.104239
124_CAS_Techno_METHANOL_STORAGE_gwp0,METHANOL_STORAGE,0.0801000000000002,,688.894837,19.191705,8.408669,6.272764,2.267557,1.37955,0.949443
125_CAS_Techno_METHANOL_STORAGE_gwp0,METHANOL_STORAGE,0.0807000000000002,,688.870506,19.896845,8.628099,6.204661,0.802349,0.54959,0.905512
126_CAS_Techno_METHANOL_STORAGE_gwp0,METHANOL_STORAGE,0.0813000000000002,,688.875852,16.648742,8.448919,6.291271,2.232889,1.700888,1.116041
127_CAS_Techno_METHANOL_STORAGE_gwp0,METHANOL_STORAGE,0.0819000000000002,,688.839135,17.134351,8.564796,6.179205,3.278208,1.780432,0.747064
128_CAS_Techno_METHANOL_STORAGE_gwp0,METHANOL_STORAGE,0.0825000000000002,,688.901229,18.585906,8.518021,6.204902,1.963337,0.797897,0.830487
129_CAS_Techno_METHANOL_STORAGE_gwp0,METHANOL_STORAGE,0.0831000000000002,,688.747669,16.535345,8.563227,6.16789,1.073091,1.470847,0.901264
130_CAS_Techno_METHANOL_STORAGE_gwp0,METHANOL_STORAGE,0.0837000000000002,,688.838376,18.00783,8.42854,7.277296,2.27388,0.865732,1.115653
131_CAS_Techno_METHANOL_STORAGE_gwp0,METHANOL_STORAGE,0.0843000000000002,,688.901877,19.303825,8.312305,6.505628,1.482879,1.338508,0.933631
132_CAS_Techno_METHANOL_STORAGE_gwp0,METHANOL_STORAGE,0.0849000000000002,,688.900218,18.639957,8.429645,6.241049,0.917832,0.705587,1.079476
133_CAS_Techno_METHANOL_STORAGE_gwp0,METHANOL_STORAGE,0.0855000000000002,,688.854609,16.557358,8.474142,6.232151,1.075197,0.761088,0.964797
134_CAS_Techno_METHANOL_STORAGE_gwp0,METHANOL_STORAGE,0.0861000000000002,,688.907549,16.815543,8.633511,6.28131,0.987541,0.783281,1.055608
135_CAS_Techno_METHANOL_STORAGE_gwp0,METHANOL_STORAGE,0.0867000000000002,,688.868213,18.042488,8.613774,6.306048,1.072507,1.510926,1.130076
136_CAS_Techno_METHANOL_STORAGE_gwp0,METHANOL_STORAGE,0.0873000000000003,,688.550782,16.546707,8.382779,6.724076,1.173412,0.849685,1.162721
137_CAS_Techno_METHANOL_STORAGE_gwp0,METHANOL_STORAGE,0.0879000000000003,,688.914329,17.780789,8.296448,6.349671,1.172174,1.903289,0.793426
138_CAS_Techno_METHANOL_STORAGE_gwp0,METHANOL_STORAGE,0.0885000000000003,,688.444501,16.629905,8.622566,6.398976,3.121649,0.917022,0.825018
139_CAS_Techno_METHANOL_STORAGE_gwp0,METHANOL_STORAGE,0.0891000000000003,,688.829259,18.043392,8.703357,6.138305,0.959646,0.647417,0.94327
140_CAS_Techno_METHANOL_STORAGE_gwp0,METHANOL_STORAGE,0.0897000000000003,,688.868502,16.614092,9.671518,6.200344,1.307632,0.629253,0.882062
141_CAS_Techno_METHANOL_STORAGE_gwp0,METHANOL_STORAGE,0.0903000000000003,,688.581057,16.543126,8.658278,6.216708,1.513622,1.125353,1.261388
142_CAS_Techno_METHANOL_STORAGE_gwp0,METHANOL_STORAGE,0.0909000000000003,,688.723123,17.256246,8.767172,6.178063,0.998351,0.44559,0.94584
143_CAS_Techno_METHANOL_STORAGE_gwp0,METHANOL_STORAGE,0.0915000000000003,,688.234956,16.560166,9.294096,6.480055,0.914659,2.061014,0.796568
144_CAS_Techno_METHANOL_STORAGE_gwp0,METHANOL_STORAGE,0.0921000000000003,,688.635026,18.292525,8.278179,6.203139,0.881834,0.459906,0.991137
145_CAS_Techno_METHANOL_STORAGE_gwp0,METHANOL_STORAGE,0.0927000000000003,,688.124596,16.534565,8.559337,6.818241,1.449861,0.901453,1.192798
146_CAS_Techno_METHANOL_STORAGE_gwp0,METHANOL_STORAGE,0.0933000000000003,,688.383352,18.351674,8.197891,6.139823,1.779392,1.225191,0.803525
147_CAS_Techno_METHANOL_STORAGE_gwp0,METHANOL_STORAGE,0.0939000000000003,,687.631092,18.005794,8.669036,6.350556,1.218248,0.772563,0.892075
148_CAS_Techno_METHANOL_STORAGE_gwp0,METHANOL_STORAGE,0.0945000000000003,,687.902114,18.641655,8.605628,6.572505,0.853853,2.117078,0.790265
149_CAS_Techno_METHANOL_STORAGE_gwp0,METHANOL_STORAGE,0.0951000000000003,,688.07635,17.62339,8.524814,6.253828,1.071871,0.672115,1.062195
150_CAS_Techno_METHANOL_STORAGE_gwp0,METHANOL_STORAGE,0.0957000000000003,,687.60789,17.12176,8.757676,6.578291,1.082136,0.65731,1.041015
151_CAS_Techno_METHANOL_STORAGE_gwp0,METHANOL_STORAGE,0.0963000000000003,,688.043222,18.784138,8.551839,6.330202,1.121377,1.042223,0.692381
152_CAS_Techno_METHANOL_STORAGE_gwp0,METHANOL_STORAGE,0.0969000000000003,,687.397703,16.540101,8.341393,9.575757,1.520449,1.268448,0.978279
153_CAS_Techno_METHANOL_STORAGE_gwp0,METHANOL_STORAGE,0.0975000000000003,,685.325214,16.679758,8.624426,6.266018,1.303997,0.863421,1.131749
154_CAS_Techno_METHANOL_STORAGE_gwp0,METHANOL_STORAGE,0.0981000000000003,,687.154945,18.588568,8.849113,6.179553,4.269254,2.224665,0.731531
155_CAS_Techno_METHANOL_STORAGE_gwp0,METHANOL_STORAGE,0.0987000000000003,,687.573759,18.202399,8.455355,6.260705,1.328583,1.650028,0.851329
156_CAS_Techno_METHANOL_STORAGE_gwp0,METHANOL_STORAGE,0.0993000000000003,,686.246044,18.148402,8.627045,6.48735,1.940633,1.171176,1.029098
157_CAS_Techno_METHANOL_STORAGE_gwp0,METHANOL_STORAGE,0.0999000000000003,,687.418679,18.007125,8.49125,6.177712,0.651669,0.838844,0.962489
158_CAS_Techno_METHANOL_STORAGE_gwp0,METHANOL_STORAGE,0.1005000000000003,,685.190857,18.156283,8.437971,6.197704,1.110839,0.996941,0.945742
159_CAS_Techno_METHANOL_STORAGE_gwp0,METHANOL_STORAGE,0.1011000000000003,,685.30753,17.480989,8.490167,6.175089,0.889462,0.392404,0.923548
160_CAS_Techno_METHANOL_STORAGE_gwp0,METHANOL_STORAGE,0.1017000000000003,,684.960515,17.257559,8.276166,6.209192,1.848616,0.638299,0.983221
161_CAS_Techno_METHANOL_STORAGE_gwp0,METHANOL_STORAGE,0.1023000000000003,,684.715235,16.540042,8.58942,6.451322,1.001474,0.682084,0.935271
162_CAS_Techno_METHANOL_STORAGE_gwp0,METHANOL_STORAGE,0.1029000000000003,,685.717789,17.832446,8.858998,6.134688,1.118289,0.839414,0.896204
163_CAS_Techno_METHANOL_STORAGE_gwp0,METHANOL_STORAGE,0.1035000000000003,,685.00032,17.901464,8.36782,6.176403,1.114426,0.991658,1.119985
164_CAS_Techno_METHANOL_STORAGE_gwp0,METHANOL_STORAGE,0.1041000000000003,,683.222376,17.72727,9.043622,6.208618,1.942228,1.632068,1.193821
165_CAS_Techno_METHANOL_STORAGE_gwp0,METHANOL_STORAGE,0.1047000000000003,,685.719067,16.584909,8.339632,6.22821,2.448762,1.304073,1.043691
166_CAS_Techno_METHANOL_STORAGE_gwp0,METHANOL_STORAGE,0.1053000000000004,,684.990857,18.460938,8.54607,6.137952,1.331305,1.284061,1.077906
167_CAS_Techno_METHANOL_STORAGE_gwp0,METHANOL_STORAGE,0.1059000000000004,,685.208854,16.543717,8.240973,6.629381,1.115136,1.300553,0.80548
168_CAS_Techno_METHANOL_STORAGE_gwp0,METHANOL_STORAGE,0.1065000000000004,,685.721277,18.193498,8.497313,6.544862,1.799744,0.904204,1.156194
169_CAS_Techno_METHANOL_STORAGE_gwp0,METHANOL_STORAGE,0.1071000000000004,,685.044505,17.019843,10.239066,6.171913,1.01615,1.084775,0.813573
170_CAS_Techno_METHANOL_STORAGE_gwp0,METHANOL_STORAGE,0.1077000000000004,,683.349314,16.717436,8.457613,6.137771,1.515664,0.658711,0.890005
171_CAS_Techno_METHANOL_STORAGE_gwp0,METHANOL_STORAGE,0.1083000000000004,,684.988301,17.869241,8.960391,6.256735,0.915799,0.808688,0.915195
172_CAS_Techno_METHANOL_STORAGE_gwp0,METHANOL_STORAGE,0.1089000000000004,,685.718065,17.333281,8.576663,7.350651,2.802966,0.775301,0.956082
173_CAS_Techno_METHANOL_STORAGE_gwp0,METHANOL_STORAGE,0.1095000000000004,,684.990272,20.320501,8.215873,6.174871,1.039065,0.758249,0.771553
174_CAS_Techno_METHANOL_STORAGE_gwp0,METHANOL_STORAGE,0.1101000000000004,,681.860673,16.536159,8.931493,6.158303,0.746253,1.358458,0.8756
175_CAS_Techno_METHANOL_STORAGE_gwp0,METHANOL_STORAGE,0.1107000000000004,,684.89322,17.408182,8.600494,6.253873,0.742881,0.473395,0.828437
176_CAS_Techno_METHANOL_STORAGE_gwp0,METHANOL_STORAGE,0.1113000000000004,,682.113287,17.463731,8.455443,6.158481,1.400655,0.609559,1.145142
177_CAS_Techno_METHANOL_STORAGE_gwp0,METHANOL_STORAGE,0.1119000000000004,,681.419558,18.47162,8.476623,6.191896,1.016195,1.144784,0.937534
178_CAS_Techno_METHANOL_STORAGE_gwp0,METHANOL_STORAGE,0.1125000000000004,,680.76627,18.196364,8.242467,6.246508,0.91509,1.149696,0.866482
179_CAS_Techno_METHANOL_STORAGE_gwp0,METHANOL_STORAGE,0.1131000000000004,,682.601404,16.547448,8.902994,6.151635,0.853048,1.203539,0.716353
180_CAS_Techno_METHANOL_STORAGE_gwp0,METHANOL_STORAGE,0.1137000000000004,,682.60416,17.132326,8.134914,6.445034,0.833196,0.498514,0.849413
181_CAS_Techno_METHANOL_STORAGE_gwp0,METHANOL_STORAGE,0.1143000000000004,,682.631894,18.350523,8.235243,6.190319,1.236806,1.631528,0.945887
182_CAS_Techno_METHANOL_STORAGE_gwp0,METHANOL_STORAGE,0.1149000000000004,,680.560322,16.533769,8.624628,6.219752,2.603117,1.429103,0.944245
183_CAS_Techno_METHANOL_STORAGE_gwp0,METHANOL_STORAGE,0.1155000000000004,,680.678545,17.095572,9.133747,6.663769,1.798372,2.686008,0.775254
184_CAS_Techno_METHANOL_STORAGE_gwp0,METHANOL_STORAGE,0.1161000000000004,,681.242851,17.58164,8.52168,6.136544,1.150982,1.459033,0.968031
185_CAS_Techno_METHANOL_STORAGE_gwp0,METHANOL_STORAGE,0.1167000000000004,,680.657673,16.737762,8.429869,6.175372,1.025365,0.700098,1.049557
186_CAS_Techno_METHANOL_STORAGE_gwp0,METHANOL_STORAGE,0.1173000000000004,,680.691993,19.001126,8.311543,6.182454,1.732158,1.456798,0.899661
187_CAS_Techno_METHANOL_STORAGE_gwp0,METHANOL_STORAGE,0.1179000000000004,,680.56006,18.04237,8.622723,6.284351,1.435067,1.199658,1.115178
188_CAS_Techno_METHANOL_STORAGE_gwp0,METHANOL_STORAGE,0.1185000000000004,,680.606881,17.930607,8.420972,6.217474,1.41453,1.001676,1.272904
189_CAS_Techno_METHANOL_STORAGE_gwp0,METHANOL_STORAGE,0.1191000000000004,,680.674991,16.558133,8.161121,6.173511,0.986298,1.037101,0.944436
190_CAS_Techno_METHANOL_STORAGE_gwp0,METHANOL_STORAGE,0.1197000000000004,,680.674924,17.886491,8.387335,6.414086,1.001787,0.892483,0.848627
191_CAS_Techno_METHANOL_STORAGE_gwp0,METHANOL_STORAGE,0.1203000000000004,,680.678578,18.121576,8.484897,6.16616,0.959739,1.451302,0.972969
192_CAS_Techno_METHANOL_STORAGE_gwp0,METHANOL_STORAGE,0.1209000000000004,,680.647311,17.908247,8.464132,6.152737,1.200039,0.483785,0.831767
193_CAS_Techno_METHANOL_STORAGE_gwp0,METHANOL_STORAGE,0.1215000000000004,,680.660877,17.634236,8.41907,6.260314,1.798626,1.061442,1.177229
194_CAS_Techno_METHANOL_STORAGE_gwp0,METHANOL_STORAGE,0.1221000000000004,,680.651975,16.69781,8.542761,6.262148,1.55906,1.043499,1.218389
195_CAS_Techno_METHANOL_STORAGE_gwp0,METHANOL_STORAGE,0.1227000000000004,,680.660454,18.127836,8.501024,6.134171,0.897777,0.765053,0.998849
196_CAS_Techno_METHANOL_STORAGE_gwp0,METHANOL_STORAGE,0.1233000000000004,,680.607905,18.718367,8.620322,7.154347,0.976692,0.509025,0.808068
197_CAS_Techno_METHANOL_STORAGE_gwp0,METHANOL_STORAGE,0.1239000000000005,,680.590925,17.753994,8.137131,6.129991,0.528041,0.370309,0.535924
198_CAS_Techno_METHANOL_STORAGE_gwp0,METHANOL_STORAGE,0.1245000000000005,,680.437467,18.350174,8.556732,6.170693,1.370003,1.025848,1.057854
199_CAS_Techno_METHANOL_STORAGE_gwp0,METHANOL_STORAGE,0.1251000000000005,,680.289896,17.678118,10.158043,6.508008,1.716292,2.204436,0.912789
200_CAS_Techno_METHANOL_STORAGE_gwp0,METHANOL_STORAGE,0.1257000000000004,,680.684913,18.921036,8.27131,6.175475,1.33295,0.240147,1.072127
201_CAS_Techno_METHANOL_STORAGE_gwp0,METHANOL_STORAGE,0.1263000000000004,,680.687736,19.092026,8.576908,6.135387,2.837153,0.60071,1.053065
202_CAS_Techno_METHANOL_STORAGE_gwp0,METHANOL_STORAGE,0.1269000000000004,,680.690777,17.98599,8.408772,6.133203,1.192343,0.50458,0.865451
203_CAS_Techno_METHANOL_STORAGE_gwp0,METHANOL_STORAGE,0.1275000000000004,,680.671287,20.358638,9.41451,7.184841,1.218126,0.534335,0.723429
204_CAS_Techno_METHANOL_STORAGE_gwp0,METHANOL_STORAGE,0.1281000000000004,,680.355983,21.354202,12.142327,8.825452,0.766498,4.774304,0.88852
205_CAS_Techno_METHANOL_STORAGE_gwp0,METHANOL_STORAGE,0.1287000000000004,,680.337767,17.024815,8.238749,6.181536,1.372777,1.403909,0.969827
206_CAS_Techno_METHANOL_STORAGE_gwp0,METHANOL_STORAGE,0.1293000000000004,,679.568639,17.202664,8.651473,6.95548,1.164285,0.962019,0.997556
207_CAS_Techno_METHANOL_STORAGE_gwp0,METHANOL_STORAGE,0.1299000000000004,,680.193603,17.875424,8.535429,6.222366,1.285652,1.298298,0.908973
208_CAS_Techno_METHANOL_STORAGE_gwp0,METHANOL_STORAGE,0.1305000000000004,,680.335999,16.902718,8.519707,6.195232,0.727483,0.893295,0.967192
209_CAS_Techno_METHANOL_STORAGE_gwp0,METHANOL_STORAGE,0.1311000000000003,,679.557387,18.128364,8.227021,6.181132,1.175312,0.591125,1.033062
210_CAS_Techno_METHANOL_STORAGE_gwp0,METHANOL_STORAGE,0.1317000000000003,,680.047495,17.271197,8.361715,6.132769,0.985401,0.958054,0.860219
211_CAS_Techno_METHANOL_STORAGE_gwp0,METHANOL_STORAGE,0.1323000000000003,,679.602184,17.656264,8.727961,6.171028,0.755465,0.498477,0.743995
212_CAS_Techno_METHANOL_STORAGE_gwp0,METHANOL_STORAGE,0.1329000000000003,,679.494021,17.431936,8.630035,6.29351,1.188193,1.214175,1.040833
213_CAS_Techno_METHANOL_STORAGE_gwp0,METHANOL_STORAGE,0.1335000000000003,,679.618248,16.566643,10.933132,6.240878,1.110819,1.030353,0.947462
214_CAS_Techno_METHANOL_STORAGE_gwp0,METHANOL_STORAGE,0.1341000000000003,,679.624198,17.279412,8.268461,6.177327,1.762557,0.54674,0.947201
215_CAS_Techno_METHANOL_STORAGE_gwp0,METHANOL_STORAGE,0.1347000000000003,,679.461835,17.83751,8.565528,6.428328,1.047998,0.735897,0.934684
216_CAS_Techno_METHANOL_STORAGE_gwp0,METHANOL_STORAGE,0.1353000000000003,,679.606839,16.688621,8.689973,6.193688,1.126846,1.043498,1.023002
217_CAS_Techno_METHANOL_STORAGE_gwp0,METHANOL_STORAGE,0.1359000000000003,,678.473069,17.328451,8.438242,6.147508,2.148989,1.330099,0.979104
218_CAS_Techno_METHANOL_STORAGE_gwp0,METHANOL_STORAGE,0.1365000000000003,,679.124173,18.549215,9.278862,6.182241,0.909343,0.631129,0.938384
219_CAS_Techno_METHANOL_STORAGE_gwp0,METHANOL_STORAGE,0.1371000000000002,,679.030641,17.230673,8.677686,6.293174,1.152371,0.649765,1.021358
220_CAS_Techno_METHANOL_STORAGE_gwp0,METHANOL_STORAGE,0.1377000000000002,,679.453632,16.695848,8.675099,6.138241,0.641515,0.525014,0.913888
221_CAS_Techno_METHANOL_STORAGE_gwp0,METHANOL_STORAGE,0.1383000000000002,,679.495285,16.536002,9.171024,8.292914,1.142297,0.995589,0.883749
222_CAS_Techno_METHANOL_STORAGE_gwp0,METHANOL_STORAGE,0.1389000000000002,,678.195506,17.401262,8.533393,6.518541,0.809946,0.565638,0.809234
223_CAS_Techno_METHANOL_STORAGE_gwp0,METHANOL_STORAGE,0.1395000000000002,,677.440459,17.601986,8.931081,6.153535,0.966615,0.485492,0.897135
224_CAS_Techno_METHANOL_STORAGE_gwp0,METHANOL_STORAGE,0.1401000000000002,,679.278534,24.027678,9.386354,6.955467,1.279895,1.787914,0.8523
225_CAS_Techno_METHANOL_STORAGE_gwp0,METHANOL_STORAGE,0.1407000000000002,,679.372591,17.670763,8.442105,6.619835,0.993401,1.232224,0.997902
226_CAS_Techno_METHANOL_STORAGE_gwp0,METHANOL_STORAGE,0.1413000000000002,,678.353973,16.532974,8.611821,6.13474,0.99273,0.719878,0.908909
227_CAS_Techno_METHANOL_STORAGE_gwp0,METHANOL_STORAGE,0.1419000000000002,,677.954271,17.268934,10.23413,7.323638,1.139805,0.522415,0.954133
228_CAS_Techno_METHANOL_STORAGE_gwp0,METHANOL_STORAGE,0.1425000000000001,,678.07317,17.995979,8.507747,6.317471,0.870707,0.918243,0.833395
229_CAS_Techno_METHANOL_STORAGE_gwp0,METHANOL_STORAGE,0.1431000000000001,,678.10612,17.371048,8.356612,7.307067,2.55533,0.915955,0.879623
230_CAS_Techno_METHANOL_STORAGE_gwp0,METHANOL_STORAGE,0.1437000000000001,,678.219261,17.630347,8.428951,6.214166,1.21561,1.058058,0.903572
231_CAS_Techno_METHANOL_STORAGE_gwp0,METHANOL_STORAGE,0.1443000000000001,,678.219174,17.856151,8.425392,6.192002,1.249046,1.325905,0.86014
232_CAS_Techno_METHANOL_STORAGE_gwp0,METHANOL_STORAGE,0.1449000000000001,,669.151513,16.790872,8.343038,6.420397,1.277464,0.776085,0.948211
233_CAS_Techno_METHANOL_STORAGE_gwp0,METHANOL_STORAGE,0.1455000000000001,,668.557377,17.341496,8.187995,6.15257,0.790696,0.46002,0.602889
234_CAS_Techno_METHANOL_STORAGE_gwp0,METHANOL_STORAGE,0.1461000000000001,,668.145103,16.865184,8.657168,6.770402,0.767391,1.081824,0.913655
235_CAS_Techno_METHANOL_STORAGE_gwp0,METHANOL_STORAGE,0.1467000000000001,,668.108656,18.11855,8.338062,8.07457,2.239563,1.840048,0.82608
236_CAS_Techno_METHANOL_STORAGE_gwp0,METHANOL_STORAGE,0.1473000000000001,,668.143672,17.082526,8.443019,6.216974,1.031741,0.783275,0.897124
237_CAS_Techno_METHANOL_STORAGE_gwp0,METHANOL_STORAGE,0.1479000000000001,,668.102789,17.209964,8.538458,6.190799,1.016306,1.813303,1.056883
238_CAS_Techno_METHANOL_STORAGE_gwp0,METHANOL_STORAGE,0.1485,,667.562257,18.376516,8.555364,6.548369,1.275115,0.769612,1.039469
239_CAS_Techno_METHANOL_STORAGE_gwp0,METHANOL_STORAGE,0.1491,,667.700366,17.183233,8.593571,6.275921,1.097975,0.779951,1.044011
240_CAS_Techno_METHANOL_STORAGE_gwp0,METHANOL_STORAGE,0.1497,,667.240514,17.293775,8.605961,6.188144,0.831082,0.684057,0.867896
241_CAS_Techno_METHANOL_STORAGE_gwp0,METHANOL_STORAGE,0.1503,,667.295193,17.130936,8.987564,6.158504,1.590241,1.486254,1.114988
242_CAS_Techno_METHANOL_STORAGE_gwp0,METHANOL_STORAGE,0.1509,,667.276627,16.554868,8.803946,6.135237,0.917797,0.320946,0.8417
243_CAS_Techno_METHANOL_STORAGE_gwp0,METHANOL_STORAGE,0.1515,,667.149519,18.187249,8.619629,6.133132,1.315277,1.664327,0.863574
244_CAS_Techno_METHANOL_STORAGE_gwp0,METHANOL_STORAGE,0.1521,,667.199175,19.32489,8.712023,7.336748,1.034331,0.734371,0.92748
245_CAS_Techno_METHANOL_STORAGE_gwp0,METHANOL_STORAGE,0.1527,,667.147186,16.576355,8.481521,6.227185,1.908528,1.433505,1.058225
246_CAS_Techno_METHANOL_STORAGE_gwp0,METHANOL_STORAGE,0.1533,,666.774046,17.621506,8.091224,7.541198,1.386105,0.619929,0.489755
247_CAS_Techno_METHANOL_STORAGE_gwp0,METHANOL_STORAGE,0.1538999999999999,,667.300084,16.556324,9.16228,6.464902,0.942636,0.548901,0.868911
248_CAS_Techno_METHANOL_STORAGE_gwp0,METHANOL_STORAGE,0.1544999999999999,,667.241777,17.933707,8.915206,6.314957,2.247607,1.8462,0.969493
249_CAS_Techno_METHANOL_STORAGE_gwp0,METHANOL_STORAGE,0.1550999999999999,,667.252519,17.672594,8.822246,6.283073,1.277122,0.657276,0.990524
250_CAS_Techno_METHANOL_STORAGE_gwp0,METHANOL_STORAGE,0.1556999999999999,,667.288787,17.91369,8.146874,6.457823,0.935586,1.866703,0.890438
251_CAS_Techno_METHANOL_STORAGE_gwp0,METHANOL_STORAGE,0.1562999999999999,,667.188736,16.834103,8.294107,22.281203,1.216111,0.980976,0.881301
252_CAS_Techno_METHANOL_STORAGE_gwp0,METHANOL_STORAGE,0.1568999999999999,,666.860396,17.625791,8.350425,6.137018,0.98405,0.699974,0.944839
253_CAS_Techno_METHANOL_STORAGE_gwp0,METHANOL_STORAGE,0.1574999999999999,,667.246759,16.585294,9.531172,6.176903,0.798813,0.602742,0.769857
254_CAS_Techno_METHANOL_STORAGE_gwp0,METHANOL_STORAGE,0.1580999999999999,,667.30119,16.829477,8.785588,6.327026,1.062911,0.639726,1.015875
255_CAS_Techno_METHANOL_STORAGE_gwp0,METHANOL_STORAGE,0.1586999999999999,,667.05303,16.664629,8.385852,6.226546,1.833198,1.059041,1.015308
256_CAS_Techno_METHANOL_STORAGE_gwp0,METHANOL_STORAGE,0.1592999999999999,,667.237379,16.535373,8.406002,6.177135,1.045029,1.903223,1.008825
257_CAS_Techno_METHANOL_STORAGE_gwp0,METHANOL_STORAGE,0.1598999999999998,,667.241025,20.370474,8.556886,6.262784,2.434285,1.347166,0.820875
258_CAS_Techno_METHANOL_STORAGE_gwp0,METHANOL_STORAGE,0.1604999999999998,,661.512021,17.751504,8.785772,6.868925,2.100211,1.762476,1.006718
259_CAS_Techno_METHANOL_STORAGE_gwp0,METHANOL_STORAGE,0.1610999999999998,,661.560612,17.548343,8.594547,6.570319,1.293692,0.95487,0.989138
260_CAS_Techno_METHANOL_STORAGE_gwp0,METHANOL_STORAGE,0.1616999999999998,,661.553024,18.589758,9.240942,6.134222,2.882294,3.344675,0.753178
261_CAS_Techno_METHANOL_STORAGE_gwp0,METHANOL_STORAGE,0.1622999999999998,,661.535589,18.287388,8.721783,6.242331,1.560407,1.082644,1.17998
262_CAS_Techno_METHANOL_STORAGE_gwp0,METHANOL_STORAGE,0.1628999999999998,,661.524262,16.576879,8.663445,6.147007,0.677863,0.474532,1.109889
263_CAS_Techno_METHANOL_STORAGE_gwp0,METHANOL_STORAGE,0.1634999999999998,,661.447012,20.074277,8.381182,6.141992,1.840546,9.739964,0.750896
264_CAS_Techno_METHANOL_STORAGE_gwp0,METHANOL_STORAGE,0.1640999999999998,,661.481606,16.777366,8.662781,6.184147,0.852293,0.581559,0.860656
265_CAS_Techno_METHANOL_STORAGE_gwp0,METHANOL_STORAGE,0.1646999999999998,,661.160158,19.165184,8.205799,6.185661,1.04069,0.744444,1.033676
266_CAS_Techno_METHANOL_STORAGE_gwp0,METHANOL_STORAGE,0.1652999999999997,,661.341672,16.948822,8.54826,6.225425,1.463859,1.33361,1.215968
267_CAS_Techno_METHANOL_STORAGE_gwp0,METHANOL_STORAGE,0.1658999999999997,,661.192169,18.765594,9.419185,6.278403,1.586078,3.01292,0.673315
268_CAS_Techno_METHANOL_STORAGE_gwp0,METHANOL_STORAGE,0.1664999999999997,,661.28632,16.958857,8.321231,6.202339,1.168305,0.933684,0.918221
269_CAS_Techno_METHANOL_STORAGE_gwp0,METHANOL_STORAGE,0.1670999999999997,,661.025553,18.509922,8.555816,6.172845,0.980823,0.58215,0.971051
270_CAS_Techno_METHANOL_STORAGE_gwp0,METHANOL_STORAGE,0.1676999999999997,,661.043445,17.161828,8.175373,6.133269,1.027431,0.611492,0.829835
271_CAS_Techno_METHANOL_STORAGE_gwp0,METHANOL_STORAGE,0.1682999999999997,,661.065554,19.777202,8.609374,6.55678,1.472783,0.922717,0.992713
272_CAS_Techno_METHANOL_STORAGE_gwp0,METHANOL_STORAGE,0.1688999999999997,,661.038147,17.097644,8.374527,6.804771,1.223638,0.994065,1.08397
273_CAS_Techno_METHANOL_STORAGE_gwp0,METHANOL_STORAGE,0.1694999999999997,,660.707441,16.555776,8.615366,6.293875,1.455133,1.309996,0.750027
274_CAS_Techno_METHANOL_STORAGE_gwp0,METHANOL_STORAGE,0.1700999999999997,,661.053676,17.981884,9.126888,6.545934,0.913513,0.709519,0.875832
275_CAS_Techno_METHANOL_STORAGE_gwp0,METHANOL_STORAGE,0.1706999999999996,,661.076961,16.572301,8.271235,6.390311,1.482946,1.221954,0.864915
276_CAS_Techno_METHANOL_STORAGE_gwp0,METHANOL_STORAGE,0.1712999999999996,,660.664007,17.21024,8.874504,6.476629,1.023454,1.618158,1.081671
277_CAS_Techno_METHANOL_STORAGE_gwp0,METHANOL_STORAGE,0.1718999999999996,,660.693406,17.411029,8.696782,6.209814,2.06005,0.720831,0.705912
278_CAS_Techno_METHANOL_STORAGE_gwp0,METHANOL_STORAGE,0.1724999999999996,,660.615597,21.325125,8.796171,6.205076,0.814797,2.510457,0.794684
279_CAS_Techno_METHANOL_STORAGE_gwp0,METHANOL_STORAGE,0.1730999999999996,,660.643014,16.815231,8.773502,8.194809,1.567007,1.268825,1.020989
280_CAS_Techno_METHANOL_STORAGE_gwp0,METHANOL_STORAGE,0.1736999999999996,,660.43384,16.560461,8.630767,7.267882,1.029885,0.833559,0.896515
281_CAS_Techno_METHANOL_STORAGE_gwp0,METHANOL_STORAGE,0.1742999999999996,,660.506691,17.121499,8.612276,6.510244,1.129033,0.84966,1.092454
282_CAS_Techno_METHANOL_STORAGE_gwp0,METHANOL_STORAGE,0.1748999999999996,,660.436274,17.995135,9.162505,6.385621,1.753131,1.185366,0.822654
283_CAS_Techno_METHANOL_STORAGE_gwp0,METHANOL_STORAGE,0.1754999999999996,,660.440197,17.253274,8.41133,7.549408,1.17833,1.003812,0.990799
284_CAS_Techno_METHANOL_STORAGE_gwp0,METHANOL_STORAGE,0.1760999999999996,,660.436786,16.59791,8.219219,6.205988,0.907339,0.575238,0.696797
285_CAS_Techno_METHANOL_STORAGE_gwp0,METHANOL_STORAGE,0.1766999999999995,,660.462185,18.663008,8.43818,6.476005,1.067155,0.699944,1.033728
286_CAS_Techno_METHANOL_STORAGE_gwp0,METHANOL_STORAGE,0.1772999999999995,,660.396713,17.972352,8.206753,6.939907,1.461428,1.326508,0.837372
287_CAS_Techno_METHANOL_STORAGE_gwp0,METHANOL_STORAGE,0.1778999999999995,,659.586002,17.295186,8.576713,6.332739,0.916994,0.687505,1.029859
288_CAS_Techno_METHANOL_STORAGE_gwp0,METHANOL_STORAGE,0.1784999999999995,,659.534012,16.538487,8.507855,6.171072,3.084377,1.451194,0.974504
289_CAS_Techno_METHANOL_STORAGE_gwp0,METHANOL_STORAGE,0.1790999999999995,,659.142619,18.384884,8.659236,6.377576,3.055395,1.075889,1.107251
290_CAS_Techno_METHANOL_STORAGE_gwp0,METHANOL_STORAGE,0.1796999999999995,,659.300495,19.820408,8.834509,6.302123,1.956971,1.045782,1.14735
291_CAS_Techno_METHANOL_STORAGE_gwp0,METHANOL_STORAGE,0.1802999999999995,,631.422484,17.431088,8.880677,6.213593,1.095389,0.889356,0.990267
292_CAS_Techno_METHANOL_STORAGE_gwp0,METHANOL_STORAGE,0.1808999999999995,,630.843403,16.530792,9.337808,6.174926,0.947929,0.652891,0.972687
293_CAS_Techno_METHANOL_STORAGE_gwp0,METHANOL_STORAGE,0.1814999999999995,,630.149894,25.909353,8.480282,6.490554,3.117284,2.661757,0.645657
294_CAS_Techno_METHANOL_STORAGE_gwp0,METHANOL_STORAGE,0.1820999999999994,,631.33582,16.550977,9.032968,6.254838,1.039625,1.393163,0.872567
295_CAS_Techno_METHANOL_STORAGE_gwp0,METHANOL_STORAGE,0.1826999999999994,,629.754089,17.866326,8.662734,6.360033,0.941777,0.753659,0.574758
296_CAS_Techno_METHANOL_STORAGE_gwp0,METHANOL_STORAGE,0.1832999999999994,,629.865572,18.309439,8.186725,6.173153,0.779217,0.402457,0.811065
297_CAS_Techno_METHANOL_STORAGE_gwp0,METHANOL_STORAGE,0.1838999999999994,,629.274625,18.494315,8.871445,6.176305,1.535303,0.824274,0.897744
298_CAS_Techno_METHANOL_STORAGE_gwp0,METHANOL_STORAGE,0.1844999999999994,,629.03513,17.978354,8.481721,6.132207,0.819771,0.551518,0.781653
299_CAS_Techno_METHANOL_STORAGE_gwp0,METHANOL_STORAGE,0.1850999999999994,,629.037978,18.286321,8.887988,7.271325,0.810942,0.885918,0.796441
300_CAS_Techno_METHANOL_STORAGE_gwp0,METHANOL_STORAGE,0.1856999999999994,,629.235869,17.593478,8.575675,8.296908,1.089149,1.319923,0.838755
301_CAS_Techno_METHANOL_STORAGE_gwp0,METHANOL_STORAGE,0.1862999999999994,,629.027263,16.538965,8.992289,7.437371,1.337775,2.119497,1.032572
302_CAS_Techno_METHANOL_STORAGE_gwp0,METHANOL_STORAGE,0.1868999999999994,,629.047011,17.144278,8.206794,6.15871,0.679972,0.51155,0.768389
303_CAS_Techno_METHANOL_STORAGE_gwp0,METHANOL_STORAGE,0.1874999999999994,,629.029678,17.661325,8.221158,6.43809,0.989412,1.475502,0.844725
304_CAS_Techno_METHANOL_STORAGE_gwp0,METHANOL_STORAGE,0.1880999999999993,,629.1106,18.313098,8.463552,6.191777,1.367669,1.333508,1.167093
305_CAS_Techno_METHANOL_STORAGE_gwp0,METHANOL_STORAGE,0.1886999999999993,,628.962509,22.981851,9.038911,8.15464,0.704326,2.25513,0.727366
306_CAS_Techno_METHANOL_STORAGE_gwp0,METHANOL_STORAGE,0.1892999999999993,,629.025619,17.072777,8.576354,6.454491,0.990448,0.600892,0.948906
307_CAS_Techno_METHANOL_STORAGE_gwp0,METHANOL_STORAGE,0.1898999999999993,,629.043901,16.640806,8.595725,6.195716,1.463038,0.539906,0.972927
308_CAS_Techno_METHANOL_STORAGE_gwp0,METHANOL_STORAGE,0.1904999999999993,,629.037781,18.264159,8.579082,6.860188,1.10201,1.792091,0.929086
309_CAS_Techno_METHANOL_STORAGE_gwp0,METHANOL_STORAGE,0.1910999999999993,,628.985196,17.030754,9.585015,6.35991,0.713608,0.620731,1.056118
310_CAS_Techno_METHANOL_STORAGE_gwp0,METHANOL_STORAGE,0.1916999999999993,,628.99904,17.86009,8.605777,6.30609,0.816876,0.474576,0.828721
311_CAS_Techno_METHANOL_STORAGE_gwp0,METHANOL_STORAGE,0.1922999999999993,,628.998043,16.548684,10.290425,6.254837,2.797365,1.666056,0.848959
312_CAS_Techno_METHANOL_STORAGE_gwp0,METHANOL_STORAGE,0.1928999999999993,,629.038391,17.812581,8.212654,6.180099,1.045111,0.51155,1.054073
313_CAS_Techno_METHANOL_STORAGE_gwp0,METHANOL_STORAGE,0.1934999999999992,,629.037459,18.095297,8.899965,6.174684,2.066166,0.72114,1.006053
314_CAS_Techno_METHANOL_STORAGE_gwp0,METHANOL_STORAGE,0.1940999999999992,,629.034235,16.538246,8.25704,6.324164,2.065216,3.499787,0.937587
315_CAS_Techno_METHANOL_STORAGE_gwp0,METHANOL_STORAGE,0.1946999999999992,,629.04912,17.40752,8.667665,6.213936,1.187742,0.711313,1.013464
316_CAS_Techno_METHANOL_STORAGE_gwp0,METHANOL_STORAGE,0.1952999999999992,,629.01631,17.238886,9.650396,6.577242,0.818571,0.64219,0.985339
317_CAS_Techno_METHANOL_STORAGE_gwp0,METHANOL_STORAGE,0.1958999999999992,,629.20941,17.481202,8.687889,6.241933,2.001712,1.079951,1.05898
318_CAS_Techno_METHANOL_STORAGE_gwp0,METHANOL_STORAGE,0.1964999999999992,,629.018101,16.552849,8.264475,6.151367,1.780654,1.305459,1.070098
319_CAS_Techno_METHANOL_STORAGE_gwp0,METHANOL_STORAGE,0.1970999999999992,,628.999598,16.574994,8.405512,6.13742,1.367936,1.222592,1.167652
320_CAS_Techno_METHANOL_STORAGE_gwp0,METHANOL_STORAGE,0.1976999999999992,,629.017572,18.002215,9.25629,6.293537,2.84211,0.610226,0.764264
321_CAS_Techno_METHANOL_STORAGE_gwp0,METHANOL_STORAGE,0.1982999999999992,,628.98668,17.513051,8.606155,6.22479,0.847626,0.99873,1.034685
322_CAS_Techno_METHANOL_STORAGE_gwp0,METHANOL_STORAGE,0.1988999999999992,,629.001002,18.201202,8.488352,6.154756,0.743948,0.598654,0.791304
323_CAS_Techno_METHANOL_STORAGE_gwp0,METHANOL_STORAGE,0.1994999999999991,,629.029093,18.243812,8.448363,6.393719,1.146003,0.695312,0.918668
324_CAS_Techno_METHANOL_STORAGE_gwp0,METHANOL_STORAGE,0.2000999999999991,,629.023999,16.535722,8.312471,7.581369,0.869359,1.206843,0.667036
325_CAS_Techno_METHANOL_STORAGE_gwp0,METHANOL_STORAGE,0.2006999999999991,,629.037959,18.148206,8.425666,7.284554,1.965336,0.498983,1.116451
326_CAS_Techno_METHANOL_STORAGE_gwp0,METHANOL_STORAGE,0.2012999999999991,,629.020279,17.041212,8.501973,6.255862,1.236808,1.004308,0.978014
327_CAS_Techno_METHANOL_STORAGE_gwp0,METHANOL_STORAGE,0.2018999999999991,,628.965688,16.569866,8.779834,6.153804,1.837575,1.980696,0.772168
328_CAS_Techno_METHANOL_STORAGE_gwp0,METHANOL_STORAGE,0.2024999999999991,,629.028495,18.9889,8.532202,6.160744,1.153808,0.809743,0.839998
329_CAS_Techno_METHANOL_STORAGE_gwp0,METHANOL_STORAGE,0.2030999999999991,,628.957178,16.715392,8.875831,6.245856,1.102077,0.551435,1.000652
330_CAS_Techno_METHANOL_STORAGE_gwp0,METHANOL_STORAGE,0.2036999999999991,,628.960344,16.537309,8.411252,6.179838,0.920969,0.606748,0.902953
331_CAS_Techno_METHANOL_STORAGE_gwp0,METHANOL_STORAGE,0.2042999999999991,,629.048875,17.442205,8.572127,6.295592,1.849971,0.471328,1.030024
332_CAS_Techno_METHANOL_STORAGE_gwp0,METHANOL_STORAGE,0.204899999999999,,629.00005,18.641898,8.710823,6.137035,1.010074,0.543318,0.926651
333_CAS_Techno_METHANOL_STORAGE_gwp0,METHANOL_STORAGE,0.205499999999999,,628.959592,18.160805,8.490252,6.257408,1.311252,1.186446,0.855805
334_CAS_Techno_METHANOL_STORAGE_gwp0,METHANOL_STORAGE,0.206099999999999,,629.022342,20.548042,8.926042,6.147973,2.062703,0.662852,1.047004
335_CAS_Techno_METHANOL_STORAGE_gwp0,METHANOL_STORAGE,0.206699999999999,,629.021228,17.196079,8.804522,6.139249,1.454974,1.257824,1.114334
336_CAS_Techno_METHANOL_STORAGE_gwp0,METHANOL_STORAGE,0.207299999999999,,628.963329,16.563584,8.164488,6.134613,0.808786,0.773751,0.775885
337_CAS_Techno_METHANOL_STORAGE_gwp0,METHANOL_STORAGE,0.207899999999999,,629.003481,16.571506,9.10201,6.626224,1.572686,0.797567,0.946137
338_CAS_Techno_METHANOL_STORAGE_gwp0,METHANOL_STORAGE,0.208499999999999,,629.016494,19.940091,8.555098,6.805846,2.771416,2.525851,1.166015
339_CAS_Techno_METHANOL_STORAGE_gwp0,METHANOL_STORAGE,0.209099999999999,,629.03244,18.281319,8.45709,6.170158,2.366677,3.404565,0.82433
340_CAS_Techno_METHANOL_STORAGE_gwp0,METHANOL_STORAGE,0.209699999999999,,628.995878,16.943106,8.319939,6.20417,0.962244,0.62366,1.004021
341_CAS_Techno_METHANOL_STORAGE_gwp0,METHANOL_STORAGE,0.210299999999999,,629.026802,16.532228,8.291648,6.188492,1.957772,1.030835,0.937484
342_CAS_Techno_METHANOL_STORAGE_gwp0,METHANOL_STORAGE,0.2108999999999989,,628.954803,16.581632,8.872682,6.383139,1.425996,1.636965,0.889326
343_CAS_Techno_METHANOL_STORAGE_gwp0,METHANOL_STORAGE,0.2114999999999989,,629.023283,17.256235,8.520894,6.607397,0.989647,0.665477,0.960824
344_CAS_Techno_METHANOL_STORAGE_gwp0,METHANOL_STORAGE,0.2120999999999989,,628.944635,16.993257,8.314217,6.785334,0.952585,0.539398,1.192539
345_CAS_Techno_METHANOL_STORAGE_gwp0,METHANOL_STORAGE,0.2126999999999989,,629.007155,17.547158,8.790585,6.246113,1.161046,0.87176,1.138852
346_CAS_Techno_METHANOL_STORAGE_gwp0,METHANOL_STORAGE,0.2132999999999989,,629.020864,17.953147,8.744052,6.169598,1.193622,0.670648,1.007478
347_CAS_Techno_METHANOL_STORAGE_gwp0,METHANOL_STORAGE,0.2138999999999989,,628.959692,18.005521,9.090978,6.175208,2.287817,1.248949,0.60538
348_CAS_Techno_METHANOL_STORAGE_gwp0,METHANOL_STORAGE,0.2144999999999989,,628.945253,17.44226,8.384778,6.274201,0.750182,0.712165,0.875546
349_CAS_Techno_METHANOL_STORAGE_gwp0,METHANOL_STORAGE,0.2150999999999989,,628.805837,21.215441,8.639424,6.663255,1.639139,0.717432,0.967897
350_CAS_Techno_METHANOL_STORAGE_gwp0,METHANOL_STORAGE,0.2156999999999989,,628.962273,17.99826,8.661684,7.000022,1.076476,0.558688,0.804202
351_CAS_Techno_METHANOL_STORAGE_gwp0,METHANOL_STORAGE,0.2162999999999988,,629.014837,19.964111,9.160544,6.168214,0.582898,0.641408,0.795328
352_CAS_Techno_METHANOL_STORAGE_gwp0,METHANOL_STORAGE,0.2168999999999988,,628.949314,18.04631,8.708891,6.139186,0.951571,0.957112,0.857421
353_CAS_Techno_METHANOL_STORAGE_gwp0,METHANOL_STORAGE,0.2174999999999988,,629.010073,16.575099,8.334985,6.52188,1.321507,0.99137,1.235372
354_CAS_Techno_METHANOL_STORAGE_gwp0,METHANOL_STORAGE,0.2180999999999988,,628.954801,17.502215,8.246338,6.201506,0.754614,0.553609,0.764114
355_CAS_Techno_METHANOL_STORAGE_gwp0,METHANOL_STORAGE,0.2186999999999988,,628.957533,18.536955,9.947397,6.658883,1.903877,2.230575,0.945508
356_CAS_Techno_METHANOL_STORAGE_gwp0,METHANOL_STORAGE,0.2192999999999988,,629.02801,16.577803,8.457981,6.218945,1.6506,1.17971,1.023454
357_CAS_Techno_METHANOL_STORAGE_gwp0,METHANOL_STORAGE,0.2198999999999988,,628.93957,19.325385,8.271284,6.173676,0.931358,0.635049,0.96696
358_CAS_Techno_METHANOL_STORAGE_gwp0,METHANOL_STORAGE,0.2204999999999988,,628.948987,18.380959,8.510434,6.140625,1.201722,0.950276,1.003977
359_CAS_Techno_METHANOL_STORAGE_gwp0,METHANOL_STORAGE,0.2210999999999988,,628.812339,18.10088,9.602851,7.150396,0.97826,0.515614,0.783417
360_CAS_Techno_METHANOL_STORAGE_gwp0,METHANOL_STORAGE,0.2216999999999988,,628.941209,16.657235,8.72195,6.376553,1.264745,1.169374,0.797045
361_CAS_Techno_METHANOL_STORAGE_gwp0,METHANOL_STORAGE,0.2222999999999987,,629.005275,19.659121,8.760731,6.321122,0.938927,2.253064,0.933205
362_CAS_Techno_METHANOL_STORAGE_gwp0,METHANOL_STORAGE,0.2228999999999987,,629.019805,17.297468,8.31906,6.179977,0.96857,0.708008,0.687091
363_CAS_Techno_METHANOL_STORAGE_gwp0,METHANOL_STORAGE,0.2234999999999987,,628.951439,16.963213,9.186823,6.134745,1.873184,0.937067,0.603965
364_CAS_Techno_METHANOL_STORAGE_gwp0,METHANOL_STORAGE,0.2240999999999987,,629.011222,16.538138,8.520839,6.211023,0.829053,0.813888,1.01252
365_CAS_Techno_METHANOL_STORAGE_gwp0,METHANOL_STORAGE,0.2246999999999987,,629.020956,16.837398,9.231451,7.632914,1.078498,0.838651,0.936091
366_CAS_Techno_METHANOL_STORAGE_gwp0,METHANOL_STORAGE,0.2252999999999987,,628.938082,17.381082,8.786173,6.15498,0.894127,1.13259,0.690227
367_CAS_Techno_METHANOL_STORAGE_gwp0,METHANOL_STORAGE,0.2258999999999987,,629.017709,16.553723,10.362785,7.105789,2.748727,2.673435,0.879916
368_CAS_Techno_METHANOL_STORAGE_gwp0,METHANOL_STORAGE,0.2264999999999987,,628.972035,17.048032,8.459517,6.184098,1.1165,0.829407,1.095693
369_CAS_Techno_METHANOL_STORAGE_gwp0,METHANOL_STORAGE,0.2270999999999987,,628.957372,17.109923,9.139116,6.219366,0.853181,0.644321,0.944147
370_CAS_Techno_METHANOL_STORAGE_gwp0,METHANOL_STORAGE,0.2276999999999986,,628.981011,17.237584,8.205094,6.304647,1.301336,0.638888,0.92995
371_CAS_Techno_METHANOL_STORAGE_gwp0,METHANOL_STORAGE,0.2282999999999986,,628.941426,17.331461,8.543643,6.273154,1.050676,0.826889,0.941043
372_CAS_Techno_METHANOL_STORAGE_gwp0,METHANOL_STORAGE,0.2288999999999986,,628.966026,17.587362,9.515307,6.163372,0.910561,0.553516,0.824079
373_CAS_Techno_METHANOL_STORAGE_gwp0,METHANOL_STORAGE,0.2294999999999986,,628.930886,16.59164,8.500805,6.193997,1.201617,0.901981,1.083889
374_CAS_Techno_METHANOL_STORAGE_gwp0,METHANOL_STORAGE,0.2300999999999986,,628.933748,19.640508,10.26075,6.210331,2.031533,0.540102,0.798541
375_CAS_Techno_METHANOL_STORAGE_gwp0,METHANOL_STORAGE,0.2306999999999986,,628.953467,19.039638,8.710593,7.210296,1.493275,2.026168,0.725542
376_CAS_Techno_METHANOL_STORAGE_gwp0,METHANOL_STORAGE,0.2312999999999986,,628.94316,16.566902,8.372486,6.152413,0.864304,0.685046,0.956043
377_CAS_Techno_METHANOL_STORAGE_gwp0,METHANOL_STORAGE,0.2318999999999986,,628.6185,17.129862,8.842581,6.147746,1.303448,0.931004,1.133205
378_CAS_Techno_METHANOL_STORAGE_gwp0,METHANOL_STORAGE,0.2324999999999986,,628.991743,17.573787,8.506032,6.18891,0.94192,1.001921,0.920765
379_CAS_Techno_METHANOL_STORAGE_gwp0,METHANOL_STORAGE,0.2330999999999985,,629.003033,19.286299,8.84706,6.237751,1.145546,0.660555,0.956709
380_CAS_Techno_METHANOL_STORAGE_gwp0,METHANOL_STORAGE,0.2336999999999985,,628.895121,18.501353,9.009071,6.137443,1.097645,0.884501,0.917665
381_CAS_Techno_METHANOL_STORAGE_gwp0,METHANOL_STORAGE,0.2342999999999985,,629.01761,17.574026,8.883541,6.199689,0.966129,0.658133,0.86644
382_CAS_Techno_METHANOL_STORAGE_gwp0,METHANOL_STORAGE,0.2348999999999985,,628.879647,18.097899,8.65389,6.176161,0.911329,0.771938,0.943107
383_CAS_Techno_METHANOL_STORAGE_gwp0,METHANOL_STORAGE,0.2354999999999985,,628.253649,17.522038,8.695302,6.628459,1.305943,0.857114,1.036639
384_CAS_Techno_METHANOL_STORAGE_gwp0,METHANOL_STORAGE,0.2360999999999985,,627.856036,17.498248,8.303605,6.183539,1.247705,0.690215,1.110843
385_CAS_Techno_METHANOL_STORAGE_gwp0,METHANOL_STORAGE,0.2366999999999985,,627.636951,18.858969,10.346672,6.392102,1.178986,1.162176,0.816217
386_CAS_Techno_METHANOL_STORAGE_gwp0,METHANOL_STORAGE,0.2372999999999985,,627.567121,17.574825,8.411513,6.442852,0.834012,0.677412,0.850619
387_CAS_Techno_METHANOL_STORAGE_gwp0,METHANOL_STORAGE,0.2378999999999985,,627.720587,16.763128,8.570306,6.609634,2.298004,1.155247,0.865873
388_CAS_Techno_METHANOL_STORAGE_gwp0,METHANOL_STORAGE,0.2384999999999985,,628.077498,18.325973,8.349258,6.182119,1.167957,0.661793,1.081185
389_CAS_Techno_METHANOL_STORAGE_gwp0,METHANOL_STORAGE,0.2390999999999984,,627.522544,17.598845,8.531905,6.566392,1.001123,0.753634,0.877669
390_CAS_Techno_METHANOL_STORAGE_gwp0,METHANOL_STORAGE,0.2396999999999984,,627.551655,17.222171,8.429615,7.510965,0.821222,0.612058,0.999331
391_CAS_Techno_METHANOL_STORAGE_gwp0,METHANOL_STORAGE,0.2402999999999984,,628.248952,18.170433,8.989486,6.642251,1.046283,0.775387,0.95505
392_CAS_Techno_METHANOL_STORAGE_gwp0,METHANOL_STORAGE,0.2408999999999984,,627.714187,17.442481,8.50241,7.148283,2.215597,1.132949,0.944722
393_CAS_Techno_METHANOL_STORAGE_gwp0,METHANOL_STORAGE,0.2414999999999984,,627.742661,18.26427,8.424491,6.726791,1.543422,0.915964,0.962376
394_CAS_Techno_METHANOL_STORAGE_gwp0,METHANOL_STORAGE,0.2420999999999984,,628.211041,18.43454,9.731237,6.240787,2.32336,7.025671,0.880738
395_CAS_Techno_METHANOL_STORAGE_gwp0,METHANOL_STORAGE,0.2426999999999984,,627.63614,17.08593,8.403535,6.192902,1.166206,0.679575,1.17527
396_CAS_Techno_METHANOL_STORAGE_gwp0,METHANOL_STORAGE,0.2432999999999984,,627.505292,17.367041,9.135148,6.169155,1.270498,1.000758,0.965032
397_CAS_Techno_METHANOL_STORAGE_gwp0,METHANOL_STORAGE,0.2438999999999984,,627.535002,17.288591,10.145363,7.715899,1.354253,1.835126,0.836665
398_CAS_Techno_METHANOL_STORAGE_gwp0,METHANOL_STORAGE,0.2444999999999983,,627.616655,18.143108,8.713426,6.658224,1.182534,0.946411,0.869312
399_CAS_Techno_METHANOL_STORAGE_gwp0,METHANOL_STORAGE,0.2450999999999983,,627.611468,22.887792,8.913662,6.191991,5.00415,1.934246,0.85325
400_CAS_Techno_METHANOL_STORAGE_gwp0,METHANOL_STORAGE,0.2456999999999983,,627.507713,18.442809,8.434142,6.13569,1.224485,0.866463,1.059454
401_CAS_Techno_METHANOL_STORAGE_gwp0,METHANOL_STORAGE,0.2462999999999983,,627.6652,17.015062,9.189243,6.158226,2.149999,0.524743,0.765517
402_CAS_Techno_METHANOL_STORAGE_gwp0,METHANOL_STORAGE,0.2468999999999983,,627.777203,17.456057,8.212911,6.183492,1.839782,0.343506,1.111217
403_CAS_Techno_METHANOL_STORAGE_gwp0,METHANOL_STORAGE,0.2474999999999983,,627.554556,16.546714,8.795678,6.535185,0.908059,0.738451,0.881021
404_CAS_Techno_METHANOL_STORAGE_gwp0,METHANOL_STORAGE,0.2480999999999983,,627.499406,18.863983,8.190577,7.382336,1.684953,2.21009,0.632667
405_CAS_Techno_METHANOL_STORAGE_gwp0,METHANOL_STORAGE,0.2486999999999983,,627.559977,16.564253,8.455105,6.134937,0.986111,0.349738,1.074309
406_CAS_Techno_METHANOL_STORAGE_gwp0,METHANOL_STORAGE,0.2492999999999983,,627.490879,16.604853,8.947389,6.647047,1.65243,1.0165,0.953322
407_CAS_Techno_METHANOL_STORAGE_gwp0,METHANOL_STORAGE,0.2498999999999983,,627.726805,20.668872,10.604735,6.138771,2.729393,3.44934,0.763766
408_CAS_Techno_METHANOL_STORAGE_gwp0,METHANOL_STORAGE,0.2504999999999983,,627.65076,16.973632,8.430646,6.33436,1.447601,0.825345,1.085357
409_CAS_Techno_METHANOL_STORAGE_gwp0,METHANOL_STORAGE,0.2510999999999982,,627.595651,16.871315,8.697622,6.246607,1.262824,0.925477,1.19548
410_CAS_Techno_METHANOL_STORAGE_gwp0,METHANOL_STORAGE,0.2516999999999982,,627.607174,18.793142,8.70403,6.211409,1.248582,0.747547,0.969791
411_CAS_Techno_METHANOL_STORAGE_gwp0,METHANOL_STORAGE,0.2522999999999982,,628.000453,16.900675,8.336853,6.477011,1.023555,0.88655,0.871089
412_CAS_Techno_METHANOL_STORAGE_gwp0,METHANOL_STORAGE,0.2528999999999982,,627.576721,18.556859,8.478446,6.192231,1.611468,1.172101,1.101263
413_CAS_Techno_METHANOL_STORAGE_gwp0,METHANOL_STORAGE,0.2534999999999982,,627.483302,18.24507,8.432053,6.365165,2.378042,1.196898,0.915172
414_CAS_Techno_METHANOL_STORAGE_gwp0,METHANOL_STORAGE,0.2540999999999982,,627.482212,18.030543,8.749746,6.512216,0.882561,2.588109,0.67136
415_CAS_Techno_METHANOL_STORAGE_gwp0,METHANOL_STORAGE,0.2546999999999982,,627.475773,18.301194,8.781291,6.407873,1.770998,1.559615,0.9083
416_CAS_Techno_METHANOL_STORAGE_gwp0,METHANOL_STORAGE,0.2552999999999982,,627.564657,19.637516,8.380329,6.188691,0.949042,1.035761,0.652103
417_CAS_Techno_METHANOL_STORAGE_gwp0,METHANOL_STORAGE,0.2558999999999982,,627.576347,18.150292,10.015012,7.68702,2.09676,0.462167,0.739848
418_CAS_Techno_METHANOL_STORAGE_gwp0,METHANOL_STORAGE,0.2564999999999982,,627.476775,18.30161,9.934011,6.399055,1.131095,1.131702,0.968609
419_CAS_Techno_METHANOL_STORAGE_gwp0,METHANOL_STORAGE,0.2570999999999981,,627.478992,16.53547,8.594783,6.435787,1.00199,0.91147,1.058518
420_CAS_Techno_METHANOL_STORAGE_gwp0,METHANOL_STORAGE,0.2576999999999981,,627.660999,19.105935,8.288076,6.364741,1.754748,0.55854,0.743362
421_CAS_Techno_METHANOL_STORAGE_gwp0,METHANOL_STORAGE,0.2582999999999981,,627.497642,17.096375,8.845312,6.204347,5.289136,1.044075,0.950569
422_CAS_Techno_METHANOL_STORAGE_gwp0,METHANOL_STORAGE,0.2588999999999981,,627.563735,17.54001,8.418892,6.85698,0.919432,0.655753,0.894309
423_CAS_Techno_METHANOL_STORAGE_gwp0,METHANOL_STORAGE,0.2594999999999981,,627.482085,18.597288,10.095742,6.291395,1.29931,1.515968,0.950999
424_CAS_Techno_METHANOL_STORAGE_gwp0,METHANOL_STORAGE,0.2600999999999981,,627.55102,16.866675,8.36858,6.615234,1.100666,0.788237,0.996153
425_CAS_Techno_METHANOL_STORAGE_gwp0,METHANOL_STORAGE,0.2606999999999981,,627.511295,20.611001,8.700803,6.251039,0.568589,0.346182,0.88751
426_CAS_Techno_METHANOL_STORAGE_gwp0,METHANOL_STORAGE,0.2612999999999981,,627.486406,17.331537,8.402533,6.176264,0.957896,1.020508,0.944442
427_CAS_Techno_METHANOL_STORAGE_gwp0,METHANOL_STORAGE,0.2618999999999981,,627.467266,16.539648,8.489678,6.272187,1.448827,1.070536,1.141508
428_CAS_Techno_METHANOL_STORAGE_gwp0,METHANOL_STORAGE,0.262499999999998,,627.527466,18.76081,8.150242,7.093425,1.208943,0.792198,0.756809
429_CAS_Techno_METHANOL_STORAGE_gwp0,METHANOL_STORAGE,0.263099999999998,,627.479513,16.792921,8.781526,6.158417,1.017402,0.647886,0.930809
430_CAS_Techno_METHANOL_STORAGE_gwp0,METHANOL_STORAGE,0.263699999999998,,627.482741,17.484824,8.494028,6.170982,0.932181,0.52798,0.954317
431_CAS_Techno_METHANOL_STORAGE_gwp0,METHANOL_STORAGE,0.264299999999998,,627.58737,18.796161,8.895255,6.153751,1.070213,0.705623,0.65623
432_CAS_Techno_METHANOL_STORAGE_gwp0,METHANOL_STORAGE,0.264899999999998,,627.467725,17.407819,8.380321,6.914466,0.894949,0.659177,0.892971
433_CAS_Techno_METHANOL_STORAGE_gwp0,METHANOL_STORAGE,0.265499999999998,,627.505751,16.568251,8.163848,6.204637,3.413848,0.463671,0.962123
434_CAS_Techno_METHANOL_STORAGE_gwp0,METHANOL_STORAGE,0.266099999999998,,627.485915,20.184727,8.69266,6.231125,3.054773,1.522173,0.984352
435_CAS_Techno_METHANOL_STORAGE_gwp0,METHANOL_STORAGE,0.266699999999998,,627.459483,16.533935,8.820028,6.171191,1.805837,0.993035,1.096542
436_CAS_Techno_METHANOL_STORAGE_gwp0,METHANOL_STORAGE,0.267299999999998,,627.464042,16.925987,8.277123,6.192918,1.676776,1.069463,0.895756
437_CAS_Techno_METHANOL_STORAGE_gwp0,METHANOL_STORAGE,0.267899999999998,,627.546953,16.553158,8.816958,6.846943,1.22724,1.223549,0.54251
438_CAS_Techno_METHANOL_STORAGE_gwp0,METHANOL_STORAGE,0.2684999999999979,,627.476458,17.435273,8.292849,6.188101,0.905701,0.81749,1.029294
439_CAS_Techno_METHANOL_STORAGE_gwp0,METHANOL_STORAGE,0.2690999999999979,,627.488652,18.051606,9.481744,7.131695,1.265414,0.537871,0.815191
440_CAS_Techno_METHANOL_STORAGE_gwp0,METHANOL_STORAGE,0.2696999999999979,,627.430301,16.93604,8.381769,6.212735,1.506845,1.006237,0.943303
441_CAS_Techno_METHANOL_STORAGE_gwp0,METHANOL_STORAGE,0.2702999999999979,,627.468845,16.656023,9.256483,8.529376,5.154477,1.398853,0.855501
442_CAS_Techno_METHANOL_STORAGE_gwp0,METHANOL_STORAGE,0.2708999999999979,,627.413253,17.788757,8.496407,6.134654,1.01515,0.602893,0.924795
443_CAS_Techno_METHANOL_STORAGE_gwp0,METHANOL_STORAGE,0.2714999999999979,,627.484673,18.738442,8.820697,6.256055,2.106281,0.695218,0.920265
444_CAS_Techno_METHANOL_STORAGE_gwp0,METHANOL_STORAGE,0.2720999999999979,,627.364022,18.470357,8.310287,6.19861,0.937495,1.65668,0.883279
445_CAS_Techno_METHANOL_STORAGE_gwp0,METHANOL_STORAGE,0.2726999999999979,,627.499812,19.176613,8.362604,6.227248,2.30726,0.720236,0.980641
446_CAS_Techno_METHANOL_STORAGE_gwp0,METHANOL_STORAGE,0.2732999999999979,,627.464583,18.481673,8.889074,6.315215,0.708653,0.816258,0.725468
447_CAS_Techno_METHANOL_STORAGE_gwp0,METHANOL_STORAGE,0.2738999999999978,,627.38707,18.90119,9.860738,7.915829,1.111546,0.82068,0.682533
448_CAS_Techno_METHANOL_STORAGE_gwp0,METHANOL_STORAGE,0.2744999999999978,,627.440907,18.15116,8.696134,6.464797,1.517887,0.766009,0.946046
449_CAS_Techno_METHANOL_STORAGE_gwp0,METHANOL_STORAGE,0.2750999999999978,,627.236188,16.577466,9.628823,6.15143,1.052996,0.76698,0.972755
450_CAS_Techno_METHANOL_STORAGE_gwp0,METHANOL_STORAGE,0.2756999999999978,,627.196363,19.091987,8.794287,6.265879,6.006493,1.282872,0.965282
451_CAS_Techno_METHANOL_STORAGE_gwp0,METHANOL_STORAGE,0.2762999999999978,,627.446446,16.85838,8.263892,6.200036,1.605314,1.041291,0.562642
452_CAS_Techno_METHANOL_STORAGE_gwp0,METHANOL_STORAGE,0.2768999999999978,,627.193441,16.568796,8.373858,6.565813,1.654132,0.869591,1.020233
453_CAS_Techno_METHANOL_STORAGE_gwp0,METHANOL_STORAGE,0.2774999999999978,,627.226303,16.548553,8.961195,6.259189,1.116101,0.589438,0.95723
454_CAS_Techno_METHANOL_STORAGE_gwp0,METHANOL_STORAGE,0.2780999999999978,,627.195407,17.986869,9.287518,6.135132,0.949426,0.469279,0.885895
455_CAS_Techno_METHANOL_STORAGE_gwp0,METHANOL_STORAGE,0.2786999999999978,,627.329941,20.097701,8.903866,7.274371,2.137423,3.134309,0.800671
456_CAS_Techno_METHANOL_STORAGE_gwp0,METHANOL_STORAGE,0.2792999999999978,,627.210927,17.049769,8.654858,6.516883,1.965622,1.140249,1.21254
457_CAS_Techno_METHANOL_STORAGE_gwp0,METHANOL_STORAGE,0.2798999999999977,,627.250404,23.778504,9.484899,6.501076,2.493079,0.766236,0.790755
458_CAS_Techno_METHANOL_STORAGE_gwp0,METHANOL_STORAGE,0.2804999999999977,,627.142885,17.47339,8.654068,7.14489,0.778798,0.755016,0.738132
459_CAS_Techno_METHANOL_STORAGE_gwp0,METHANOL_STORAGE,0.2810999999999977,,626.995933,16.721701,8.728448,6.68643,1.88088,0.793195,0.886234
460_CAS_Techno_METHANOL_STORAGE_gwp0,METHANOL_STORAGE,0.2816999999999977,,627.015584,17.510639,10.76833,8.753303,2.016129,1.509033,0.828175
461_CAS_Techno_METHANOL_STORAGE_gwp0,METHANOL_STORAGE,0.2822999999999977,,627.050866,18.209896,8.462852,6.274848,1.535051,0.441741,1.339467
462_CAS_Techno_METHANOL_STORAGE_gwp0,METHANOL_STORAGE,0.2828999999999977,,626.998332,17.335477,8.579731,6.163764,1.920338,2.903463,0.837375
463_CAS_Techno_METHANOL_STORAGE_gwp0,METHANOL_STORAGE,0.2834999999999977,,626.942514,16.567268,8.689841,6.264205,1.368828,0.86365,0.834645
464_CAS_Techno_METHANOL_STORAGE_gwp0,METHANOL_STORAGE,0.2840999999999977,,626.899992,18.393471,8.842097,6.172049,1.99545,1.209709,0.854314
465_CAS_Techno_METHANOL_STORAGE_gwp0,METHANOL_STORAGE,0.2846999999999977,,627.001388,17.815652,8.403772,7.016928,0.908285,0.716915,0.94653
466_CAS_Techno_METHANOL_STORAGE_gwp0,METHANOL_STORAGE,0.2852999999999976,,627.008443,22.635312,11.055837,8.044957,1.15627,1.763387,0.666654
467_CAS_Techno_METHANOL_STORAGE_gwp0,METHANOL_STORAGE,0.2858999999999976,,626.894744,19.000802,8.78319,6.166045,0.769741,0.545452,0.765307
468_CAS_Techno_METHANOL_STORAGE_gwp0,METHANOL_STORAGE,0.2864999999999976,,626.885181,16.693077,8.652496,6.164544,1.21815,0.782411,1.1131
469_CAS_Techno_METHANOL_STORAGE_gwp0,METHANOL_STORAGE,0.2870999999999976,,626.893015,18.583907,8.551922,6.168353,1.44666,1.089574,0.77496
470_CAS_Techno_METHANOL_STORAGE_gwp0,METHANOL_STORAGE,0.2876999999999976,,626.926197,16.555694,8.475962,9.350223,0.828784,0.57787,0.848808
471_CAS_Techno_METHANOL_STORAGE_gwp0,METHANOL_STORAGE,0.2882999999999976,,626.892361,18.843559,8.72013,6.19097,2.849412,1.747262,0.936252
472_CAS_Techno_METHANOL_STORAGE_gwp0,METHANOL_STORAGE,0.2888999999999976,,626.974356,17.320183,8.531376,6.536596,1.106754,0.937341,1.05873
473_CAS_Techno_METHANOL_STORAGE_gwp0,METHANOL_STORAGE,0.2894999999999976,,626.91151,16.684527,8.273901,6.212837,1.123591,0.829253,0.701792
474_CAS_Techno_METHANOL_STORAGE_gwp0,METHANOL_STORAGE,0.2900999999999976,,626.901863,17.431392,8.260858,6.170104,0.864736,0.911891,0.849077
475_CAS_Techno_METHANOL_STORAGE_gwp0,METHANOL_STORAGE,0.2906999999999975,,626.905829,19.66555,10.534846,6.312328,1.264745,0.544264,0.940834
476_CAS_Techno_METHANOL_STORAGE_gwp0,METHANOL_STORAGE,0.2912999999999975,,627.095295,17.587029,8.686839,6.266984,1.596013,7.137518,0.815071
477_CAS_Techno_METHANOL_STORAGE_gwp0,METHANOL_STORAGE,0.2918999999999975,,626.899123,17.621778,8.361664,6.190463,0.839029,0.614493,0.910876
478_CAS_Techno_METHANOL_STORAGE_gwp0,METHANOL_STORAGE,0.2924999999999975,,626.572524,16.758926,8.381413,6.137427,1.161318,0.699608,1.05664
479_CAS_Techno_METHANOL_STORAGE_gwp0,METHANOL_STORAGE,0.2930999999999975,,626.890211,18.998694,9.773822,6.967412,1.345255,1.47919,0.786532
480_CAS_Techno_METHANOL_STORAGE_gwp0,METHANOL_STORAGE,0.2936999999999975,,626.728159,19.043445,8.61,6.774772,2.493521,1.524739,0.726289
481_CAS_Techno_METHANOL_STORAGE_gwp0,METHANOL_STORAGE,0.2942999999999975,,626.713529,17.451989,8.435449,6.538948,1.018785,0.998476,0.876242
482_CAS_Techno_METHANOL_STORAGE_gwp0,METHANOL_STORAGE,0.2948999999999975,,626.889701,17.110407,8.323655,6.197667,0.73902,0.433178,0.573005
483_CAS_Techno_METHANOL_STORAGE_gwp0,METHANOL_STORAGE,0.2954999999999975,,626.798493,19.167089,10.572974,6.181508,0.990829,1.180316,0.690168
484_CAS_Techno_METHANOL_STORAGE_gwp0,METHANOL_STORAGE,0.2960999999999975,,626.685836,16.786289,9.466647,6.180789,0.815404,0.550181,0.91442
485_CAS_Techno_METHANOL_STORAGE_gwp0,METHANOL_STORAGE,0.2966999999999974,,626.644227,16.609348,8.341515,6.27229,3.976477,0.701253,1.180775
486_CAS_Techno_METHANOL_STORAGE_gwp0,METHANOL_STORAGE,0.2972999999999974,,626.874692,20.55727,8.299557,6.208167,1.949805,1.055356,0.962047
487_CAS_Techno_METHANOL_STORAGE_gwp0,METHANOL_STORAGE,0.2978999999999974,,626.152158,17.438941,8.517428,6.138793,1.055689,1.039461,0.944583
488_CAS_Techno_METHANOL_STORAGE_gwp0,METHANOL_STORAGE,0.2984999999999974,,626.099128,18.064037,12.478827,8.330394,0.884073,0.889513,0.812307
489_CAS_Techno_METHANOL_STORAGE_gwp0,METHANOL_STORAGE,0.2990999999999974,,626.78335,17.237389,8.541241,6.203223,1.101193,0.865765,1.079535
490_CAS_Techno_METHANOL_STORAGE_gwp0,METHANOL_STORAGE,0.2996999999999974,,626.559388,16.553457,8.594028,6.145809,1.624453,1.113911,1.149557
491_CAS_Techno_METHANOL_STORAGE_gwp0,METHANOL_STORAGE,0.3002999999999974,,625.813568,17.810692,8.426844,6.394616,0.787544,1.497361,0.883344
492_CAS_Techno_METHANOL_STORAGE_gwp0,METHANOL_STORAGE,0.3008999999999974,,626.048492,18.469529,8.190877,6.171889,0.83968,0.655315,0.815693
493_CAS_Techno_METHANOL_STORAGE_gwp0,METHANOL_STORAGE,0.3014999999999974,,625.825739,17.995286,8.719158,6.876008,1.21732,1.855758,1.108411
494_CAS_Techno_METHANOL_STORAGE_gwp0,METHANOL_STORAGE,0.3020999999999973,,625.320634,19.414766,8.369916,6.162664,0.854814,0.725897,0.815971
495_CAS_Techno_METHANOL_STORAGE_gwp0,METHANOL_STORAGE,0.3026999999999973,,624.403837,16.71839,8.418875,6.238703,2.145253,2.152827,0.845551
496_CAS_Techno_METHANOL_STORAGE_gwp0,METHANOL_STORAGE,0.3032999999999973,,623.714974,19.611291,8.333485,6.583745,1.350289,2.19562,0.845018
497_CAS_Techno_METHANOL_STORAGE_gwp0,METHANOL_STORAGE,0.3038999999999973,,624.797047,18.934966,10.568026,7.493772,1.776295,0.680279,0.821336
498_CAS_Techno_METHANOL_STORAGE_gwp0,METHANOL_STORAGE,0.3044999999999973,,623.930306,17.871923,9.179009,6.316282,1.123264,0.34047,0.952655
499_CAS_Techno_METHANOL_STORAGE_gwp0,METHANOL_STORAGE,0.3050999999999973,,623.046664,17.196464,8.390738,6.249649,0.804599,0.701171,0.796333
500_CAS_Techno_METHANOL_STORAGE_gwp0,METHANOL_STORAGE,0.3056999999999973,,623.034245,19.885007,10.118745,6.168821,2.707561,1.053921,0.682549
501_CAS_Techno_METHANOL_STORAGE_gwp0,METHANOL_STORAGE,0.3062999999999973,,622.979781,17.003243,8.42457,6.309606,1.63242,0.992715,1.182101
502_CAS_Techno_METHANOL_STORAGE_gwp0,METHANOL_STORAGE,0.3068999999999973,,623.020648,18.345151,8.475695,6.187455,0.954888,0.203847,0.992689
503_CAS_Techno_METHANOL_STORAGE_gwp0,METHANOL_STORAGE,0.3074999999999973,,623.986635,16.740574,8.427585,6.628541,1.083009,0.885351,0.966065
504_CAS_Techno_METHANOL_STORAGE_gwp0,METHANOL_STORAGE,0.3080999999999972,,623.812585,16.573131,8.346676,6.19709,4.678434,2.48402,0.832009
505_CAS_Techno_METHANOL_STORAGE_gwp0,METHANOL_STORAGE,0.3086999999999972,,623.045084,17.469365,11.111604,7.529404,5.417471,1.105463,0.770068
506_CAS_Techno_METHANOL_STORAGE_gwp0,METHANOL_STORAGE,0.3092999999999972,,623.063996,16.533573,8.236943,6.683343,1.198132,0.935429,1.020197
507_CAS_Techno_METHANOL_STORAGE_gwp0,METHANOL_STORAGE,0.3098999999999972,,622.973222,17.392849,8.350815,6.302233,0.666052,0.46444,0.694199
508_CAS_Techno_METHANOL_STORAGE_gwp0,METHANOL_STORAGE,0.3104999999999972,,623.846154,18.71321,9.724441,6.151736,4.010134,14.759695,0.57937
509_CAS_Techno_METHANOL_STORAGE_gwp0,METHANOL_STORAGE,0.3110999999999972,,622.897467,18.486862,8.43252,6.14957,1.119387,1.839274,0.800954
510_CAS_Techno_METHANOL_STORAGE_gwp0,METHANOL_STORAGE,0.3116999999999972,,623.05513,19.597485,8.38927,6.163222,0.864682,0.736405,0.840023
511_CAS_Techno_METHANOL_STORAGE_gwp0,METHANOL_STORAGE,0.3122999999999972,,623.445318,17.46278,8.693571,6.217475,1.067828,0.842751,1.194672
512_CAS_Techno_METHANOL_STORAGE_gwp0,METHANOL_STORAGE,0.3128999999999972,,623.053822,17.538297,8.478783,6.187633,1.008239,0.521586,1.086688
513_CAS_Techno_METHANOL_STORAGE_gwp0,METHANOL_STORAGE,0.3134999999999971,,622.775176,19.408834,8.299536,6.346602,1.3056,0.963359,0.825403
514_CAS_Techno_METHANOL_STORAGE_gwp0,METHANOL_STORAGE,0.3140999999999971,,622.879234,19.407578,9.364269,6.444821,1.121735,1.178743,0.8137
515_CAS_Techno_METHANOL_STORAGE_gwp0,METHANOL_STORAGE,0.3146999999999971,,622.678875,20.284414,8.445812,6.306298,1.7556,0.583448,1.032313
516_CAS_Techno_METHANOL_STORAGE_gwp0,METHANOL_STORAGE,0.3152999999999971,,622.878765,23.409562,11.404932,7.562018,0.99139,0.663682,0.793117
517_CAS_Techno_METHANOL_STORAGE_gwp0,METHANOL_STORAGE,0.3158999999999971,,623.109738,19.358875,8.416135,6.165593,0.582496,0.286948,0.89834
518_CAS_Techno_METHANOL_STORAGE_gwp0,METHANOL_STORAGE,0.3164999999999971,,622.589491,17.626241,8.522563,6.179488,1.501442,1.10407,1.052734
519_CAS_Techno_METHANOL_STORAGE_gwp0,METHANOL_STORAGE,0.3170999999999971,,622.658962,17.02421,9.835663,6.857456,1.330023,0.790947,0.93542
520_CAS_Techno_METHANOL_STORAGE_gwp0,METHANOL_STORAGE,0.3176999999999971,,622.910565,18.570641,8.321523,6.441061,1.323055,1.260433,0.93054
521_CAS_Techno_METHANOL_STORAGE_gwp0,METHANOL_STORAGE,0.3182999999999971,,622.850974,18.033607,8.393307,6.962876,1.195233,0.817575,1.007981
522_CAS_Techno_METHANOL_STORAGE_gwp0,METHANOL_STORAGE,0.3188999999999971,,622.463074,16.601175,9.447517,6.326886,0.968873,0.580468,0.95751
523_CAS_Techno_METHANOL_STORAGE_gwp0,METHANOL_STORAGE,0.319499999999997,,623.934574,16.775241,8.467452,6.171865,2.772449,1.769221,0.895613
524_CAS_Techno_METHANOL_STORAGE_gwp0,METHANOL_STORAGE,0.320099999999997,,622.462307,18.220258,9.087836,9.75841,1.192271,1.256577,1.191293
525_CAS_Techno_METHANOL_STORAGE_gwp0,METHANOL_STORAGE,0.320699999999997,,622.463604,19.384246,9.129398,6.717597,1.303354,0.634986,0.820462
526_CAS_Techno_METHANOL_STORAGE_gwp0,METHANOL_STORAGE,0.321299999999997,,622.613972,17.079986,8.653649,6.175485,0.978013,0.5939,0.946559
527_CAS_Techno_METHANOL_STORAGE_gwp0,METHANOL_STORAGE,0.321899999999997,,622.478379,18.793994,8.1781,6.825244,1.122165,1.574002,0.667825
528_CAS_Techno_METHANOL_STORAGE_gwp0,METHANOL_STORAGE,0.322499999999997,,622.562312,17.119664,9.550793,6.159518,0.727771,0.87989,0.731416
529_CAS_Techno_METHANOL_STORAGE_gwp0,METHANOL_STORAGE,0.323099999999997,,624.610499,16.970973,9.166831,6.167137,2.241027,1.235719,0.887704
530_CAS_Techno_METHANOL_STORAGE_gwp0,METHANOL_STORAGE,0.323699999999997,,622.508433,17.161207,8.669657,6.216972,1.092621,1.521627,1.024888
531_CAS_Techno_METHANOL_STORAGE_gwp0,METHANOL_STORAGE,0.324299999999997,,622.461502,16.64307,8.665183,6.221238,1.663605,0.836196,1.01203
532_CAS_Techno_METHANOL_STORAGE_gwp0,METHANOL_STORAGE,0.3248999999999969,,622.551358,19.146637,10.113248,6.788762,1.656416,0.720497,0.9316
533_CAS_Techno_METHANOL_STORAGE_gwp0,METHANOL_STORAGE,0.3254999999999969,,622.59237,19.112079,8.410657,6.463283,1.964024,2.339032,0.817054
534_CAS_Techno_METHANOL_STORAGE_gwp0,METHANOL_STORAGE,0.3260999999999969,,622.683954,18.374859,8.725242,6.270871,1.343693,0.559196,0.887723
535_CAS_Techno_METHANOL_STORAGE_gwp0,METHANOL_STORAGE,0.3266999999999969,,622.733258,21.210323,9.70664,6.78406,1.332317,0.782679,0.802836
536_CAS_Techno_METHANOL_STORAGE_gwp0,METHANOL_STORAGE,0.3272999999999969,,622.543172,17.859053,8.361299,7.061268,1.244666,1.002597,0.878253
537_CAS_Techno_METHANOL_STORAGE_gwp0,METHANOL_STORAGE,0.3278999999999969,,622.462346,17.161355,8.4101,6.568542,1.132416,0.976968,0.945089
538_CAS_Techno_METHANOL_STORAGE_gwp0,METHANOL_STORAGE,0.3284999999999969,,622.459147,16.837669,9.340049,6.405132,1.351222,0.561786,0.822877
539_CAS_Techno_METHANOL_STORAGE_gwp0,METHANOL_STORAGE,0.3290999999999969,,622.486049,16.535429,8.972519,6.199063,1.011251,0.83586,1.051517
540_CAS_Techno_METHANOL_STORAGE_gwp0,METHANOL_STORAGE,0.3296999999999969,,622.579319,17.560651,8.249467,6.286344,1.905178,0.714362,0.942331
541_CAS_Techno_METHANOL_STORAGE_gwp0,METHANOL_STORAGE,0.3302999999999969,,622.467727,16.536306,9.495537,6.138393,1.130788,0.704528,1.031132
542_CAS_Techno_METHANOL_STORAGE_gwp0,METHANOL_STORAGE,0.4302999999999969,,619.944653,17.465437,8.702722,6.150776,1.239653,0.679576,1.269293
543_CAS_Techno_METHANOL_STORAGE_gwp1,METHANOL_STORAGE,0.5302999999999969,,593.796606,16.790868,9.263842,6.752652,1.330638,0.770127,0.822383
544_CAS_Techno_METHANOL_STORAGE_gwp1,METHANOL_STORAGE,0.6302999999999969,,579.314807,17.550008,8.620922,6.180652,1.481603,1.162944,1.184235
545_CAS_Techno_METHANOL_STORAGE_gwp1,METHANOL_STORAGE,0.7302999999999968,,521.662869,17.02565,8.691604,6.236752,0.945172,0.963373,0.867998
546_CAS_Techno_METHANOL_STORAGE_gwp1,METHANOL_STORAGE,0.8302999999999968,,503.927956,17.053594,8.28244,6.197274,0.646911,0.544355,0.745649
547_CAS_Techno_METHANOL_STORAGE_gwp1,METHANOL_STORAGE,0.9302999999999968,,428.479832,17.494526,9.782696,11.292785,0.774418,0.558052,0.864951
548_CAS_Techno_METHANOL_STORAGE_gwp1,METHANOL_STORAGE,1.0302999999999969,,329.710059,17.539848,8.658658,6.137707,1.336398,0.695498,1.258033
549_CAS_Techno_METHANOL_STORAGE_gwp1,METHANOL_STORAGE,1.130299999999997,,71.875201,17.37517,8.298265,6.206804,0.990306,0.591963,0.811208
550_CAS_Techno_METHANOL_STORAGE_gwp1,METHANOL_STORAGE,1.230299999999997,,0.104306,19.188774,8.457797,6.168918,2.021854,1.233998,0.893273
