folder,techno_modifiee,gwp_constr,f_BATT_LI,f_PHS,f_TS_DEC_HP_ELEC,f_TS_HIGH_TEMP,f_TRAIN_PUB,f_TRAMWAY_TROLLEY,f_BUS_COACH_HYDIESEL,f_BUS_COACH_DIESEL,f_BUS_COACH_FC_HYBRIDH2,f_BUS_COACH_CNG_STOICH
0_IS_Techno_BATT_LI_gwp61,BATT_LI,61.3,46.352946,,,,17.533633,9.876134,7.273152,1.259626,2.112769,0.919524
1_IS_Techno_BATT_LI_gwp62,BATT_LI,61.8,46.351266,,,,17.000678,8.997675,6.941034,1.182819,0.92135,0.838019
0_IS_Techno_BATT_LI_gwp62,BATT_LI,62.3,46.351243,,,,17.893214,11.787818,8.870954,3.540093,1.115517,0.960126
2_IS_Techno_BATT_LI_gwp62,BATT_LI,62.3,46.351243,,,,17.893214,11.787818,8.870954,3.540093,1.115517,0.960126
1_IS_Techno_BATT_LI_gwp68,BATT_LI,68.3,45.13881,,,,17.007692,9.478106,7.467372,1.151848,1.541857,0.9402
2_IS_Techno_BATT_LI_gwp74,BATT_LI,74.3,44.387251,,,,16.687491,8.467097,6.913544,1.286061,0.783826,1.045939
3_IS_Techno_BATT_LI_gwp80,BATT_LI,80.3,40.23191,,,,16.670183,9.422655,6.149233,1.061631,0.733216,1.09821
4_IS_Techno_BATT_LI_gwp86,BATT_LI,86.3,39.488047,,,,16.581592,7.984097,6.419852,1.114533,0.761123,1.024402
5_IS_Techno_BATT_LI_gwp92,BATT_LI,92.3,36.151838,,,,17.955008,9.274051,6.35178,1.24686,2.175421,1.146784
6_IS_Techno_BATT_LI_gwp98,BATT_LI,98.3,29.634955,,,,19.798973,9.392867,6.258415,1.182244,0.590896,1.024489
7_IS_Techno_BATT_LI_gwp104,BATT_LI,104.3,28.321084,,,,16.738746,8.9811,6.209325,1.523945,1.388022,1.297596
8_IS_Techno_BATT_LI_gwp110,BATT_LI,110.3,7.397624,,,,17.473978,9.107616,6.597274,1.610926,3.061908,1.180067
9_IS_Techno_BATT_LI_gwp116,BATT_LI,116.3,1.748538,,,,17.139695,8.853787,6.833424,1.112427,0.695245,1.105471
10_IS_Techno_BATT_LI_gwp122,BATT_LI,122.3,0.000355,,,,17.102801,8.446458,6.354447,0.959635,1.913476,1.067134
0_IS_Techno_PHS_gwp8,PHS,8.33,,6.499388,,,17.533633,9.876134,7.273152,1.259626,2.112769,0.919524
1_IS_Techno_PHS_gwp9,PHS,9.13,,6.499892,,,17.33901,11.098477,8.62747,2.339926,3.4483,0.971059
2_IS_Techno_PHS_gwp10,PHS,9.93,,6.499715,,,18.22962,13.425219,6.633156,2.330969,0.969166,1.173177
3_IS_Techno_PHS_gwp11,PHS,10.730000000000002,,6.499833,,,17.95094,9.713393,7.363932,1.303965,1.673929,0.984623
4_IS_Techno_PHS_gwp12,PHS,11.530000000000005,,6.499886,,,18.059067,9.915788,7.130186,1.42975,1.746453,0.99065
5_IS_Techno_PHS_gwp12,PHS,12.330000000000004,,6.499918,,,17.367367,8.724279,6.379054,1.306016,0.805301,1.095393
6_IS_Techno_PHS_gwp13,PHS,13.130000000000004,,6.499815,,,18.524025,10.039479,6.606838,1.420921,0.908851,1.045514
7_IS_Techno_PHS_gwp14,PHS,13.930000000000003,,6.499941,,,17.800937,9.366863,7.563906,1.265951,2.499295,0.874577
8_IS_Techno_PHS_gwp15,PHS,14.730000000000006,,6.499983,,,17.156647,9.243223,7.123829,1.064895,0.449169,1.496752
9_IS_Techno_PHS_gwp16,PHS,15.530000000000006,,6.499837,,,17.126074,9.559211,7.276331,0.898687,0.93813,0.916217
10_IS_Techno_PHS_gwp16,PHS,16.330000000000005,,6.499878,,,17.797218,8.966664,7.379788,1.157325,0.789679,0.883322
11_IS_Techno_PHS_gwp17,PHS,17.130000000000006,,6.499865,,,17.855105,10.545194,16.57779,1.618814,1.065679,0.875024
12_IS_Techno_PHS_gwp18,PHS,17.930000000000007,,6.499956,,,16.80512,11.315167,6.199501,0.844052,0.571112,0.996461
13_IS_Techno_PHS_gwp19,PHS,18.730000000000008,,6.499987,,,18.535596,13.138639,6.303825,0.901293,0.999266,0.883212
14_IS_Techno_PHS_gwp20,PHS,19.53000000000001,,6.499973,,,17.485094,9.824648,9.403619,1.857705,1.123698,1.16196
15_IS_Techno_PHS_gwp20,PHS,20.33000000000001,,6.499949,,,16.600442,8.516616,6.210669,1.118568,0.838653,1.046649
16_IS_Techno_PHS_gwp21,PHS,21.13000000000001,,6.499902,,,16.722662,8.589822,6.378647,0.882694,1.087012,1.053381
17_IS_Techno_PHS_gwp22,PHS,21.93000000000001,,6.499986,,,16.693447,32.37357,6.208024,2.127903,2.893555,1.294649
18_IS_Techno_PHS_gwp23,PHS,22.73000000000001,,6.499956,,,16.53191,11.060787,6.182409,1.719358,1.305439,0.809952
19_IS_Techno_PHS_gwp24,PHS,23.53000000000001,,6.499945,,,17.680146,10.935845,6.206583,1.106545,0.857291,0.943615
20_IS_Techno_PHS_gwp24,PHS,24.330000000000013,,6.499938,,,17.217588,9.382203,6.325547,2.351353,1.050134,1.303054
21_IS_Techno_PHS_gwp25,PHS,25.130000000000013,,6.499939,,,16.797954,9.769718,6.137818,1.149442,0.59806,1.008801
22_IS_Techno_PHS_gwp26,PHS,25.93000000000001,,6.499745,,,16.794701,11.117381,6.181313,1.502117,1.122809,1.18402
23_IS_Techno_PHS_gwp27,PHS,26.73000000000001,,6.499937,,,16.806576,8.909157,6.348788,1.466644,0.751368,1.079145
24_IS_Techno_PHS_gwp28,PHS,27.530000000000012,,6.499924,,,17.168241,9.030631,6.372211,1.329727,0.727079,0.825861
25_IS_Techno_PHS_gwp28,PHS,28.330000000000016,,6.499693,,,18.030923,9.959645,6.183918,0.843056,1.25379,1.224323
26_IS_Techno_PHS_gwp29,PHS,29.130000000000017,,6.499815,,,22.602422,9.973767,6.546194,1.808712,1.721832,0.653398
27_IS_Techno_PHS_gwp30,PHS,29.930000000000017,,6.499886,,,17.312036,8.611033,6.200162,1.075971,0.695618,1.237674
28_IS_Techno_PHS_gwp31,PHS,30.730000000000015,,6.499947,,,16.560887,7.969329,6.170538,1.04393,0.712736,0.97813
29_IS_Techno_PHS_gwp32,PHS,31.53000000000002,,6.49989,,,17.258682,11.249425,9.832822,3.971694,1.495981,3.595089
30_IS_Techno_PHS_gwp32,PHS,32.33000000000002,,6.499844,,,21.412012,9.333819,6.395092,4.412492,2.90357,1.50932
31_IS_Techno_PHS_gwp33,PHS,33.13000000000002,,6.499827,,,17.848934,9.300056,6.756519,1.05556,1.043373,0.838393
32_IS_Techno_PHS_gwp34,PHS,33.930000000000014,,6.499967,,,16.989704,8.883765,7.265467,2.484641,1.31933,1.273382
33_IS_Techno_PHS_gwp35,PHS,34.73000000000001,,6.499972,,,16.82732,8.682467,6.185949,0.816799,0.295714,1.189181
34_IS_Techno_PHS_gwp36,PHS,35.53000000000001,,6.499929,,,16.7602,9.280171,10.81924,5.734592,2.635014,0.981495
35_IS_Techno_PHS_gwp36,PHS,36.330000000000005,,6.49994,,,18.648044,9.033407,6.891832,1.6378,2.263272,1.048228
36_IS_Techno_PHS_gwp37,PHS,37.13,,6.499984,,,16.822167,8.666246,6.232095,0.692845,0.872964,1.163839
37_IS_Techno_PHS_gwp38,PHS,37.93,,6.499698,,,16.839651,9.391374,6.302289,0.70597,1.337934,0.948402
38_IS_Techno_PHS_gwp39,PHS,38.73,,6.499662,,,16.569401,10.867815,6.951352,1.71445,5.605255,2.448465
39_IS_Techno_PHS_gwp40,PHS,39.53,,6.499995,,,16.667783,8.233554,8.590387,2.210859,2.313183,0.747089
40_IS_Techno_PHS_gwp40,PHS,40.32999999999999,,6.499939,,,17.569558,10.070192,8.348281,3.506639,1.977594,0.902038
41_IS_Techno_PHS_gwp41,PHS,41.12999999999999,,6.499923,,,16.875001,9.000843,6.340873,1.448773,1.22107,1.37899
42_IS_Techno_PHS_gwp42,PHS,41.92999999999999,,6.499696,,,17.365954,8.599008,7.308129,1.533538,0.601176,1.091272
43_IS_Techno_PHS_gwp43,PHS,42.72999999999998,,6.499856,,,18.570054,8.992366,7.304116,0.987697,1.289103,1.082644
44_IS_Techno_PHS_gwp44,PHS,43.52999999999998,,6.499993,,,17.317376,13.432441,6.946219,0.82539,1.672125,1.26581
45_IS_Techno_PHS_gwp44,PHS,44.32999999999998,,6.499804,,,16.60701,8.055128,6.391546,0.855487,0.70005,2.436725
46_IS_Techno_PHS_gwp45,PHS,45.12999999999997,,6.499944,,,16.554496,8.526873,6.206295,2.114743,1.910068,3.111466
47_IS_Techno_PHS_gwp46,PHS,45.92999999999997,,6.499979,,,16.533665,8.256304,6.201963,1.251273,1.348425,1.477105
48_IS_Techno_PHS_gwp47,PHS,46.72999999999997,,6.499829,,,16.57745,9.122156,6.229416,2.320138,3.314947,1.427769
49_IS_Techno_PHS_gwp48,PHS,47.529999999999966,,6.499931,,,18.927786,11.258214,8.826785,3.500252,4.53433,0.963522
50_IS_Techno_PHS_gwp48,PHS,48.32999999999996,,6.499999,,,16.545226,8.30473,7.111732,1.999126,1.35363,1.073645
51_IS_Techno_PHS_gwp49,PHS,49.12999999999996,,6.499913,,,16.5956,8.69573,6.731198,1.83969,0.614502,1.235407
52_IS_Techno_PHS_gwp50,PHS,49.92999999999996,,6.499822,,,18.177871,10.025841,6.415945,6.226832,1.856318,1.355255
53_IS_Techno_PHS_gwp51,PHS,50.729999999999954,,6.499887,,,17.502804,9.341919,6.176307,3.160357,1.475383,2.300919
54_IS_Techno_PHS_gwp52,PHS,51.52999999999995,,6.499857,,,16.962427,10.642112,6.432046,3.065791,0.681826,0.820544
55_IS_Techno_PHS_gwp52,PHS,52.32999999999995,,6.499936,,,17.604671,9.69813,6.16679,2.554545,4.490468,1.50727
56_IS_Techno_PHS_gwp53,PHS,53.129999999999946,,6.499719,,,17.515424,8.639514,6.24794,1.789473,1.576755,2.900622
57_IS_Techno_PHS_gwp54,PHS,53.92999999999994,,6.49952,,,16.692286,9.419761,6.756048,3.174956,2.343741,0.969802
58_IS_Techno_PHS_gwp55,PHS,54.72999999999994,,6.499876,,,16.573081,9.255506,6.84449,1.451048,2.283076,2.886694
59_IS_Techno_PHS_gwp56,PHS,55.52999999999994,,6.49994,,,16.710697,8.506175,7.554263,1.358361,1.185804,3.30858
60_IS_Techno_PHS_gwp56,PHS,56.329999999999934,,6.499774,,,19.022923,9.371698,8.323568,5.436336,3.894704,1.329093
61_IS_Techno_PHS_gwp57,PHS,57.12999999999993,,6.499999,,,18.258831,10.548798,6.162439,2.187844,2.693115,1.033876
62_IS_Techno_PHS_gwp58,PHS,57.92999999999993,,6.4996,,,17.509997,8.712215,6.303737,1.373397,0.929864,1.194094
63_IS_Techno_PHS_gwp59,PHS,58.729999999999926,,6.499715,,,19.058605,10.193605,6.518336,1.565529,1.146856,0.990316
64_IS_Techno_PHS_gwp60,PHS,59.52999999999992,,6.499734,,,16.55992,10.892114,7.65073,1.154067,3.628414,1.132467
65_IS_Techno_PHS_gwp60,PHS,60.32999999999992,,6.499813,,,18.51286,10.394266,8.345819,1.500316,1.80075,1.019524
66_IS_Techno_PHS_gwp61,PHS,61.12999999999992,,6.499775,,,16.53297,9.256142,6.135433,2.714915,2.534545,1.331251
67_IS_Techno_PHS_gwp62,PHS,61.92999999999992,,6.499914,,,17.409589,9.352716,6.147983,0.980611,0.72765,1.354133
68_IS_Techno_PHS_gwp63,PHS,62.72999999999991,,6.499811,,,17.374755,9.476468,6.321953,2.806048,4.040128,0.706762
69_IS_Techno_PHS_gwp64,PHS,63.52999999999991,,6.499514,,,17.937189,10.31658,7.067014,1.794406,2.077659,0.946711
70_IS_Techno_PHS_gwp64,PHS,64.32999999999991,,6.499805,,,16.591218,11.224556,7.014251,6.642541,3.75698,0.975038
71_IS_Techno_PHS_gwp65,PHS,65.12999999999991,,6.499258,,,16.535169,13.209269,6.172044,1.316649,0.555128,4.286383
72_IS_Techno_PHS_gwp66,PHS,65.92999999999991,,6.499338,,,16.556451,9.629981,8.763438,2.256965,2.015935,1.095932
73_IS_Techno_PHS_gwp67,PHS,66.7299999999999,,6.499846,,,16.566891,10.22265,7.211852,2.15332,1.817891,1.372623
74_IS_Techno_PHS_gwp68,PHS,67.5299999999999,,6.499464,,,16.894184,9.411511,6.230297,1.781484,1.60707,1.130289
75_IS_Techno_PHS_gwp68,PHS,68.3299999999999,,6.499644,,,18.69666,10.031253,7.270988,1.884386,1.72667,0.87348
76_IS_Techno_PHS_gwp69,PHS,69.1299999999999,,6.499932,,,18.690892,8.977836,7.063941,2.484335,2.570587,0.792398
77_IS_Techno_PHS_gwp70,PHS,69.9299999999999,,6.499847,,,16.538648,9.821375,6.338924,2.343232,2.379953,2.689002
78_IS_Techno_PHS_gwp71,PHS,70.72999999999989,,6.499875,,,17.479959,11.126406,8.772988,3.042047,2.28261,1.73918
79_IS_Techno_PHS_gwp72,PHS,71.52999999999989,,6.498635,,,18.33576,9.570475,6.865817,1.878342,1.548477,1.808574
80_IS_Techno_PHS_gwp72,PHS,72.32999999999988,,6.499904,,,16.970624,8.736843,6.71887,1.288946,2.084307,0.803552
81_IS_Techno_PHS_gwp73,PHS,73.12999999999988,,6.498846,,,16.665665,10.084544,7.257058,2.518113,2.210001,1.215413
82_IS_Techno_PHS_gwp74,PHS,73.92999999999988,,6.499958,,,16.581524,10.781977,6.442274,1.189925,7.392972,1.64058
83_IS_Techno_PHS_gwp75,PHS,74.72999999999988,,6.49966,,,16.797669,10.685307,6.992165,2.63772,4.148687,0.820315
84_IS_Techno_PHS_gwp76,PHS,75.52999999999987,,6.499935,,,16.548514,9.415508,6.783028,4.316937,4.633941,5.101926
85_IS_Techno_PHS_gwp76,PHS,76.32999999999987,,6.49907,,,17.69878,10.328668,6.272112,1.018152,1.487214,1.883838
86_IS_Techno_PHS_gwp77,PHS,77.12999999999987,,6.499135,,,16.546838,13.554439,8.241282,4.176422,4.575347,2.076105
87_IS_Techno_PHS_gwp78,PHS,77.92999999999986,,6.49989,,,16.772714,8.763373,6.444415,1.329909,0.789624,1.020802
88_IS_Techno_PHS_gwp79,PHS,78.72999999999986,,6.498086,,,17.607175,11.978078,7.304631,2.619151,2.578995,6.572286
89_IS_Techno_PHS_gwp80,PHS,79.52999999999986,,6.498888,,,16.542213,11.715599,6.719087,2.700097,3.451752,2.796701
90_IS_Techno_PHS_gwp80,PHS,80.32999999999986,,6.499258,,,16.53091,10.018103,6.685537,0.989864,1.3547,4.536288
91_IS_Techno_PHS_gwp81,PHS,81.12999999999985,,6.499532,,,17.659824,10.817034,6.284115,2.926096,1.835765,0.794196
92_IS_Techno_PHS_gwp82,PHS,81.92999999999985,,6.499762,,,17.769695,9.47653,6.394918,2.444973,0.422167,4.932943
93_IS_Techno_PHS_gwp83,PHS,82.72999999999985,,6.499482,,,16.536279,10.162499,6.832464,1.270328,1.294546,0.703198
94_IS_Techno_PHS_gwp84,PHS,83.52999999999984,,6.499378,,,16.618519,12.076403,6.338221,0.614983,0.728615,0.618934
95_IS_Techno_PHS_gwp84,PHS,84.32999999999984,,6.499615,,,19.851,8.631487,7.530525,2.6434,4.905432,5.99744
96_IS_Techno_PHS_gwp85,PHS,85.12999999999984,,6.499239,,,17.524407,9.701844,6.946484,0.754305,0.593778,0.688317
97_IS_Techno_PHS_gwp86,PHS,85.92999999999984,,6.497682,,,16.532446,8.178269,9.562979,1.391826,0.890131,0.988425
98_IS_Techno_PHS_gwp87,PHS,86.72999999999983,,6.499676,,,17.330742,8.531733,8.061246,2.522056,0.984425,0.806266
99_IS_Techno_PHS_gwp88,PHS,87.52999999999983,,6.498363,,,16.533428,9.805123,8.483272,2.11456,2.324739,5.413541
100_IS_Techno_PHS_gwp88,PHS,88.32999999999983,,6.498247,,,16.589543,10.203444,7.879761,3.98609,3.124238,0.855145
101_IS_Techno_PHS_gwp89,PHS,89.12999999999982,,6.498008,,,16.528721,10.046294,11.605124,2.214534,2.958745,0.943655
102_IS_Techno_PHS_gwp90,PHS,89.92999999999982,,6.499347,,,17.663087,8.630645,7.999653,1.791394,1.386493,0.872482
103_IS_Techno_PHS_gwp91,PHS,90.72999999999982,,6.491487,,,18.88122,10.68576,7.216655,2.685807,2.462862,1.075669
104_IS_Techno_PHS_gwp92,PHS,91.52999999999982,,6.496137,,,16.579158,9.655287,6.452407,1.214235,0.841214,2.3094
105_IS_Techno_PHS_gwp92,PHS,92.3299999999998,,6.497043,,,17.905002,9.632001,7.859137,2.557434,4.877067,1.007787
106_IS_Techno_PHS_gwp93,PHS,93.1299999999998,,6.49795,,,16.534014,8.790684,7.262697,2.414413,2.01092,2.057176
107_IS_Techno_PHS_gwp94,PHS,93.9299999999998,,6.495738,,,20.640782,12.680828,10.381545,3.093289,2.469144,2.845117
108_IS_Techno_PHS_gwp95,PHS,94.7299999999998,,6.497905,,,16.876033,9.734903,6.231608,1.547809,0.851981,1.134872
109_IS_Techno_PHS_gwp96,PHS,95.5299999999998,,6.475065,,,16.686585,10.169109,6.942037,2.349781,1.25292,0.825191
110_IS_Techno_PHS_gwp96,PHS,96.3299999999998,,6.495327,,,16.704496,9.774363,6.448835,1.215057,1.232502,0.939764
111_IS_Techno_PHS_gwp97,PHS,97.1299999999998,,5.931636,,,17.537264,9.388772,6.347586,1.58485,3.697668,1.176245
112_IS_Techno_PHS_gwp98,PHS,97.9299999999998,,5.590143,,,17.465541,9.458624,6.740911,1.574641,0.960905,0.864859
113_IS_Techno_PHS_gwp99,PHS,98.7299999999998,,5.000167,,,16.864227,8.796159,7.204025,2.252123,1.534294,1.703579
114_IS_Techno_PHS_gwp100,PHS,99.5299999999998,,5.000001,,,16.530906,11.290095,6.767806,1.83346,1.712051,0.734916
115_IS_Techno_PHS_gwp100,PHS,100.3299999999998,,5.000008,,,16.584916,8.667127,6.609606,1.609475,1.180378,3.697968
116_IS_Techno_PHS_gwp101,PHS,101.12999999999978,,5.000011,,,16.942035,10.384359,6.600009,1.727392,0.731141,2.473871
117_IS_Techno_PHS_gwp102,PHS,101.92999999999978,,5.0,,,16.992864,11.099191,7.365754,1.165364,1.604668,0.212913
0_IS_Techno_TS_DEC_HP_ELEC_gwp6,TS_DEC_HP_ELEC,5.62,,,60.365517,,17.533633,9.876134,7.273152,1.259626,2.112769,0.919524
1_IS_Techno_TS_DEC_HP_ELEC_gwp6,TS_DEC_HP_ELEC,6.12,,,60.365524,,17.93954,9.549894,7.493622,1.680457,0.950314,1.059296
2_IS_Techno_TS_DEC_HP_ELEC_gwp7,TS_DEC_HP_ELEC,6.62,,,57.533509,,17.62924,8.862241,7.372867,1.894138,1.685233,0.976244
3_IS_Techno_TS_DEC_HP_ELEC_gwp7,TS_DEC_HP_ELEC,7.12,,,55.70032,,17.505719,8.790628,7.69297,1.620308,0.630963,1.016367
4_IS_Techno_TS_DEC_HP_ELEC_gwp8,TS_DEC_HP_ELEC,7.62,,,55.700315,,16.678282,9.122351,6.142694,1.766478,2.748972,0.894013
5_IS_Techno_TS_DEC_HP_ELEC_gwp8,TS_DEC_HP_ELEC,8.120000000000001,,,55.700322,,19.372109,10.417294,7.478991,1.162371,1.588015,0.989339
6_IS_Techno_TS_DEC_HP_ELEC_gwp9,TS_DEC_HP_ELEC,8.620000000000001,,,55.700313,,17.836223,9.926919,7.295487,2.05071,1.550141,0.97631
7_IS_Techno_TS_DEC_HP_ELEC_gwp9,TS_DEC_HP_ELEC,9.12,,,55.621992,,17.607587,8.70214,8.556481,2.928323,1.196895,0.989558
8_IS_Techno_TS_DEC_HP_ELEC_gwp10,TS_DEC_HP_ELEC,9.62,,,55.621983,,16.735049,9.678313,7.867093,0.8717,1.016877,1.159371
9_IS_Techno_TS_DEC_HP_ELEC_gwp10,TS_DEC_HP_ELEC,10.12,,,55.621981,,20.173379,11.145114,6.174402,1.50886,1.154532,1.056456
10_IS_Techno_TS_DEC_HP_ELEC_gwp11,TS_DEC_HP_ELEC,10.62,,,55.621972,,17.186367,9.717365,7.340841,1.207294,6.654731,1.016263
11_IS_Techno_TS_DEC_HP_ELEC_gwp11,TS_DEC_HP_ELEC,11.12,,,55.621968,,18.41364,9.23375,6.779982,3.48442,3.086165,1.069698
12_IS_Techno_TS_DEC_HP_ELEC_gwp12,TS_DEC_HP_ELEC,11.62,,,55.215647,,21.174011,11.129229,6.428934,1.931434,3.108306,1.104828
13_IS_Techno_TS_DEC_HP_ELEC_gwp12,TS_DEC_HP_ELEC,12.12,,,54.660729,,17.369979,8.855311,7.586934,1.201658,1.44276,0.966634
14_IS_Techno_TS_DEC_HP_ELEC_gwp13,TS_DEC_HP_ELEC,12.62,,,53.810749,,16.874394,9.54774,7.235014,1.076123,0.676751,0.914621
15_IS_Techno_TS_DEC_HP_ELEC_gwp13,TS_DEC_HP_ELEC,13.12,,,53.810731,,17.043319,12.598285,7.429171,1.571085,0.757385,1.091905
16_IS_Techno_TS_DEC_HP_ELEC_gwp14,TS_DEC_HP_ELEC,13.62,,,53.810744,,16.639944,9.294294,6.217423,1.13256,1.195279,1.099044
17_IS_Techno_TS_DEC_HP_ELEC_gwp14,TS_DEC_HP_ELEC,14.12,,,53.810728,,16.554438,8.190692,6.178438,1.01117,0.749512,0.964223
18_IS_Techno_TS_DEC_HP_ELEC_gwp15,TS_DEC_HP_ELEC,14.62,,,53.81073,,16.733514,9.240619,6.198077,1.023956,0.74936,1.144416
19_IS_Techno_TS_DEC_HP_ELEC_gwp15,TS_DEC_HP_ELEC,15.12,,,53.81073,,17.898478,9.209386,7.100084,1.51637,0.95095,1.124914
20_IS_Techno_TS_DEC_HP_ELEC_gwp16,TS_DEC_HP_ELEC,15.62,,,53.810735,,16.818943,9.09375,8.525591,1.071074,2.156377,1.110187
21_IS_Techno_TS_DEC_HP_ELEC_gwp16,TS_DEC_HP_ELEC,16.12,,,53.810729,,18.540031,9.777691,8.589379,1.203378,1.621002,1.029249
22_IS_Techno_TS_DEC_HP_ELEC_gwp17,TS_DEC_HP_ELEC,16.62,,,53.810721,,16.611473,11.058927,8.219315,1.348247,1.033159,1.105792
23_IS_Techno_TS_DEC_HP_ELEC_gwp17,TS_DEC_HP_ELEC,17.12,,,53.81073,,17.794422,9.782497,7.388849,0.82589,0.911022,1.258394
24_IS_Techno_TS_DEC_HP_ELEC_gwp18,TS_DEC_HP_ELEC,17.62,,,53.810714,,19.586487,9.324326,6.613897,1.554286,0.36305,0.9606
25_IS_Techno_TS_DEC_HP_ELEC_gwp18,TS_DEC_HP_ELEC,18.12,,,51.555158,,17.524612,8.859334,6.543102,1.521763,1.868529,1.11165
26_IS_Techno_TS_DEC_HP_ELEC_gwp19,TS_DEC_HP_ELEC,18.62,,,51.392979,,17.183876,10.329247,6.677077,1.558523,1.404175,0.985637
27_IS_Techno_TS_DEC_HP_ELEC_gwp19,TS_DEC_HP_ELEC,19.12,,,51.392981,,18.667553,9.196445,6.363158,1.405681,0.669183,1.247275
28_IS_Techno_TS_DEC_HP_ELEC_gwp20,TS_DEC_HP_ELEC,19.62,,,51.392979,,17.034481,9.058886,8.308201,1.221843,1.973882,1.118077
29_IS_Techno_TS_DEC_HP_ELEC_gwp20,TS_DEC_HP_ELEC,20.12,,,51.392982,,19.274282,9.704307,7.91834,1.035823,0.830959,1.249652
30_IS_Techno_TS_DEC_HP_ELEC_gwp21,TS_DEC_HP_ELEC,20.62,,,51.39298,,19.179872,10.078723,6.634421,0.970085,0.798625,1.07756
31_IS_Techno_TS_DEC_HP_ELEC_gwp21,TS_DEC_HP_ELEC,21.12,,,51.392978,,16.554562,8.379536,7.039974,1.058144,0.924854,1.02728
32_IS_Techno_TS_DEC_HP_ELEC_gwp22,TS_DEC_HP_ELEC,21.62,,,51.39298,,16.872967,8.349483,6.702076,1.324606,0.989096,1.051871
33_IS_Techno_TS_DEC_HP_ELEC_gwp22,TS_DEC_HP_ELEC,22.12,,,51.392982,,17.357826,10.242513,6.157232,1.798514,1.023067,1.049741
34_IS_Techno_TS_DEC_HP_ELEC_gwp23,TS_DEC_HP_ELEC,22.62,,,51.392977,,16.963881,10.053703,7.452057,1.388817,1.206731,0.748438
35_IS_Techno_TS_DEC_HP_ELEC_gwp23,TS_DEC_HP_ELEC,23.12,,,51.392977,,17.601709,10.810598,6.604204,2.159832,1.631607,1.173583
36_IS_Techno_TS_DEC_HP_ELEC_gwp24,TS_DEC_HP_ELEC,23.62,,,51.392969,,17.624951,9.116185,7.430724,1.505119,0.990803,1.040949
37_IS_Techno_TS_DEC_HP_ELEC_gwp24,TS_DEC_HP_ELEC,24.12,,,51.060807,,17.219658,8.114064,6.547558,0.544805,0.437432,0.442275
38_IS_Techno_TS_DEC_HP_ELEC_gwp25,TS_DEC_HP_ELEC,24.62,,,51.060794,,17.172412,9.585428,6.374101,1.606074,0.796428,1.188145
39_IS_Techno_TS_DEC_HP_ELEC_gwp25,TS_DEC_HP_ELEC,25.12,,,50.5641,,17.18675,9.358252,6.769151,1.215034,0.895096,1.066852
40_IS_Techno_TS_DEC_HP_ELEC_gwp26,TS_DEC_HP_ELEC,25.62,,,50.481098,,16.700722,9.402357,6.228661,2.36371,1.030461,1.034586
41_IS_Techno_TS_DEC_HP_ELEC_gwp26,TS_DEC_HP_ELEC,26.12,,,50.212189,,17.460963,10.975154,7.574989,1.543792,0.633221,1.293864
42_IS_Techno_TS_DEC_HP_ELEC_gwp27,TS_DEC_HP_ELEC,26.62,,,47.804205,,18.246916,10.910185,8.564258,1.690508,0.646949,0.989662
43_IS_Techno_TS_DEC_HP_ELEC_gwp27,TS_DEC_HP_ELEC,27.12,,,43.68335,,17.097505,8.456243,6.570279,1.001471,0.640083,1.037217
44_IS_Techno_TS_DEC_HP_ELEC_gwp28,TS_DEC_HP_ELEC,27.62,,,42.245532,,17.449006,8.823887,6.34921,0.919804,0.809607,1.06147
45_IS_Techno_TS_DEC_HP_ELEC_gwp28,TS_DEC_HP_ELEC,28.12,,,39.526041,,17.411356,9.165778,6.831375,1.682422,1.080417,1.120692
46_IS_Techno_TS_DEC_HP_ELEC_gwp29,TS_DEC_HP_ELEC,28.62,,,38.205183,,16.927748,8.47795,6.547343,0.970211,0.707459,1.180987
47_IS_Techno_TS_DEC_HP_ELEC_gwp29,TS_DEC_HP_ELEC,29.12,,,37.31116,,16.965775,8.68835,6.190371,1.300314,1.399062,1.164641
48_IS_Techno_TS_DEC_HP_ELEC_gwp30,TS_DEC_HP_ELEC,29.62,,,36.435635,,21.137997,9.709461,8.123719,1.450544,1.874475,1.146638
49_IS_Techno_TS_DEC_HP_ELEC_gwp30,TS_DEC_HP_ELEC,30.12,,,35.226533,,18.038024,10.98892,6.136088,2.159097,3.299578,1.186123
50_IS_Techno_TS_DEC_HP_ELEC_gwp31,TS_DEC_HP_ELEC,30.62,,,35.091066,,18.194335,10.225981,9.19114,2.138641,2.083383,1.165004
51_IS_Techno_TS_DEC_HP_ELEC_gwp31,TS_DEC_HP_ELEC,31.12,,,32.865974,,18.229267,9.769424,7.655299,1.013849,0.778708,0.853222
52_IS_Techno_TS_DEC_HP_ELEC_gwp32,TS_DEC_HP_ELEC,31.62,,,32.863224,,16.636729,9.712603,6.787452,1.402703,0.871313,1.092692
53_IS_Techno_TS_DEC_HP_ELEC_gwp32,TS_DEC_HP_ELEC,32.120000000000005,,,29.835915,,16.975714,8.7208,6.729036,0.866475,0.421817,1.260761
54_IS_Techno_TS_DEC_HP_ELEC_gwp33,TS_DEC_HP_ELEC,32.620000000000005,,,28.79172,,17.592681,10.412076,7.032333,1.073066,0.772548,1.036114
55_IS_Techno_TS_DEC_HP_ELEC_gwp33,TS_DEC_HP_ELEC,33.120000000000005,,,28.791345,,16.789877,8.22713,6.613086,1.012407,0.687146,1.022871
56_IS_Techno_TS_DEC_HP_ELEC_gwp34,TS_DEC_HP_ELEC,33.620000000000005,,,28.007197,,16.583821,8.248741,6.274299,1.074229,0.904908,1.077298
57_IS_Techno_TS_DEC_HP_ELEC_gwp34,TS_DEC_HP_ELEC,34.120000000000005,,,26.429913,,17.30061,8.760512,6.225392,2.108141,0.618741,0.870033
58_IS_Techno_TS_DEC_HP_ELEC_gwp35,TS_DEC_HP_ELEC,34.620000000000005,,,24.924526,,17.762579,8.949419,8.0759,1.371484,1.427072,1.187269
59_IS_Techno_TS_DEC_HP_ELEC_gwp35,TS_DEC_HP_ELEC,35.120000000000005,,,24.484236,,18.171758,9.950401,6.350049,1.024415,0.716866,0.847651
60_IS_Techno_TS_DEC_HP_ELEC_gwp36,TS_DEC_HP_ELEC,35.620000000000005,,,24.201289,,16.713006,9.195089,6.191347,1.34787,1.165326,1.153001
61_IS_Techno_TS_DEC_HP_ELEC_gwp36,TS_DEC_HP_ELEC,36.120000000000005,,,23.792374,,18.139154,9.599396,6.139897,2.944998,2.006257,0.998281
62_IS_Techno_TS_DEC_HP_ELEC_gwp37,TS_DEC_HP_ELEC,36.620000000000005,,,22.734353,,19.404188,10.612963,7.206586,1.600734,1.004377,1.024311
63_IS_Techno_TS_DEC_HP_ELEC_gwp37,TS_DEC_HP_ELEC,37.120000000000005,,,22.623434,,18.15349,9.753474,6.592418,1.431245,1.142095,0.95217
64_IS_Techno_TS_DEC_HP_ELEC_gwp38,TS_DEC_HP_ELEC,37.620000000000005,,,22.013643,,17.911615,9.936942,7.232169,1.347778,0.808959,1.180206
65_IS_Techno_TS_DEC_HP_ELEC_gwp38,TS_DEC_HP_ELEC,38.120000000000005,,,21.875328,,18.496109,9.834793,7.252482,1.22853,2.558883,0.969684
66_IS_Techno_TS_DEC_HP_ELEC_gwp39,TS_DEC_HP_ELEC,38.620000000000005,,,21.14502,,16.603385,9.864245,8.072336,1.135979,0.763886,1.043949
67_IS_Techno_TS_DEC_HP_ELEC_gwp39,TS_DEC_HP_ELEC,39.120000000000005,,,20.767891,,18.958636,10.751679,6.304274,1.284462,5.239925,1.102266
68_IS_Techno_TS_DEC_HP_ELEC_gwp40,TS_DEC_HP_ELEC,39.620000000000005,,,19.416696,,17.097285,8.923125,7.20198,1.270349,0.878847,1.024688
69_IS_Techno_TS_DEC_HP_ELEC_gwp40,TS_DEC_HP_ELEC,40.120000000000005,,,18.661368,,17.688983,9.755752,6.634259,1.327801,1.442586,0.859558
70_IS_Techno_TS_DEC_HP_ELEC_gwp41,TS_DEC_HP_ELEC,40.620000000000005,,,16.721437,,16.764619,10.578156,8.897467,1.700325,0.534141,1.009934
71_IS_Techno_TS_DEC_HP_ELEC_gwp41,TS_DEC_HP_ELEC,41.120000000000005,,,15.838651,,16.590089,10.031878,8.0887,0.926658,0.802683,1.075708
72_IS_Techno_TS_DEC_HP_ELEC_gwp42,TS_DEC_HP_ELEC,41.620000000000005,,,14.406691,,17.563572,10.934423,7.76672,1.34006,1.732779,1.158199
73_IS_Techno_TS_DEC_HP_ELEC_gwp42,TS_DEC_HP_ELEC,42.120000000000005,,,14.22965,,17.141141,10.023186,7.435028,1.848039,0.962264,0.941441
74_IS_Techno_TS_DEC_HP_ELEC_gwp43,TS_DEC_HP_ELEC,42.620000000000005,,,14.072642,,17.693548,10.542129,7.011214,1.107875,5.592874,0.914476
75_IS_Techno_TS_DEC_HP_ELEC_gwp43,TS_DEC_HP_ELEC,43.120000000000005,,,13.931757,,16.752479,8.561866,6.941264,1.205051,1.020807,1.009392
76_IS_Techno_TS_DEC_HP_ELEC_gwp44,TS_DEC_HP_ELEC,43.620000000000005,,,13.931763,,17.121129,8.725249,7.12462,0.753713,0.639779,0.972064
77_IS_Techno_TS_DEC_HP_ELEC_gwp44,TS_DEC_HP_ELEC,44.120000000000005,,,13.931753,,18.537998,9.517123,7.452297,3.803524,3.214775,1.189934
78_IS_Techno_TS_DEC_HP_ELEC_gwp45,TS_DEC_HP_ELEC,44.620000000000005,,,13.931607,,16.830604,9.605303,6.778797,1.25379,1.607383,1.125249
79_IS_Techno_TS_DEC_HP_ELEC_gwp45,TS_DEC_HP_ELEC,45.120000000000005,,,13.86746,,17.831009,9.399452,7.122028,0.921498,0.772358,1.077348
80_IS_Techno_TS_DEC_HP_ELEC_gwp46,TS_DEC_HP_ELEC,45.620000000000005,,,13.164309,,17.750165,9.009262,7.342798,1.588901,0.633796,1.133905
81_IS_Techno_TS_DEC_HP_ELEC_gwp46,TS_DEC_HP_ELEC,46.120000000000005,,,12.879354,,16.833479,10.116148,7.846939,1.280766,3.375531,1.014609
82_IS_Techno_TS_DEC_HP_ELEC_gwp47,TS_DEC_HP_ELEC,46.620000000000005,,,12.806892,,17.21619,9.347235,7.463588,1.37184,1.541829,1.208929
83_IS_Techno_TS_DEC_HP_ELEC_gwp47,TS_DEC_HP_ELEC,47.120000000000005,,,12.806859,,17.015512,8.540329,7.340086,1.086359,0.566503,1.183955
84_IS_Techno_TS_DEC_HP_ELEC_gwp48,TS_DEC_HP_ELEC,47.620000000000005,,,11.66947,,18.618643,9.126471,6.608189,1.093038,1.736662,1.018044
85_IS_Techno_TS_DEC_HP_ELEC_gwp48,TS_DEC_HP_ELEC,48.120000000000005,,,11.669408,,18.625187,9.726697,8.288535,1.410228,1.724563,1.190125
86_IS_Techno_TS_DEC_HP_ELEC_gwp49,TS_DEC_HP_ELEC,48.620000000000005,,,11.102609,,16.551763,8.793604,7.639011,1.126224,0.955151,0.995636
87_IS_Techno_TS_DEC_HP_ELEC_gwp49,TS_DEC_HP_ELEC,49.120000000000005,,,10.428001,,16.925068,9.02991,6.540936,1.044072,0.76982,1.162251
88_IS_Techno_TS_DEC_HP_ELEC_gwp50,TS_DEC_HP_ELEC,49.620000000000005,,,10.427894,,16.769035,9.399891,6.137949,1.518219,1.512359,1.231356
89_IS_Techno_TS_DEC_HP_ELEC_gwp50,TS_DEC_HP_ELEC,50.120000000000005,,,10.127141,,17.409921,9.391643,6.910926,2.187005,1.0345,1.223623
90_IS_Techno_TS_DEC_HP_ELEC_gwp51,TS_DEC_HP_ELEC,50.620000000000005,,,9.487992,,18.88301,9.92339,7.719177,1.972323,1.755649,1.110813
91_IS_Techno_TS_DEC_HP_ELEC_gwp51,TS_DEC_HP_ELEC,51.120000000000005,,,9.111747,,17.953997,9.046028,8.153761,1.232198,1.044544,0.933243
92_IS_Techno_TS_DEC_HP_ELEC_gwp52,TS_DEC_HP_ELEC,51.620000000000005,,,8.870797,,18.110036,9.620042,6.786979,1.456056,0.704569,1.115959
93_IS_Techno_TS_DEC_HP_ELEC_gwp52,TS_DEC_HP_ELEC,52.120000000000005,,,8.425881,,17.314627,10.935186,6.46139,2.412713,0.851062,0.86616
94_IS_Techno_TS_DEC_HP_ELEC_gwp53,TS_DEC_HP_ELEC,52.620000000000005,,,8.260691,,17.04843,8.794075,6.937814,1.311896,1.001577,1.051229
95_IS_Techno_TS_DEC_HP_ELEC_gwp53,TS_DEC_HP_ELEC,53.120000000000005,,,7.833676,,17.360129,9.957713,6.310646,2.029187,1.370704,1.052462
96_IS_Techno_TS_DEC_HP_ELEC_gwp54,TS_DEC_HP_ELEC,53.620000000000005,,,7.604426,,17.246077,9.435387,6.718346,1.431876,0.877604,1.419388
97_IS_Techno_TS_DEC_HP_ELEC_gwp54,TS_DEC_HP_ELEC,54.120000000000005,,,7.147217,,18.145927,9.163083,7.060255,1.156429,0.662853,1.023567
98_IS_Techno_TS_DEC_HP_ELEC_gwp55,TS_DEC_HP_ELEC,54.620000000000005,,,7.145629,,16.554061,8.809917,7.16143,1.600928,1.442478,1.186725
99_IS_Techno_TS_DEC_HP_ELEC_gwp55,TS_DEC_HP_ELEC,55.120000000000005,,,6.358328,,17.040597,9.245292,6.969078,1.174376,1.419907,1.072574
100_IS_Techno_TS_DEC_HP_ELEC_gwp56,TS_DEC_HP_ELEC,55.620000000000005,,,5.859141,,17.055944,8.68017,6.499008,1.397242,0.998835,1.303259
101_IS_Techno_TS_DEC_HP_ELEC_gwp56,TS_DEC_HP_ELEC,56.120000000000005,,,5.097703,,17.584101,9.378791,7.053554,1.163098,1.190329,1.140582
102_IS_Techno_TS_DEC_HP_ELEC_gwp57,TS_DEC_HP_ELEC,56.620000000000005,,,5.097546,,16.588618,8.573901,6.49191,1.525805,0.680735,1.041696
103_IS_Techno_TS_DEC_HP_ELEC_gwp57,TS_DEC_HP_ELEC,57.120000000000005,,,4.656323,,17.85027,9.856963,6.499457,1.024604,0.717324,1.217073
104_IS_Techno_TS_DEC_HP_ELEC_gwp58,TS_DEC_HP_ELEC,57.620000000000005,,,3.967301,,17.835222,9.182153,6.218751,1.301638,0.529903,1.056097
105_IS_Techno_TS_DEC_HP_ELEC_gwp58,TS_DEC_HP_ELEC,58.120000000000005,,,3.535044,,18.142542,10.072287,6.258205,1.572395,1.940821,1.093213
106_IS_Techno_TS_DEC_HP_ELEC_gwp59,TS_DEC_HP_ELEC,58.620000000000005,,,3.408895,,17.295333,9.898189,7.340139,0.754433,0.74496,0.857699
107_IS_Techno_TS_DEC_HP_ELEC_gwp59,TS_DEC_HP_ELEC,59.120000000000005,,,3.408891,,17.190267,8.599442,6.401307,1.041453,1.364287,1.159234
108_IS_Techno_TS_DEC_HP_ELEC_gwp60,TS_DEC_HP_ELEC,59.620000000000005,,,3.408895,,17.958999,9.762945,6.137085,0.981707,2.52728,1.021708
109_IS_Techno_TS_DEC_HP_ELEC_gwp60,TS_DEC_HP_ELEC,60.120000000000005,,,3.40889,,16.700954,8.506926,7.250704,1.638138,0.71148,1.118127
110_IS_Techno_TS_DEC_HP_ELEC_gwp61,TS_DEC_HP_ELEC,60.620000000000005,,,3.408906,,17.613123,9.173797,6.721092,1.815193,1.069289,0.944887
111_IS_Techno_TS_DEC_HP_ELEC_gwp61,TS_DEC_HP_ELEC,61.120000000000005,,,3.40889,,16.888775,8.480038,6.727488,1.099698,0.812708,1.002495
112_IS_Techno_TS_DEC_HP_ELEC_gwp62,TS_DEC_HP_ELEC,61.620000000000005,,,3.408893,,21.704944,9.390916,6.620645,1.192821,1.598955,1.16402
113_IS_Techno_TS_DEC_HP_ELEC_gwp62,TS_DEC_HP_ELEC,62.120000000000005,,,3.408826,,18.177556,8.804235,6.423697,1.105575,1.085127,0.994824
114_IS_Techno_TS_DEC_HP_ELEC_gwp63,TS_DEC_HP_ELEC,62.620000000000005,,,3.217061,,17.338345,9.542945,6.660771,2.514295,0.990603,1.060411
115_IS_Techno_TS_DEC_HP_ELEC_gwp63,TS_DEC_HP_ELEC,63.120000000000005,,,3.217055,,16.71107,8.532094,6.32358,1.076486,0.79837,1.06449
116_IS_Techno_TS_DEC_HP_ELEC_gwp64,TS_DEC_HP_ELEC,63.620000000000005,,,3.217054,,18.385087,9.252894,6.982624,2.798822,3.183481,1.438873
117_IS_Techno_TS_DEC_HP_ELEC_gwp64,TS_DEC_HP_ELEC,64.12,,,3.217057,,16.70998,9.264987,6.199128,0.946374,0.713425,0.976634
118_IS_Techno_TS_DEC_HP_ELEC_gwp65,TS_DEC_HP_ELEC,64.62,,,3.216995,,16.537425,9.499503,6.7476,1.283834,0.763392,1.176728
119_IS_Techno_TS_DEC_HP_ELEC_gwp65,TS_DEC_HP_ELEC,65.12,,,2.718693,,17.904169,9.836227,6.971229,2.605291,3.141187,1.086595
120_IS_Techno_TS_DEC_HP_ELEC_gwp66,TS_DEC_HP_ELEC,65.62,,,2.329472,,18.230385,8.889373,6.950234,1.04101,2.274518,0.85276
121_IS_Techno_TS_DEC_HP_ELEC_gwp66,TS_DEC_HP_ELEC,66.12,,,2.329469,,17.936987,9.569294,6.639308,1.627773,0.765807,1.285204
122_IS_Techno_TS_DEC_HP_ELEC_gwp67,TS_DEC_HP_ELEC,66.62,,,2.329149,,16.558553,9.142965,6.527147,1.676392,2.100901,1.244615
123_IS_Techno_TS_DEC_HP_ELEC_gwp67,TS_DEC_HP_ELEC,67.12,,,2.256984,,16.889772,9.198277,6.974865,1.363507,1.395263,1.268558
124_IS_Techno_TS_DEC_HP_ELEC_gwp68,TS_DEC_HP_ELEC,67.62,,,2.256962,,16.965223,8.485286,6.777788,1.073851,0.789484,1.036579
125_IS_Techno_TS_DEC_HP_ELEC_gwp68,TS_DEC_HP_ELEC,68.12,,,2.256953,,16.732884,8.942424,6.678454,0.67425,0.935625,1.054018
126_IS_Techno_TS_DEC_HP_ELEC_gwp69,TS_DEC_HP_ELEC,68.62,,,2.256963,,16.850211,9.355995,7.117398,1.212352,1.504962,1.270831
127_IS_Techno_TS_DEC_HP_ELEC_gwp69,TS_DEC_HP_ELEC,69.12,,,2.141823,,16.539054,9.48946,6.654767,1.84495,0.376057,1.199827
128_IS_Techno_TS_DEC_HP_ELEC_gwp70,TS_DEC_HP_ELEC,69.62,,,2.141703,,16.683624,10.285897,6.50468,1.587209,1.62478,1.005415
129_IS_Techno_TS_DEC_HP_ELEC_gwp70,TS_DEC_HP_ELEC,70.12,,,2.141704,,16.625148,9.51271,6.388658,0.935776,0.517237,1.427513
130_IS_Techno_TS_DEC_HP_ELEC_gwp71,TS_DEC_HP_ELEC,70.62,,,2.141704,,16.703268,8.918229,7.686367,1.171639,1.893742,1.135794
131_IS_Techno_TS_DEC_HP_ELEC_gwp71,TS_DEC_HP_ELEC,71.12,,,2.141705,,16.788086,8.420557,6.221854,1.073519,0.924858,1.0746
132_IS_Techno_TS_DEC_HP_ELEC_gwp72,TS_DEC_HP_ELEC,71.62,,,2.141704,,16.600364,9.449145,7.197973,3.477678,1.624562,1.07512
133_IS_Techno_TS_DEC_HP_ELEC_gwp72,TS_DEC_HP_ELEC,72.12,,,2.141704,,17.671294,9.260686,6.136951,1.199528,1.067808,1.103514
134_IS_Techno_TS_DEC_HP_ELEC_gwp73,TS_DEC_HP_ELEC,72.62,,,2.141702,,16.624883,8.847266,6.824631,0.976415,0.669243,1.020279
135_IS_Techno_TS_DEC_HP_ELEC_gwp73,TS_DEC_HP_ELEC,73.12,,,2.141703,,17.736204,9.68687,6.305215,1.44188,1.124039,1.054743
136_IS_Techno_TS_DEC_HP_ELEC_gwp74,TS_DEC_HP_ELEC,73.62,,,2.141703,,17.038387,8.788362,7.501921,0.94149,0.869066,0.980321
137_IS_Techno_TS_DEC_HP_ELEC_gwp74,TS_DEC_HP_ELEC,74.12,,,2.141704,,16.773314,9.248129,7.255633,1.317819,1.216358,1.263884
138_IS_Techno_TS_DEC_HP_ELEC_gwp75,TS_DEC_HP_ELEC,74.62,,,2.1417,,17.14901,9.4003,6.6114,3.22301,0.945683,1.227825
139_IS_Techno_TS_DEC_HP_ELEC_gwp75,TS_DEC_HP_ELEC,75.12,,,2.141701,,16.726882,8.941517,6.668139,0.638785,0.639776,0.938556
140_IS_Techno_TS_DEC_HP_ELEC_gwp76,TS_DEC_HP_ELEC,75.62,,,2.141702,,16.562157,8.05334,6.204837,1.062491,0.78789,1.017936
141_IS_Techno_TS_DEC_HP_ELEC_gwp76,TS_DEC_HP_ELEC,76.12,,,2.141699,,16.791811,9.777776,7.316076,0.754632,0.940992,1.114574
142_IS_Techno_TS_DEC_HP_ELEC_gwp77,TS_DEC_HP_ELEC,76.62,,,2.141701,,17.75557,9.712321,6.224889,1.069413,0.49512,1.087143
143_IS_Techno_TS_DEC_HP_ELEC_gwp77,TS_DEC_HP_ELEC,77.12,,,2.141703,,16.873622,9.453579,8.644652,1.389173,0.956358,1.098932
144_IS_Techno_TS_DEC_HP_ELEC_gwp78,TS_DEC_HP_ELEC,77.62,,,2.141703,,17.592197,9.463243,6.223941,0.417369,0.395696,1.064451
145_IS_Techno_TS_DEC_HP_ELEC_gwp78,TS_DEC_HP_ELEC,78.12,,,2.141704,,16.84808,10.220629,8.60514,1.135821,0.989279,0.978397
146_IS_Techno_TS_DEC_HP_ELEC_gwp79,TS_DEC_HP_ELEC,78.62,,,2.141702,,16.989495,9.276827,7.276166,1.558723,1.458989,1.037186
147_IS_Techno_TS_DEC_HP_ELEC_gwp79,TS_DEC_HP_ELEC,79.12,,,2.141703,,17.770657,10.51294,6.150959,1.812811,1.566199,1.307499
148_IS_Techno_TS_DEC_HP_ELEC_gwp80,TS_DEC_HP_ELEC,79.62,,,2.141704,,16.86478,9.733427,7.320118,1.156456,1.000171,0.987578
149_IS_Techno_TS_DEC_HP_ELEC_gwp80,TS_DEC_HP_ELEC,80.12,,,2.141667,,16.724601,9.373499,7.250263,1.451614,1.385882,1.08664
150_IS_Techno_TS_DEC_HP_ELEC_gwp81,TS_DEC_HP_ELEC,80.62,,,2.141694,,16.621507,9.487219,7.10635,1.182811,1.401891,1.124096
151_IS_Techno_TS_DEC_HP_ELEC_gwp81,TS_DEC_HP_ELEC,81.12,,,2.141662,,18.122165,9.660887,9.201584,1.240187,0.883306,1.011898
0_IS_Techno_TS_HIGH_TEMP_gwp6,TS_HIGH_TEMP,5.89,,,,70.194919,17.533633,9.876134,7.273152,1.259626,2.112769,0.919524
1_IS_Techno_TS_HIGH_TEMP_gwp6,TS_HIGH_TEMP,6.39,,,,70.19607,17.154148,10.191501,7.034923,1.452893,1.006139,1.077421
2_IS_Techno_TS_HIGH_TEMP_gwp7,TS_HIGH_TEMP,6.89,,,,70.195915,17.449375,9.418283,6.980513,0.946102,1.441451,0.844265
3_IS_Techno_TS_HIGH_TEMP_gwp7,TS_HIGH_TEMP,7.39,,,,70.195057,17.334356,10.046492,9.77533,1.468307,0.905637,1.118221
4_IS_Techno_TS_HIGH_TEMP_gwp8,TS_HIGH_TEMP,7.89,,,,70.194379,17.733832,10.380168,6.559066,3.948511,1.474072,0.882085
5_IS_Techno_TS_HIGH_TEMP_gwp8,TS_HIGH_TEMP,8.39,,,,70.1944,16.565032,11.279803,6.603502,1.148219,0.733415,0.990535
6_IS_Techno_TS_HIGH_TEMP_gwp9,TS_HIGH_TEMP,8.89,,,,70.195149,17.284281,10.698052,6.133854,1.222839,1.154217,0.797641
7_IS_Techno_TS_HIGH_TEMP_gwp9,TS_HIGH_TEMP,9.39,,,,70.194569,17.045889,8.609269,6.356197,0.733683,0.766186,0.716658
8_IS_Techno_TS_HIGH_TEMP_gwp10,TS_HIGH_TEMP,9.89,,,,70.19435,18.261046,9.529764,7.375917,1.340834,2.726073,1.081996
9_IS_Techno_TS_HIGH_TEMP_gwp10,TS_HIGH_TEMP,10.39,,,,70.195954,16.85104,8.477114,6.630149,0.86917,0.702154,0.910529
10_IS_Techno_TS_HIGH_TEMP_gwp11,TS_HIGH_TEMP,10.89,,,,70.194496,19.090441,9.643806,6.60548,0.68467,0.520936,0.960858
11_IS_Techno_TS_HIGH_TEMP_gwp11,TS_HIGH_TEMP,11.39,,,,70.19239,20.328981,9.520797,7.325439,1.804651,0.767928,0.907238
12_IS_Techno_TS_HIGH_TEMP_gwp12,TS_HIGH_TEMP,11.89,,,,70.193786,17.046794,9.067486,6.17278,1.051923,1.08698,0.97582
13_IS_Techno_TS_HIGH_TEMP_gwp12,TS_HIGH_TEMP,12.39,,,,70.194482,17.165716,8.694374,6.216318,1.115524,1.129297,1.16312
14_IS_Techno_TS_HIGH_TEMP_gwp13,TS_HIGH_TEMP,12.89,,,,70.194542,16.640269,10.254837,6.790598,0.988596,0.580566,0.915083
15_IS_Techno_TS_HIGH_TEMP_gwp13,TS_HIGH_TEMP,13.39,,,,70.193413,17.077398,8.921088,7.02008,1.213891,0.637314,0.91005
16_IS_Techno_TS_HIGH_TEMP_gwp14,TS_HIGH_TEMP,13.89,,,,70.193587,18.71906,9.470806,7.600909,0.837321,0.342319,1.004715
17_IS_Techno_TS_HIGH_TEMP_gwp14,TS_HIGH_TEMP,14.39,,,,70.178646,16.932709,10.959221,7.204375,1.319833,0.396148,0.854872
18_IS_Techno_TS_HIGH_TEMP_gwp15,TS_HIGH_TEMP,14.89,,,,70.190213,16.536446,11.344808,7.633256,1.048301,0.989786,0.985498
19_IS_Techno_TS_HIGH_TEMP_gwp15,TS_HIGH_TEMP,15.39,,,,70.187598,17.150832,8.576849,8.200715,0.773723,0.75934,0.520985
20_IS_Techno_TS_HIGH_TEMP_gwp16,TS_HIGH_TEMP,15.89,,,,70.184172,17.578694,8.831448,7.245953,1.854153,1.069697,0.821396
21_IS_Techno_TS_HIGH_TEMP_gwp16,TS_HIGH_TEMP,16.39,,,,70.155442,18.441873,9.112816,6.536918,3.967752,3.332509,0.906227
22_IS_Techno_TS_HIGH_TEMP_gwp17,TS_HIGH_TEMP,16.89,,,,70.192175,19.390239,9.474396,7.420127,0.762862,1.53364,0.711191
23_IS_Techno_TS_HIGH_TEMP_gwp17,TS_HIGH_TEMP,17.39,,,,70.180225,24.84872,13.819597,12.962177,6.144425,1.584049,1.742197
24_IS_Techno_TS_HIGH_TEMP_gwp18,TS_HIGH_TEMP,17.89,,,,70.178891,16.804238,8.923176,9.488148,3.444462,2.459015,0.59775
25_IS_Techno_TS_HIGH_TEMP_gwp18,TS_HIGH_TEMP,18.39,,,,70.084603,16.95235,8.857171,6.858695,1.332923,0.653184,0.927688
26_IS_Techno_TS_HIGH_TEMP_gwp19,TS_HIGH_TEMP,18.89,,,,70.069644,17.296553,9.686896,8.063432,1.919776,2.850239,1.462769
27_IS_Techno_TS_HIGH_TEMP_gwp19,TS_HIGH_TEMP,19.39,,,,70.069675,17.391398,9.966267,6.683415,0.81632,0.55888,0.789303
28_IS_Techno_TS_HIGH_TEMP_gwp20,TS_HIGH_TEMP,19.89,,,,70.067383,17.271936,8.684527,6.778535,0.801959,0.970573,1.027895
29_IS_Techno_TS_HIGH_TEMP_gwp20,TS_HIGH_TEMP,20.39,,,,70.05704,16.547892,10.147598,6.155216,1.652644,1.526963,0.932072
30_IS_Techno_TS_HIGH_TEMP_gwp21,TS_HIGH_TEMP,20.89,,,,70.054967,16.654992,8.784327,6.16081,1.013208,0.688924,0.984037
31_IS_Techno_TS_HIGH_TEMP_gwp21,TS_HIGH_TEMP,21.39,,,,70.052794,18.919411,11.72562,7.97575,1.333289,0.50044,1.008586
32_IS_Techno_TS_HIGH_TEMP_gwp22,TS_HIGH_TEMP,21.89,,,,70.053127,17.075906,8.953001,6.828394,1.408041,0.963875,1.088709
33_IS_Techno_TS_HIGH_TEMP_gwp22,TS_HIGH_TEMP,22.39,,,,70.050387,17.781596,9.796497,7.64347,1.165343,0.566512,0.995808
34_IS_Techno_TS_HIGH_TEMP_gwp23,TS_HIGH_TEMP,22.89,,,,70.042891,17.248242,8.755842,8.465184,0.900781,1.362791,1.154041
35_IS_Techno_TS_HIGH_TEMP_gwp23,TS_HIGH_TEMP,23.39,,,,70.044336,18.656515,11.329104,7.932817,1.268966,1.574462,0.686524
36_IS_Techno_TS_HIGH_TEMP_gwp24,TS_HIGH_TEMP,23.89,,,,70.044587,16.540801,9.373042,7.041574,1.38167,0.91503,1.0339
37_IS_Techno_TS_HIGH_TEMP_gwp24,TS_HIGH_TEMP,24.39,,,,70.044958,16.72241,8.762289,6.59241,1.970895,1.216724,1.173687
38_IS_Techno_TS_HIGH_TEMP_gwp25,TS_HIGH_TEMP,24.89,,,,70.043571,17.120277,9.037677,9.069665,1.153,0.68917,0.826904
39_IS_Techno_TS_HIGH_TEMP_gwp25,TS_HIGH_TEMP,25.39,,,,70.04255,17.913928,9.582819,10.616491,1.537819,1.658719,0.855703
40_IS_Techno_TS_HIGH_TEMP_gwp26,TS_HIGH_TEMP,25.89,,,,69.998775,18.309149,8.762673,8.61921,1.13577,1.233837,1.117673
41_IS_Techno_TS_HIGH_TEMP_gwp26,TS_HIGH_TEMP,26.39,,,,69.944904,18.02587,9.893987,7.669103,1.369747,1.147294,1.075663
42_IS_Techno_TS_HIGH_TEMP_gwp27,TS_HIGH_TEMP,26.89,,,,69.869235,19.029798,13.928278,7.693065,1.506091,2.417703,0.915391
43_IS_Techno_TS_HIGH_TEMP_gwp27,TS_HIGH_TEMP,27.39,,,,69.781344,16.671443,8.808418,6.167293,1.894604,1.117322,0.895113
44_IS_Techno_TS_HIGH_TEMP_gwp28,TS_HIGH_TEMP,27.89,,,,69.767534,17.203458,8.781223,6.699487,1.483041,0.882361,1.217941
45_IS_Techno_TS_HIGH_TEMP_gwp28,TS_HIGH_TEMP,28.39,,,,69.758011,16.636872,8.871234,6.760797,1.185605,0.380222,1.04241
46_IS_Techno_TS_HIGH_TEMP_gwp29,TS_HIGH_TEMP,28.89,,,,69.754675,16.589489,8.637672,6.428002,1.570509,1.152029,1.235056
47_IS_Techno_TS_HIGH_TEMP_gwp29,TS_HIGH_TEMP,29.39,,,,69.716063,16.773245,8.829683,7.156331,1.225098,0.489992,1.185816
48_IS_Techno_TS_HIGH_TEMP_gwp30,TS_HIGH_TEMP,29.89,,,,69.693682,17.51564,10.109718,8.724181,4.283325,0.911087,0.899319
49_IS_Techno_TS_HIGH_TEMP_gwp30,TS_HIGH_TEMP,30.39,,,,69.681392,16.565575,7.990628,6.174011,1.006114,0.713831,1.006867
50_IS_Techno_TS_HIGH_TEMP_gwp31,TS_HIGH_TEMP,30.89,,,,69.614724,17.502428,10.919221,6.897501,0.840225,0.59525,0.818865
51_IS_Techno_TS_HIGH_TEMP_gwp31,TS_HIGH_TEMP,31.39,,,,69.245858,17.182321,8.897983,8.058693,3.565868,1.896013,0.998262
52_IS_Techno_TS_HIGH_TEMP_gwp32,TS_HIGH_TEMP,31.89,,,,69.279357,16.650266,8.251039,6.159148,1.238943,0.794627,1.064911
53_IS_Techno_TS_HIGH_TEMP_gwp32,TS_HIGH_TEMP,32.39,,,,69.268748,16.93086,8.888107,6.575715,1.096184,0.840714,1.028799
54_IS_Techno_TS_HIGH_TEMP_gwp33,TS_HIGH_TEMP,32.89,,,,69.238708,17.415041,8.619765,6.79612,1.138452,0.896371,1.066126
55_IS_Techno_TS_HIGH_TEMP_gwp33,TS_HIGH_TEMP,33.39,,,,69.21629,16.823111,8.866011,6.477082,1.493763,1.077503,1.156249
56_IS_Techno_TS_HIGH_TEMP_gwp34,TS_HIGH_TEMP,33.89,,,,68.958966,17.214399,8.571759,6.426688,1.899839,1.767056,1.074341
57_IS_Techno_TS_HIGH_TEMP_gwp34,TS_HIGH_TEMP,34.39,,,,68.642511,18.285627,10.388982,6.214249,0.980571,0.699546,0.77312
58_IS_Techno_TS_HIGH_TEMP_gwp35,TS_HIGH_TEMP,34.89,,,,68.623708,17.227526,9.018395,6.317785,0.80925,0.600382,0.859015
59_IS_Techno_TS_HIGH_TEMP_gwp35,TS_HIGH_TEMP,35.39,,,,67.569095,17.397384,9.450769,6.177734,1.108076,0.747025,1.087716
60_IS_Techno_TS_HIGH_TEMP_gwp36,TS_HIGH_TEMP,35.89,,,,67.552282,17.032017,8.433507,6.824391,1.788292,0.754311,1.042213
61_IS_Techno_TS_HIGH_TEMP_gwp36,TS_HIGH_TEMP,36.39,,,,67.215438,17.634388,9.354408,6.146148,1.283307,1.070506,0.939871
62_IS_Techno_TS_HIGH_TEMP_gwp37,TS_HIGH_TEMP,36.89,,,,66.741138,17.869838,9.450255,6.473206,1.662674,1.259203,1.048712
63_IS_Techno_TS_HIGH_TEMP_gwp37,TS_HIGH_TEMP,37.39,,,,66.741098,17.177858,8.863313,7.200695,1.856003,0.974524,1.052487
64_IS_Techno_TS_HIGH_TEMP_gwp38,TS_HIGH_TEMP,37.89,,,,66.657793,17.224091,8.803513,6.527627,1.162989,0.65063,1.177538
65_IS_Techno_TS_HIGH_TEMP_gwp38,TS_HIGH_TEMP,38.39,,,,66.656926,17.101599,8.384238,6.34493,1.310773,1.07178,0.915196
66_IS_Techno_TS_HIGH_TEMP_gwp39,TS_HIGH_TEMP,38.89,,,,66.53685,18.497192,9.513892,6.192157,1.093681,0.938481,1.015922
67_IS_Techno_TS_HIGH_TEMP_gwp39,TS_HIGH_TEMP,39.39,,,,66.490324,17.24643,9.904792,6.443989,1.096456,0.979469,0.941551
68_IS_Techno_TS_HIGH_TEMP_gwp40,TS_HIGH_TEMP,39.89,,,,66.315212,16.846138,9.067694,9.223482,1.266423,0.514159,0.828089
69_IS_Techno_TS_HIGH_TEMP_gwp40,TS_HIGH_TEMP,40.39,,,,66.219105,17.050664,8.429508,9.299856,1.193795,1.096015,1.03665
70_IS_Techno_TS_HIGH_TEMP_gwp41,TS_HIGH_TEMP,40.89,,,,65.890592,16.940451,8.378497,6.815708,1.139269,0.91663,1.040008
71_IS_Techno_TS_HIGH_TEMP_gwp41,TS_HIGH_TEMP,41.39,,,,65.811603,16.885999,9.000484,6.50488,1.232301,0.895096,0.866304
72_IS_Techno_TS_HIGH_TEMP_gwp42,TS_HIGH_TEMP,41.89,,,,65.602218,17.063658,8.457918,6.140568,1.112754,1.023217,0.987294
73_IS_Techno_TS_HIGH_TEMP_gwp42,TS_HIGH_TEMP,42.39,,,,65.570672,17.227422,9.993115,7.573889,0.916876,0.586024,1.022333
74_IS_Techno_TS_HIGH_TEMP_gwp43,TS_HIGH_TEMP,42.89,,,,65.556769,17.085034,11.532682,6.940865,1.380427,1.400585,0.849292
75_IS_Techno_TS_HIGH_TEMP_gwp43,TS_HIGH_TEMP,43.39,,,,65.523213,17.967934,9.862556,8.259872,1.112343,0.963834,1.120724
76_IS_Techno_TS_HIGH_TEMP_gwp44,TS_HIGH_TEMP,43.89,,,,65.522994,17.857941,8.68213,6.475062,1.952935,0.68227,0.906008
77_IS_Techno_TS_HIGH_TEMP_gwp44,TS_HIGH_TEMP,44.39,,,,65.522771,19.35146,11.119572,7.769976,1.189073,0.347559,1.267242
78_IS_Techno_TS_HIGH_TEMP_gwp45,TS_HIGH_TEMP,44.89,,,,65.470976,17.567749,9.931816,6.136594,1.091168,0.911665,1.049018
79_IS_Techno_TS_HIGH_TEMP_gwp45,TS_HIGH_TEMP,45.39,,,,65.468821,17.84514,9.372035,8.527747,1.179061,1.014572,0.927465
80_IS_Techno_TS_HIGH_TEMP_gwp46,TS_HIGH_TEMP,45.89,,,,65.384386,17.978744,9.766875,6.582868,2.226955,1.676319,1.039089
81_IS_Techno_TS_HIGH_TEMP_gwp46,TS_HIGH_TEMP,46.39,,,,63.092399,17.165963,9.392654,6.790194,2.162808,1.782512,0.915446
82_IS_Techno_TS_HIGH_TEMP_gwp47,TS_HIGH_TEMP,46.89,,,,62.065415,16.541486,9.717291,10.689341,1.549066,2.767002,1.252152
83_IS_Techno_TS_HIGH_TEMP_gwp47,TS_HIGH_TEMP,47.39,,,,61.985746,16.738108,8.583717,7.235323,1.668503,0.869586,1.051705
84_IS_Techno_TS_HIGH_TEMP_gwp48,TS_HIGH_TEMP,47.89,,,,61.966026,16.714114,9.907319,6.155508,1.386641,0.958233,1.042467
85_IS_Techno_TS_HIGH_TEMP_gwp48,TS_HIGH_TEMP,48.39,,,,61.952669,16.693558,9.151234,10.49357,1.016925,1.08528,1.170759
86_IS_Techno_TS_HIGH_TEMP_gwp49,TS_HIGH_TEMP,48.89,,,,61.834567,16.623552,9.346413,7.869104,1.10612,0.662126,0.964367
87_IS_Techno_TS_HIGH_TEMP_gwp49,TS_HIGH_TEMP,49.39,,,,61.81399,19.311711,9.564093,6.413607,1.231381,1.058711,0.970727
88_IS_Techno_TS_HIGH_TEMP_gwp50,TS_HIGH_TEMP,49.89,,,,61.024483,17.306051,11.240344,7.181916,1.257154,1.322135,0.850627
89_IS_Techno_TS_HIGH_TEMP_gwp50,TS_HIGH_TEMP,50.39,,,,60.822086,17.194372,9.3182,6.172111,1.210359,0.753227,1.001667
90_IS_Techno_TS_HIGH_TEMP_gwp51,TS_HIGH_TEMP,50.89,,,,60.555871,18.577682,9.927765,9.331217,2.101114,3.056528,1.178016
91_IS_Techno_TS_HIGH_TEMP_gwp51,TS_HIGH_TEMP,51.39,,,,60.550749,17.249548,9.605282,6.917995,1.155949,0.762786,1.127576
92_IS_Techno_TS_HIGH_TEMP_gwp52,TS_HIGH_TEMP,51.89,,,,60.520979,19.328907,8.668073,7.793428,1.283489,1.515605,1.012083
93_IS_Techno_TS_HIGH_TEMP_gwp52,TS_HIGH_TEMP,52.39,,,,60.106529,17.385477,9.727998,7.015849,1.33235,1.130528,1.069926
94_IS_Techno_TS_HIGH_TEMP_gwp53,TS_HIGH_TEMP,52.89,,,,60.03595,16.966872,8.611909,6.733354,1.390501,0.88304,0.984428
95_IS_Techno_TS_HIGH_TEMP_gwp53,TS_HIGH_TEMP,53.39,,,,59.980254,17.029029,9.668331,6.451398,0.749259,0.491612,0.64395
96_IS_Techno_TS_HIGH_TEMP_gwp54,TS_HIGH_TEMP,53.89,,,,59.601149,17.277646,8.738584,6.419256,1.173138,1.239055,0.953322
97_IS_Techno_TS_HIGH_TEMP_gwp54,TS_HIGH_TEMP,54.39,,,,59.501786,19.090069,9.137117,8.228391,1.575222,1.848861,1.168489
98_IS_Techno_TS_HIGH_TEMP_gwp55,TS_HIGH_TEMP,54.89,,,,59.449108,17.928728,8.972448,6.783436,1.437164,1.143616,0.949056
99_IS_Techno_TS_HIGH_TEMP_gwp55,TS_HIGH_TEMP,55.39,,,,58.820612,16.765333,9.046009,6.265126,1.44512,1.159268,1.114704
100_IS_Techno_TS_HIGH_TEMP_gwp56,TS_HIGH_TEMP,55.89,,,,57.605677,17.276013,10.446623,8.300297,0.93796,0.688143,0.787602
101_IS_Techno_TS_HIGH_TEMP_gwp56,TS_HIGH_TEMP,56.39,,,,55.034117,17.28984,9.761215,6.465283,1.329994,2.105592,1.022135
102_IS_Techno_TS_HIGH_TEMP_gwp57,TS_HIGH_TEMP,56.89,,,,51.956413,18.458586,11.408402,7.035091,2.062525,2.102598,1.033965
103_IS_Techno_TS_HIGH_TEMP_gwp57,TS_HIGH_TEMP,57.39,,,,47.139384,19.005789,9.47738,7.171527,1.583141,0.667267,1.230228
104_IS_Techno_TS_HIGH_TEMP_gwp58,TS_HIGH_TEMP,57.89,,,,43.205371,17.157474,9.349172,6.645078,1.560535,1.580309,1.08428
105_IS_Techno_TS_HIGH_TEMP_gwp58,TS_HIGH_TEMP,58.39,,,,41.621723,17.938088,9.511532,8.115384,1.338923,1.115976,1.050392
106_IS_Techno_TS_HIGH_TEMP_gwp59,TS_HIGH_TEMP,58.89,,,,40.75187,17.09916,9.589016,6.498248,1.524102,1.366937,1.22356
107_IS_Techno_TS_HIGH_TEMP_gwp59,TS_HIGH_TEMP,59.39,,,,40.654324,18.009125,9.419709,7.600721,8.143453,0.689823,0.731263
108_IS_Techno_TS_HIGH_TEMP_gwp60,TS_HIGH_TEMP,59.89,,,,40.41302,18.089534,9.60747,6.548121,1.417021,0.818881,1.051779
109_IS_Techno_TS_HIGH_TEMP_gwp60,TS_HIGH_TEMP,60.39,,,,39.664122,17.357046,9.733541,6.39096,1.459672,1.325966,1.024687
110_IS_Techno_TS_HIGH_TEMP_gwp61,TS_HIGH_TEMP,60.89,,,,39.227111,17.187055,8.950852,6.420107,1.246833,1.393608,0.957799
111_IS_Techno_TS_HIGH_TEMP_gwp61,TS_HIGH_TEMP,61.39,,,,38.983771,16.617952,9.126541,6.549024,1.385672,1.448544,1.266389
112_IS_Techno_TS_HIGH_TEMP_gwp62,TS_HIGH_TEMP,61.89,,,,38.641419,16.8239,9.039615,6.483939,1.141003,0.644071,1.12895
113_IS_Techno_TS_HIGH_TEMP_gwp62,TS_HIGH_TEMP,62.39,,,,38.513002,17.711334,8.428734,7.655657,0.998377,0.807365,1.117678
114_IS_Techno_TS_HIGH_TEMP_gwp63,TS_HIGH_TEMP,62.89,,,,38.017103,17.755331,9.218225,6.627052,2.004075,1.570354,1.17688
115_IS_Techno_TS_HIGH_TEMP_gwp63,TS_HIGH_TEMP,63.39,,,,37.740954,17.323548,8.754975,6.866601,1.09566,0.532118,0.982801
116_IS_Techno_TS_HIGH_TEMP_gwp64,TS_HIGH_TEMP,63.89,,,,35.481879,17.027109,8.913084,6.358155,1.555439,1.155266,1.079027
117_IS_Techno_TS_HIGH_TEMP_gwp64,TS_HIGH_TEMP,64.39,,,,34.567718,16.621242,9.508917,6.614522,1.046777,0.823843,1.106763
118_IS_Techno_TS_HIGH_TEMP_gwp65,TS_HIGH_TEMP,64.89,,,,32.415398,19.228923,12.039127,8.328915,1.666867,0.901375,0.996832
119_IS_Techno_TS_HIGH_TEMP_gwp65,TS_HIGH_TEMP,65.39,,,,31.243773,19.823041,9.463934,6.797854,1.345119,0.863632,0.558087
120_IS_Techno_TS_HIGH_TEMP_gwp66,TS_HIGH_TEMP,65.89,,,,31.090781,17.554677,9.03722,6.553838,1.082655,0.778517,1.079018
121_IS_Techno_TS_HIGH_TEMP_gwp66,TS_HIGH_TEMP,66.39,,,,30.954462,18.686145,11.408517,7.127985,1.24969,0.862996,1.146946
122_IS_Techno_TS_HIGH_TEMP_gwp67,TS_HIGH_TEMP,66.89,,,,30.850178,20.065311,10.149036,7.41878,1.684618,1.053912,0.98591
123_IS_Techno_TS_HIGH_TEMP_gwp67,TS_HIGH_TEMP,67.39,,,,29.768432,17.374522,9.164569,7.402176,1.704775,0.785082,1.101055
124_IS_Techno_TS_HIGH_TEMP_gwp68,TS_HIGH_TEMP,67.89,,,,29.276855,18.172845,10.199163,8.395572,2.129213,1.468003,1.128196
125_IS_Techno_TS_HIGH_TEMP_gwp68,TS_HIGH_TEMP,68.39,,,,28.903463,17.09284,9.048584,6.564878,1.307348,1.804937,1.095113
126_IS_Techno_TS_HIGH_TEMP_gwp69,TS_HIGH_TEMP,68.89,,,,26.554069,19.86154,10.729235,7.86078,1.673502,1.703875,1.112167
127_IS_Techno_TS_HIGH_TEMP_gwp69,TS_HIGH_TEMP,69.39,,,,23.37958,17.054139,8.673653,7.358409,1.245559,0.870952,1.263311
128_IS_Techno_TS_HIGH_TEMP_gwp70,TS_HIGH_TEMP,69.89,,,,16.946282,16.811112,9.243986,7.148606,1.970913,0.552609,1.377309
129_IS_Techno_TS_HIGH_TEMP_gwp70,TS_HIGH_TEMP,70.39,,,,15.652629,16.821272,8.432538,6.754651,0.919202,0.673494,1.151043
130_IS_Techno_TS_HIGH_TEMP_gwp71,TS_HIGH_TEMP,70.89,,,,13.797611,18.453679,9.121319,6.672735,1.530298,1.009672,1.121296
131_IS_Techno_TS_HIGH_TEMP_gwp71,TS_HIGH_TEMP,71.39,,,,13.36677,17.318315,10.275634,6.138111,1.156676,1.512967,1.077322
132_IS_Techno_TS_HIGH_TEMP_gwp72,TS_HIGH_TEMP,71.89,,,,13.303761,17.018207,8.902299,7.084127,1.355107,0.785551,1.176841
133_IS_Techno_TS_HIGH_TEMP_gwp72,TS_HIGH_TEMP,72.39,,,,13.272818,17.245193,9.017169,6.334331,1.377076,1.673007,1.348556
134_IS_Techno_TS_HIGH_TEMP_gwp73,TS_HIGH_TEMP,72.89,,,,12.750209,18.348681,8.893457,6.393012,1.318397,1.187322,1.23732
135_IS_Techno_TS_HIGH_TEMP_gwp73,TS_HIGH_TEMP,73.39,,,,11.965335,17.426604,8.849301,7.029373,1.051513,1.318534,1.142704
136_IS_Techno_TS_HIGH_TEMP_gwp74,TS_HIGH_TEMP,73.89,,,,10.696631,17.58898,9.2457,6.150288,1.523634,0.932029,1.413291
137_IS_Techno_TS_HIGH_TEMP_gwp74,TS_HIGH_TEMP,74.39,,,,9.230522,22.22386,8.624191,7.526507,0.864506,0.446868,1.197239
138_IS_Techno_TS_HIGH_TEMP_gwp75,TS_HIGH_TEMP,74.89,,,,9.048855,17.348659,8.672477,6.940663,1.788505,1.511785,1.260101
139_IS_Techno_TS_HIGH_TEMP_gwp75,TS_HIGH_TEMP,75.39,,,,7.999893,16.619338,9.5459,6.224369,1.296177,1.086219,1.193779
140_IS_Techno_TS_HIGH_TEMP_gwp76,TS_HIGH_TEMP,75.89,,,,7.754414,17.550029,8.73453,6.263387,1.846969,1.169672,1.237873
141_IS_Techno_TS_HIGH_TEMP_gwp76,TS_HIGH_TEMP,76.39,,,,7.30406,17.36356,9.201425,6.429166,2.438426,1.102656,1.088368
142_IS_Techno_TS_HIGH_TEMP_gwp77,TS_HIGH_TEMP,76.89,,,,7.065467,17.773104,8.815648,7.825134,2.539449,1.223436,1.135632
143_IS_Techno_TS_HIGH_TEMP_gwp77,TS_HIGH_TEMP,77.39,,,,6.65259,16.568186,11.909155,8.319913,1.403595,0.398175,1.048771
144_IS_Techno_TS_HIGH_TEMP_gwp78,TS_HIGH_TEMP,77.89,,,,5.984117,16.846237,8.781405,6.404233,1.044481,0.932318,1.087564
145_IS_Techno_TS_HIGH_TEMP_gwp78,TS_HIGH_TEMP,78.39,,,,5.755116,16.556192,8.695949,6.22292,2.183977,0.57838,1.433611
146_IS_Techno_TS_HIGH_TEMP_gwp79,TS_HIGH_TEMP,78.89,,,,5.686573,17.794944,9.222918,6.727822,1.752097,0.717423,1.408515
147_IS_Techno_TS_HIGH_TEMP_gwp79,TS_HIGH_TEMP,79.39,,,,5.675345,16.680876,8.628158,6.279774,1.503203,1.334413,1.152363
148_IS_Techno_TS_HIGH_TEMP_gwp80,TS_HIGH_TEMP,79.89,,,,5.063675,17.481421,8.687997,11.553612,1.446534,1.374824,1.221382
149_IS_Techno_TS_HIGH_TEMP_gwp80,TS_HIGH_TEMP,80.39,,,,5.062448,16.552352,8.903024,6.314699,2.118431,0.588816,1.106528
150_IS_Techno_TS_HIGH_TEMP_gwp81,TS_HIGH_TEMP,80.89,,,,4.808175,17.211282,8.403004,7.189551,1.667103,1.541854,1.102151
151_IS_Techno_TS_HIGH_TEMP_gwp81,TS_HIGH_TEMP,81.39,,,,4.481282,17.020466,8.771198,6.144826,0.940588,1.194741,1.046204
152_IS_Techno_TS_HIGH_TEMP_gwp82,TS_HIGH_TEMP,81.89,,,,4.190328,17.464319,8.460247,6.584318,1.774931,1.102996,1.235808
153_IS_Techno_TS_HIGH_TEMP_gwp82,TS_HIGH_TEMP,82.39,,,,4.124152,16.536875,9.490055,6.179007,1.149104,0.768583,0.865182
154_IS_Techno_TS_HIGH_TEMP_gwp83,TS_HIGH_TEMP,82.89,,,,4.071681,17.42782,9.032743,11.545164,1.659964,1.832639,1.230303
155_IS_Techno_TS_HIGH_TEMP_gwp83,TS_HIGH_TEMP,83.39,,,,3.961291,18.795586,9.154207,6.69791,1.551121,1.096272,1.118181
156_IS_Techno_TS_HIGH_TEMP_gwp84,TS_HIGH_TEMP,83.89,,,,3.730961,17.704225,9.036417,13.344877,1.394988,1.183712,1.533648
157_IS_Techno_TS_HIGH_TEMP_gwp84,TS_HIGH_TEMP,84.39,,,,3.613785,17.462604,8.824041,7.957274,1.323858,0.638804,1.181549
158_IS_Techno_TS_HIGH_TEMP_gwp85,TS_HIGH_TEMP,84.89,,,,3.5026,17.272298,9.075433,6.192388,1.301924,0.888618,1.297589
159_IS_Techno_TS_HIGH_TEMP_gwp85,TS_HIGH_TEMP,85.39,,,,3.284891,18.766242,8.595091,6.542683,2.394926,1.229425,1.035893
160_IS_Techno_TS_HIGH_TEMP_gwp86,TS_HIGH_TEMP,85.89,,,,2.859727,17.826965,8.747844,6.221804,1.584491,0.708223,1.209658
161_IS_Techno_TS_HIGH_TEMP_gwp86,TS_HIGH_TEMP,86.39,,,,2.323582,19.433226,8.570774,6.253718,2.297456,0.51741,1.029527
162_IS_Techno_TS_HIGH_TEMP_gwp87,TS_HIGH_TEMP,86.89,,,,1.716357,16.54199,8.937293,6.428205,1.080328,3.680165,0.811622
163_IS_Techno_TS_HIGH_TEMP_gwp87,TS_HIGH_TEMP,87.39,,,,1.711782,18.694761,8.841233,6.611702,3.204878,1.718163,1.028846
164_IS_Techno_TS_HIGH_TEMP_gwp88,TS_HIGH_TEMP,87.89,,,,1.377666,17.272023,9.395188,6.364403,1.135732,0.73262,1.051825
165_IS_Techno_TS_HIGH_TEMP_gwp88,TS_HIGH_TEMP,88.39,,,,1.348176,16.739428,9.191127,6.141283,3.59687,1.262121,1.311381
166_IS_Techno_TS_HIGH_TEMP_gwp89,TS_HIGH_TEMP,88.89,,,,1.347228,19.118378,8.53612,6.173977,2.169496,5.911916,0.802926
167_IS_Techno_TS_HIGH_TEMP_gwp89,TS_HIGH_TEMP,89.39,,,,1.347146,16.973522,8.730586,6.398111,1.549602,1.367197,1.184249
168_IS_Techno_TS_HIGH_TEMP_gwp90,TS_HIGH_TEMP,89.89,,,,1.345009,16.570073,8.682293,6.182574,2.401075,2.3208,0.901334
169_IS_Techno_TS_HIGH_TEMP_gwp90,TS_HIGH_TEMP,90.39,,,,1.252681,17.841555,8.518147,6.178678,1.620841,2.597117,1.091388
170_IS_Techno_TS_HIGH_TEMP_gwp91,TS_HIGH_TEMP,90.89,,,,1.076601,19.385884,8.937929,6.354856,2.055616,2.364769,0.737515
171_IS_Techno_TS_HIGH_TEMP_gwp91,TS_HIGH_TEMP,91.39,,,,0.963708,22.930897,8.612474,6.480037,1.331652,1.907495,1.015105
