folder;techno_modifiee;gwp_constr;f_BATT_LI;f_BEV_BATT;f_BIOFUELS;f_GAS_STORAGE;f_H2_STORAGE;f_PHEV_BATT;f_TS;f_TS_DEC_DIRECT_ELEC;f_TS_DEC_HP_ELEC;f_TS_DHN_DAILY;f_TS_HIGH_TEMP;f_LFO_STORAGE;f_AMMONIA_STORAGE;f_METHANOL_STORAGE;f_GASOLINE_STORAGE;f_DIESEL_STORAGE;f_TS_DHN_SEASONAL;f_TS_DEC_BOILER_WOOD;f_TS_DEC_THHP_GAS;f_TS_DEC_BOILER_GAS;f_TS_DEC_BOILER_OIL;f_TS_DEC_COGEN_OIL;f_TS_DEC_COGEN_GAS;f_TS_DEC_ADVCOGEN_H2;f_TS_DEC_ADVCOGEN_GAS;f_PHS
Techno_BATT_LI_gwp0;BATT_LI;0.0;149.180156;4,00E-06;;0.002396;0.000448;3,00E-06;;6.6e-05;34.739272;0.000138;33.992133;0.728066;0.727659;0.727486;0.729519;0.731442;722.942473;6.6e-05;6.6e-05;6.6e-05;6.6e-05;6.5e-05;6.6e-05;6.5e-05;6.5e-05;5.000001
Techno_BATT_LI_gwp1;BATT_LI;1.2999999999999972;121.270062;2,00E-05;;0.00949;0.001763;1.3e-05;;0.000288;35.091069;0.000597;33.688676;2.717041;2.707539;2.706178;2.715341;2.704486;723.566247;0.000289;0.000289;0.000288;0.000288;0.000287;0.000288;0.000286;0.000286;5.00136
Techno_BATT_LI_gwp6;BATT_LI;6.299999999999997;75.060941;2.2e-05;;0.009938;0.001803;1.4e-05;;0.000281;43.519231;0.000666;70.555552;2.672441;2.667095;2.664455;2.671348;2.661817;737.58687;0.000281;0.000281;0.000281;0.00028;0.00028;0.00028;0.000279;0.000279;6.483339
Techno_BATT_LI_gwp11;BATT_LI;11.299999999999995;68.546904;5,00E-06;;0.002448;0.000451;3,00E-06;;7,00E-05;51.279565;0.000172;70.33585;0.633599;0.630499;0.629907;0.630576;0.628965;748.478822;7,00E-05;7,00E-05;7,00E-05;7,00E-05;6.9e-05;7,00E-05;6.9e-05;6.9e-05;6.474654
Techno_BATT_LI_gwp16;BATT_LI;16.299999999999997;66.269032;2.4e-05;;0.009376;0.001878;1.7e-05;;0.000386;53.810716;0.000862;70.302502;3.2295;3.248338;3.268533;3.352319;3.298322;763.092899;0.000387;0.000387;0.000387;0.000386;0.000385;0.000385;0.000383;0.000383;6.402992
Techno_BATT_LI_gwp21;BATT_LI;21.3;60.737772;2.8e-05;;0.012387;0.002396;1.7e-05;;0.000414;53.810738;0.001024;70.205416;3.302725;3.250556;3.244338;3.237105;3.222941;805.815389;0.000415;0.000415;0.000415;0.000415;0.000413;0.000414;0.000411;0.00041;6.498131
Techno_BATT_LI_gwp26;BATT_LI;26.3;59.89814;3,00E-06;;0.001742;0.000319;2,00E-06;;3.9e-05;53.81073;0.000114;70.078498;0.544603;0.544291;0.544146;0.544419;0.544164;811.738538;3.9e-05;3.9e-05;3.9e-05;3.9e-05;3.9e-05;3.9e-05;3.9e-05;3.9e-05;6.499962
Techno_BATT_LI_gwp31;BATT_LI;31.3;58.823935;2.4e-05;;0.009977;0.001892;1.5e-05;;0.000294;53.810737;0.001277;70.072599;2.911068;2.923489;2.938214;2.992461;2.954995;819.193901;0.000294;0.000294;0.000294;0.000294;0.000293;0.000294;0.000293;0.000292;6.498155
Techno_BATT_LI_gwp36;BATT_LI;36.3;57.281272;1.9e-05;;0.007943;0.001539;1.1e-05;;0.000241;55.069526;0.000756;70.153093;2.15132;2.136342;2.133874;2.138014;2.127554;836.694812;0.000241;0.000241;0.000241;0.000241;0.000241;0.000241;0.00024;0.000239;6.499857
Techno_BATT_LI_gwp41;BATT_LI;41.3;53.553894;1,00E-06;;0.000582;0.00012;1,00E-06;;1.6e-05;59.86236;4.5e-05;70.666674;0.188352;0.188583;0.188759;0.190012;0.189381;857.05733;1.6e-05;1.6e-05;1.6e-05;1.6e-05;1.6e-05;1.6e-05;1.6e-05;1.6e-05;6.499967
Techno_BATT_LI_gwp46;BATT_LI;46.3;50.875223;1.1e-05;;0.005453;0.002179;8,00E-06;;0.000174;61.68365;0.000521;70.118842;1.783402;1.789664;1.796509;1.81331;1.802791;896.900484;0.000174;0.000174;0.000174;0.000174;0.000173;0.000173;0.000173;0.000173;6.499683
Techno_BATT_LI_gwp51;BATT_LI;51.3;48.045916;2,00E-06;;0.001221;0.000233;1,00E-06;;3.1e-05;60.71263;0.000101;70.173811;0.371201;0.370112;0.370034;0.370508;0.370142;948.996477;3.1e-05;3.1e-05;3.1e-05;3.1e-05;3.1e-05;3.1e-05;3.1e-05;3.1e-05;6.499987
Techno_BATT_LI_gwp56;BATT_LI;56.3;46.455649;8,00E-06;;0.003626;0.00084;5,00E-06;;9.7e-05;60.434143;0.000342;70.284151;1.159987;1.183267;1.194661;1.214351;1.205783;1003.333004;9.7e-05;9.7e-05;9.7e-05;9.7e-05;9.7e-05;9.7e-05;9.7e-05;9.7e-05;6.499802
Techno_BATT_LI_gwp61;BATT_LI;61.3;46.351392;1,00E-05;;0.005185;0.00116;6,00E-06;;0.000137;60.365521;0.000449;70.195414;1.666019;1.670303;1.673714;1.685903;1.675948;1003.798875;0.000137;0.000137;0.000137;0.000137;0.000137;0.000137;0.000137;0.000137;6.499886
Techno_BEV_BATT_gwp0;BEV_BATT;0.0;2.3e-05;368.867477;;0.006852;0.001326;1.1e-05;;0.000234;51.798658;7.4e-05;71.308885;1.9646;1.962574;1.97437;1.992795;1.974984;747.62858;0.000234;0.000234;0.000234;0.000234;0.000233;0.000233;0.000232;0.000232;6.456308
Techno_BEV_BATT_gwp1;BEV_BATT;1.2999999999999972;46.350681;0.001651;;0.003662;0.000962;7,00E-06;;0.000153;60.365501;4.3e-05;70.195488;1.124872;1.110376;1.111704;1.114468;1.105391;1003.810765;0.000154;0.000153;0.000153;0.000153;0.000153;0.000153;0.000152;0.000151;6.499928
Techno_BEV_BATT_gwp6;BEV_BATT;6.299999999999997;46.351214;8.3e-05;;0.003244;0.000765;5,00E-06;;9.9e-05;60.365524;3.6e-05;70.195603;0.976366;0.976252;0.980656;0.987405;0.979989;1003.794358;9.9e-05;9.9e-05;9.9e-05;9.9e-05;9.9e-05;9.9e-05;9.9e-05;9.9e-05;6.499932
Techno_BEV_BATT_gwp11;BEV_BATT;11.299999999999995;46.351125;4.3e-05;;0.002734;0.000639;5,00E-06;;9.6e-05;60.365527;3,00E-05;70.195791;0.810939;0.804512;0.804641;0.808223;0.801349;1003.790215;9.6e-05;9.6e-05;9.6e-05;9.6e-05;9.6e-05;9.6e-05;9.5e-05;9.5e-05;6.499961
Techno_BEV_BATT_gwp16;BEV_BATT;16.299999999999997;46.351462;7.3e-05;;0.008676;0.001975;1.2e-05;;0.000261;60.365528;9.2e-05;70.194956;2.461196;2.453677;2.452816;2.457238;2.447402;1003.842509;0.000262;0.000261;0.000261;0.000261;0.00026;0.000261;0.000259;0.000259;6.499919
Techno_BEV_BATT_gwp21;BEV_BATT;21.3;46.351557;5.9e-05;;0.007908;0.001795;1.3e-05;;0.000274;60.365525;0.000112;70.194934;1.815257;1.799776;1.800606;1.807177;1.799034;1003.801365;0.000274;0.000274;0.000274;0.000274;0.000273;0.000273;0.000271;0.000271;6.499872
Techno_BEV_BATT_gwp26;BEV_BATT;26.3;46.351432;5.4e-05;;0.011416;0.002609;1.5e-05;;0.000346;60.365525;0.000121;70.194378;3.202301;3.185581;3.18325;3.184767;3.176227;1003.807703;0.000347;0.000346;0.000346;0.000346;0.000345;0.000345;0.000343;0.000343;6.499913
Techno_BEV_BATT_gwp31;BEV_BATT;31.3;46.351735;4.2e-05;;0.009319;0.002219;1.4e-05;;0.000308;60.365532;0.000102;70.194531;2.640412;2.629223;2.62754;2.634081;2.625393;1003.805589;0.000308;0.000308;0.000308;0.000308;0.000307;0.000308;0.000306;0.000306;6.499876
Techno_BEV_BATT_gwp36;BEV_BATT;36.3;46.351246;1.4e-05;;0.004218;0.00103;5,00E-06;;0.000117;60.365522;3.9e-05;70.195403;1.339284;1.338312;1.339753;1.344116;1.344588;1003.793775;0.000117;0.000117;0.000117;0.000117;0.000117;0.000117;0.000117;0.000116;6.499934
Techno_BEV_BATT_gwp41;BEV_BATT;41.3;46.351108;8,00E-06;;0.002721;0.000595;3,00E-06;;7.4e-05;60.365528;2.5e-05;70.195811;0.806689;0.804217;0.80434;0.804989;0.803372;1003.794906;7.4e-05;7.4e-05;7.4e-05;7.4e-05;7.3e-05;7.4e-05;7.3e-05;7.3e-05;6.49997
Techno_BEV_BATT_gwp46;BEV_BATT;46.3;46.351814;2,00E-05;;0.006696;0.001623;1.1e-05;;0.000256;60.365526;7.1e-05;70.194919;2.21373;2.214472;2.228531;2.255315;2.223334;1003.796888;0.000257;0.000257;0.000257;0.000257;0.000256;0.000256;0.000255;0.000254;6.499727
Techno_BEV_BATT_gwp51;BEV_BATT;51.3;46.351589;2.2e-05;;0.00814;0.001944;1.3e-05;;0.000301;60.365546;8.8e-05;70.194796;2.419767;2.400127;2.403623;2.40748;2.395762;1003.797641;0.000302;0.000302;0.000302;0.000301;0.000301;0.000301;0.000299;0.000299;6.49979
Techno_BEV_BATT_gwp56;BEV_BATT;56.3;46.351318;1.5e-05;;0.006461;0.00148;9,00E-06;;0.000192;60.365521;6.3e-05;70.195191;1.952124;1.948756;1.947976;1.9509;1.948161;1003.796957;0.000192;0.000192;0.000192;0.000192;0.000191;0.000191;0.000191;0.000191;6.499937
Techno_BEV_BATT_gwp61;BEV_BATT;61.3;46.352946;1.8e-05;;0.00704;0.001632;1,00E-05;;0.000224;60.365517;9.3e-05;70.194919;1.892593;1.924634;1.936102;1.980558;1.960714;1003.792753;0.000224;0.000224;0.000224;0.000224;0.000223;0.000223;0.000222;0.000222;6.499388
12_Techno_BIOFUELS_gwp0;BIOFUELS;0.0;46.351959;2,00E-05;803283.422827;0.009338;0.002035;1.2e-05;;0.000261;60.365522;0.000891;70.194832;820000.416844;803283.422827;790061.258414;786243.740651;782034.276997;1003.805481;0.000262;0.000262;0.000262;0.000261;0.000261;0.000261;0.00026;0.00026;6.499774
11_Techno_BIOFUELS_gwp0;BIOFUELS;0.0001999999999999;46.351369;1,00E-05;42.534671;0.004774;0.001109;6,00E-06;;0.000124;60.365523;0.000441;70.19543;42.348239;42.534671;42.721074;43.779795;43.023386;1003.7931;0.000124;0.000124;0.000124;0.000124;0.000124;0.000124;0.000124;0.000124;6.499923
10_Techno_BIOFUELS_gwp0;BIOFUELS;0.0006999999999999;46.35189;3,00E-05;28.207646;0.013455;0.003073;1.7e-05;;0.000396;60.365524;0.001276;70.19393;28.288697;28.207646;28.219853;28.289906;28.159678;1003.800059;0.000396;0.000396;0.000396;0.000396;0.000395;0.000395;0.000394;0.000393;6.499835
9_Techno_BIOFUELS_gwp0;BIOFUELS;0.0011999999999999;46.352109;2,00E-05;13.128013;0.008535;0.001881;1.3e-05;;0.000278;60.365519;0.000852;70.194874;13.10909;13.128013;13.166732;13.315267;13.17353;1003.795689;0.000278;0.000278;0.000278;0.000278;0.000277;0.000277;0.000276;0.000276;6.49973
8_Techno_BIOFUELS_gwp0;BIOFUELS;0.0016999999999999;46.351136;6,00E-06;3.079123;0.003105;0.000714;4,00E-06;;8.5e-05;60.365523;0.000277;70.195674;3.069629;3.079123;3.080891;3.102358;3.086164;1003.793867;8.5e-05;8.5e-05;8.5e-05;8.5e-05;8.5e-05;8.5e-05;8.5e-05;8.5e-05;6.499955
7_Techno_BIOFUELS_gwp0;BIOFUELS;0.0021999999999999;46.352001;3.2e-05;9.224344;0.013501;0.002976;1.9e-05;;0.000403;60.36553;0.001405;70.194166;9.227395;9.224344;9.224427;9.28704;9.220334;1003.803023;0.000404;0.000404;0.000404;0.000403;0.000403;0.000403;0.000401;0.000401;6.49977
6_Techno_BIOFUELS_gwp0;BIOFUELS;0.0026999999999999;46.35158;7,00E-06;2.348956;0.003546;0.000824;5,00E-06;;0.000104;60.365521;0.000358;70.195585;2.324241;2.348956;2.360911;2.404103;2.378303;1003.792952;0.000104;0.000104;0.000104;0.000104;0.000104;0.000104;0.000103;0.000103;6.499873
5_Techno_BIOFUELS_gwp0;BIOFUELS;0.0031999999999999;46.351161;7,00E-06;1.235082;0.002466;0.000636;4,00E-06;;8.2e-05;60.365523;0.000257;70.195732;1.242053;1.235082;1.234079;1.241748;1.229765;1003.791434;8.2e-05;8.2e-05;8.2e-05;8.2e-05;8.2e-05;8.2e-05;8.2e-05;8.2e-05;6.499953
4_Techno_BIOFUELS_gwp0;BIOFUELS;0.0036999999999999;46.350926;1,00E-06;0.205609;0.000404;9.1e-05;0.0;;9,00E-06;60.365522;2.8e-05;70.196146;0.205669;0.205609;0.205577;0.205595;0.205655;1003.78762;9,00E-06;9,00E-06;9,00E-06;9,00E-06;9,00E-06;9,00E-06;9,00E-06;9,00E-06;6.5
3_Techno_BIOFUELS_gwp0;BIOFUELS;0.0041999999999999;46.351496;3.1e-05;4.564445;0.013485;0.003126;1.7e-05;;0.000371;60.365523;0.001197;70.193805;4.594446;4.564445;4.560158;4.559658;4.549412;1003.833224;0.000371;0.000371;0.000371;0.000371;0.00037;0.00037;0.000369;0.000369;6.499909
2_Techno_BIOFUELS_gwp0;BIOFUELS;0.0046999999999999;46.351625;1.8e-05;3.023563;0.008105;0.001782;1.1e-05;;0.000241;60.365526;0.000719;70.195028;3.022056;3.023563;3.028812;3.055946;3.027513;1003.792815;0.000241;0.000241;0.000241;0.000241;0.000241;0.000241;0.00024;0.00024;6.499824
1_Techno_BIOFUELS_gwp0;BIOFUELS;0.0052;46.351025;3,00E-06;0.546181;0.001517;0.000354;2,00E-06;;3.9e-05;60.365523;0.000121;70.195948;0.545256;0.546181;0.547043;0.55;0.548106;1003.789294;3.9e-05;3.9e-05;3.9e-05;3.9e-05;3.9e-05;3.9e-05;3.9e-05;3.9e-05;6.499979
0_Techno_BIOFUELS_gwp0;BIOFUELS;0.0057;46.351392;1,00E-05;1.670303;0.005185;0.00116;6,00E-06;;0.000137;60.365521;0.000449;70.195414;1.666019;1.670303;1.673714;1.685903;1.675948;1003.798875;0.000137;0.000137;0.000137;0.000137;0.000137;0.000137;0.000137;0.000137;6.499886
Techno_GAS_STORAGE_gwp0;GAS_STORAGE;0.0;31.487814;1.3e-05;;421791.512328;2.424828;8,00E-06;;0.000162;56.118109;0.000588;83.048445;1.47312;1.467483;1.467923;1.472643;1.462853;1011.368373;0.000162;0.000162;0.000162;0.000162;0.000162;0.000162;0.000161;0.000161;6.4997
Techno_GAS_STORAGE_gwp1;GAS_STORAGE;0.7199999999999998;46.37373;3.3e-05;;4681.785033;0.970057;2,00E-05;;0.000449;55.700318;0.001434;79.647788;3.775497;3.776152;3.796176;3.845478;3.796347;976.271159;0.00045;0.00045;0.00045;0.000449;0.000448;0.000449;0.000446;0.000446;6.499575
Techno_GAS_STORAGE_gwp2;GAS_STORAGE;1.7199999999999998;46.351359;1.5e-05;;0.046065;0.001609;9,00E-06;;0.000204;60.365522;0.000617;70.195127;2.116993;2.113389;2.116375;2.124518;2.113051;1003.798042;0.000204;0.000204;0.000204;0.000204;0.000203;0.000203;0.000203;0.000202;6.499911
Techno_GAS_STORAGE_gwp3;GAS_STORAGE;2.72;46.351231;5,00E-06;;0.006051;0.000489;3,00E-06;;7,00E-05;60.365527;0.0002;70.195907;0.71812;0.724929;0.726365;0.734029;0.728019;1003.788511;7,00E-05;7,00E-05;7,00E-05;7,00E-05;6.9e-05;7,00E-05;6.9e-05;6.9e-05;6.499897
Techno_GAS_STORAGE_gwp4;GAS_STORAGE;3.72;46.351094;3,00E-06;;0.002303;0.0003;2,00E-06;;4.2e-05;60.365522;0.000153;70.196007;0.383342;0.383562;0.385062;0.389271;0.38554;1003.78872;4.2e-05;4.2e-05;4.2e-05;4.2e-05;4.2e-05;4.2e-05;4.2e-05;4.1e-05;6.499954
Techno_GAS_STORAGE_gwp5;GAS_STORAGE;4.72;46.351266;1.6e-05;;0.008427;0.001486;8,00E-06;;0.000173;60.365523;0.000662;70.195198;1.712906;1.703531;1.704098;1.703961;1.697495;1003.800007;0.000173;0.000173;0.000173;0.000173;0.000173;0.000173;0.000173;0.000172;6.499968
Techno_GAS_STORAGE_gwp6;GAS_STORAGE;5.72;46.351392;1,00E-05;;0.005185;0.00116;6,00E-06;;0.000137;60.365521;0.000449;70.195414;1.666019;1.670303;1.673714;1.685903;1.675948;1003.798875;0.000137;0.000137;0.000137;0.000137;0.000137;0.000137;0.000137;0.000137;6.499886
Techno_H2_STORAGE_gwp0;H2_STORAGE;0.0;46.40145;1.9e-05;;0.009271;11232.76677;1.4e-05;;0.000329;60.365544;0.000895;69.912019;3.129036;3.122296;3.132414;3.169853;3.131275;1025.35904;0.00033;0.00033;0.00033;0.000329;0.000329;0.000329;0.000327;0.000327;6.499472
Techno_H2_STORAGE_gwp1;H2_STORAGE;0.9000000000000004;46.332799;2.8e-05;;0.01175;0.235157;1.8e-05;;0.000418;60.365534;0.001171;70.0565;2.970461;2.935719;2.938804;2.939813;2.92218;1005.987245;0.000419;0.000419;0.000419;0.000419;0.000417;0.000418;0.000415;0.000414;6.499764
Techno_H2_STORAGE_gwp2;H2_STORAGE;1.9000000000000004;46.336038;2.9e-05;;0.011595;0.146299;1.6e-05;;0.000355;60.365523;0.001239;70.082226;3.065385;3.060819;3.065906;3.098503;3.072388;1004.869323;0.000356;0.000356;0.000356;0.000355;0.000355;0.000355;0.000353;0.000353;6.499683
Techno_H2_STORAGE_gwp3;H2_STORAGE;2.9000000000000004;46.350247;9,00E-06;;0.003604;0.010091;7,00E-06;;0.000141;60.36553;0.000377;70.188407;1.178988;1.173309;1.176025;1.187865;1.175888;1003.863531;0.000142;0.000142;0.000142;0.000142;0.000141;0.000141;0.00014;0.00014;6.49988
Techno_H2_STORAGE_gwp4;H2_STORAGE;3.9;46.351372;1.1e-05;;0.005238;0.004369;7,00E-06;;0.000151;60.365519;0.000521;70.193047;1.683949;1.69442;1.701442;1.721628;1.706878;1003.814634;0.000151;0.000151;0.000151;0.000151;0.000151;0.000151;0.00015;0.00015;6.499797
Techno_H2_STORAGE_gwp5;H2_STORAGE;4.9;46.351101;7,00E-06;;0.003186;0.001899;5,00E-06;;0.000107;60.365526;0.0003;70.194935;0.905154;0.896652;0.896176;0.897836;0.892608;1003.817301;0.000107;0.000107;0.000107;0.000107;0.000107;0.000107;0.000106;0.000106;6.49995
Techno_H2_STORAGE_gwp6;H2_STORAGE;5.9;46.352078;2.6e-05;;0.009539;0.004335;1.5e-05;;0.000309;60.365525;0.001024;70.19299;2.4762;2.461227;2.46539;2.477949;2.461019;1004.078212;0.00031;0.00031;0.00031;0.000309;0.000309;0.000309;0.000307;0.000307;6.499721
Techno_H2_STORAGE_gwp7;H2_STORAGE;6.9;46.351349;2,00E-05;;0.008389;0.002865;1.2e-05;;0.000264;60.365521;0.000816;70.194186;2.201328;2.187097;2.185727;2.189249;2.180053;1003.803634;0.000264;0.000264;0.000264;0.000264;0.000263;0.000264;0.000263;0.000262;6.499881
Techno_H2_STORAGE_gwp8;H2_STORAGE;7.9;46.351138;5,00E-06;;0.00256;0.0008;3,00E-06;;7.4e-05;60.365524;0.000228;70.1956;0.849436;0.852416;0.854501;0.861874;0.85793;1003.794448;7.4e-05;7.4e-05;7.4e-05;7.4e-05;7.4e-05;7.4e-05;7.4e-05;7.4e-05;6.499941
Techno_H2_STORAGE_gwp9;H2_STORAGE;8.9;46.351497;1.5e-05;;0.006151;0.001706;1,00E-05;;0.000222;60.365529;0.000612;70.194918;1.769107;1.753906;1.753988;1.761785;1.747134;1003.805614;0.000223;0.000223;0.000223;0.000222;0.000222;0.000222;0.00022;0.00022;6.499852
Techno_H2_STORAGE_gwp10;H2_STORAGE;9.9;46.351392;1,00E-05;;0.005185;0.00116;6,00E-06;;0.000137;60.365521;0.000449;70.195414;1.666019;1.670303;1.673714;1.685903;1.675948;1003.798875;0.000137;0.000137;0.000137;0.000137;0.000137;0.000137;0.000137;0.000137;6.499886
Techno_PHEV_BATT_gwp0;PHEV_BATT;0.0;34.912914;1.9e-05;;0.007472;0.04741;46.910316;;0.000274;59.229054;8.7e-05;70.074169;2.433479;2.411292;2.431467;2.470168;2.41233;1053.610335;0.000275;0.000274;0.000274;0.000274;0.000273;0.000274;0.000272;0.000272;6.499569
Techno_PHEV_BATT_gwp1;PHEV_BATT;1.0;46.348749;2.6e-05;;0.009592;0.00236;0.00868;;0.000357;60.36554;0.000121;70.194546;2.476325;2.445523;2.44368;2.443844;2.431547;1003.813345;0.000358;0.000358;0.000358;0.000357;0.000356;0.000356;0.000354;0.000353;6.499848
Techno_PHEV_BATT_gwp6;PHEV_BATT;6.0;46.35103;7,00E-06;;0.00321;0.0007;5.5e-05;;9,00E-05;60.365521;3.6e-05;70.195811;0.88053;0.879686;0.877931;0.879645;0.877385;1003.790461;9,00E-05;9,00E-05;9,00E-05;9,00E-05;9,00E-05;9,00E-05;8.9e-05;8.9e-05;6.499985
Techno_PHEV_BATT_gwp11;PHEV_BATT;11.0;46.351095;3,00E-06;;0.001688;0.000407;2.6e-05;;5.3e-05;60.365523;1.7e-05;70.195908;0.558541;0.559169;0.561087;0.567383;0.56121;1003.78913;5.3e-05;5.3e-05;5.3e-05;5.3e-05;5.3e-05;5.3e-05;5.3e-05;5.2e-05;6.499964
Techno_PHEV_BATT_gwp16;PHEV_BATT;16.0;46.351145;5,00E-06;;0.001907;0.000465;1.9e-05;;6.3e-05;60.365524;2.3e-05;70.195832;0.566458;0.567809;0.570704;0.579417;0.5712;1003.79;6.3e-05;6.3e-05;6.3e-05;6.3e-05;6.3e-05;6.3e-05;6.3e-05;6.3e-05;6.499939
Techno_PHEV_BATT_gwp21;PHEV_BATT;21.0;46.350973;2,00E-06;;0.000994;0.000226;6,00E-06;;2.6e-05;60.365522;9,00E-06;70.196043;0.319967;0.320225;0.320713;0.322362;0.320965;1003.78828;2.6e-05;2.6e-05;2.6e-05;2.6e-05;2.6e-05;2.6e-05;2.6e-05;2.6e-05;6.49999
Techno_PHEV_BATT_gwp26;PHEV_BATT;26.0;46.351171;9,00E-06;;0.003687;0.000911;1.9e-05;;0.000116;60.365521;4,00E-05;70.195493;1.051036;1.047213;1.047182;1.048427;1.04672;1003.793773;0.000116;0.000116;0.000116;0.000116;0.000116;0.000116;0.000115;0.000115;6.499952
Techno_PHEV_BATT_gwp31;PHEV_BATT;31.0;46.350951;2,00E-06;;0.001182;0.000269;4,00E-06;;2.7e-05;60.365522;9,00E-06;70.196014;0.382583;0.38241;0.382459;0.382812;0.382746;1003.788981;2.7e-05;2.7e-05;2.7e-05;2.7e-05;2.7e-05;2.7e-05;2.7e-05;2.7e-05;6.499997
Techno_PHEV_BATT_gwp36;PHEV_BATT;36.0;46.351045;3,00E-06;;0.001662;0.000382;5,00E-06;;4.4e-05;60.365522;1.6e-05;70.195961;0.512329;0.512041;0.512303;0.514589;0.511305;1003.79308;4.4e-05;4.4e-05;4.4e-05;4.4e-05;4.4e-05;4.4e-05;4.4e-05;4.4e-05;6.499983
Techno_PHEV_BATT_gwp41;PHEV_BATT;41.0;46.351397;1.8e-05;;0.007983;0.00185;2.6e-05;;0.000243;60.365521;8.6e-05;70.194898;2.279905;2.269076;2.267214;2.267234;2.261621;1003.805816;0.000243;0.000243;0.000243;0.000243;0.000242;0.000242;0.000241;0.000241;6.499932
Techno_PHEV_BATT_gwp46;PHEV_BATT;46.0;46.351274;1.9e-05;;0.008974;0.002188;2.3e-05;;0.000238;60.365526;9.1e-05;70.194541;2.532808;2.520118;2.518636;2.516739;2.513006;1003.802663;0.000238;0.000238;0.000238;0.000238;0.000237;0.000237;0.000237;0.000236;6.499949
Techno_PHEV_BATT_gwp51;PHEV_BATT;51.0;46.351271;8,00E-06;;0.004109;0.000902;1,00E-05;;0.000106;60.365521;3.9e-05;70.195567;1.256936;1.25765;1.258415;1.262548;1.258885;1003.797022;0.000106;0.000106;0.000106;0.000106;0.000105;0.000106;0.000105;0.000105;6.499943
Techno_PHEV_BATT_gwp56;PHEV_BATT;56.0;46.350999;3,00E-06;;0.001641;0.000386;3,00E-06;;4.4e-05;60.365522;1.4e-05;70.195921;0.533642;0.533487;0.53393;0.535395;0.534065;1003.789953;4.4e-05;4.4e-05;4.4e-05;4.4e-05;4.4e-05;4.4e-05;4.4e-05;4.4e-05;6.499981
Techno_PHEV_BATT_gwp61;PHEV_BATT;61.0;46.350945;3,00E-06;;0.001474;0.000346;3,00E-06;;3.8e-05;60.365523;1.5e-05;70.195954;0.422864;0.421655;0.421411;0.421094;0.420838;1003.789306;3.8e-05;3.8e-05;3.8e-05;3.8e-05;3.8e-05;3.8e-05;3.8e-05;3.8e-05;6.499997
Techno_PHEV_BATT_gwp66;PHEV_BATT;66.0;46.351249;8,00E-06;;0.003013;0.000762;7,00E-06;;0.000101;60.365525;3.2e-05;70.195661;0.864499;0.861746;0.86177;0.864583;0.861109;1003.792511;0.000101;0.000101;0.000101;0.000101;0.0001;0.0001;0.0001;0.0001;6.499943
Techno_PHEV_BATT_gwp71;PHEV_BATT;71.0;46.351365;7,00E-06;;0.003056;0.000767;6,00E-06;;9,00E-05;60.365521;3.1e-05;70.195587;0.987286;0.998889;0.996794;1.006205;1.008013;1003.794477;9,00E-05;9.1e-05;9,00E-05;9,00E-05;9,00E-05;9,00E-05;9,00E-05;9,00E-05;6.499858
Techno_PHEV_BATT_gwp76;PHEV_BATT;76.0;46.351457;1.3e-05;;0.005892;0.001369;1,00E-05;;0.000177;60.365524;6.2e-05;70.195177;1.776167;1.774839;1.777884;1.788674;1.778078;1003.795812;0.000177;0.000177;0.000177;0.000177;0.000176;0.000177;0.000176;0.000176;6.499884
Techno_PHEV_BATT_gwp81;PHEV_BATT;81.0;46.352191;2.9e-05;;0.012172;0.002698;2.3e-05;;0.000389;60.365544;0.000147;70.194133;3.261715;3.261013;3.264302;3.285421;3.269833;1003.801458;0.000389;0.000389;0.000389;0.000389;0.000388;0.000388;0.000387;0.000386;6.499618
Techno_PHEV_BATT_gwp86;PHEV_BATT;86.0;46.351165;6,00E-06;;0.002484;0.000629;5,00E-06;;9.1e-05;60.365522;3,00E-05;70.195727;0.707164;0.702616;0.703035;0.706774;0.701673;1003.791444;9.1e-05;9.1e-05;9.1e-05;9.1e-05;9,00E-05;9,00E-05;9,00E-05;9,00E-05;6.499932
Techno_PHEV_BATT_gwp91;PHEV_BATT;91.0;46.35135;1.2e-05;;0.005592;0.001335;8,00E-06;;0.000156;60.365528;5.9e-05;70.195144;1.59863;1.593909;1.593446;1.595577;1.5916;1003.796362;0.000156;0.000156;0.000156;0.000156;0.000156;0.000156;0.000155;0.000155;6.499924
Techno_PHEV_BATT_gwp96;PHEV_BATT;96.0;46.351698;2.9e-05;;0.012086;0.002725;1.9e-05;;0.000378;60.365524;0.000134;70.194476;3.320626;3.298277;3.294961;3.296394;3.285971;1003.799718;0.000378;0.000378;0.000378;0.000378;0.000377;0.000377;0.000376;0.000375;6.499851
Techno_PHEV_BATT_gwp101;PHEV_BATT;101.0;46.352946;1.8e-05;;0.00704;0.001632;1,00E-05;;0.000224;60.365517;9.3e-05;70.194919;1.892593;1.924634;1.936102;1.980558;1.960714;1003.792753;0.000224;0.000224;0.000224;0.000224;0.000223;0.000223;0.000222;0.000222;6.499388
Techno_TS_gwp0;TS;0.0;46.683553;6,00E-06;;0.003;0.000575;3,00E-06;0.0;865.666623;60.365522;4805.568377;70.576892;0.852513;0.849939;0.849209;0.849213;0.849544;757.046843;866.691248;866.631218;866.406894;866.200506;864.183483;864.143586;860.40539;859.981447;6.499982
Techno_TS_gwp1;TS;0.6200000000000001;46.683961;1.4e-05;;0.005872;0.001145;8,00E-06;0.0;0.00136;60.36553;5326.174466;70.576865;1.52054;1.506036;1.505699;1.507188;1.498603;757.05536;0.001361;0.001361;0.001361;0.00136;0.001358;0.001358;0.001353;0.001353;6.499905
Techno_TS_gwp2;TS;1.62;46.684657;1.1e-05;;0.004142;0.000761;6,00E-06;0.0;0.000397;60.365522;5581.680065;70.577;1.004059;1.006133;1.012171;1.028014;1.014281;757.272882;0.000398;0.000398;0.000398;0.000398;0.000397;0.000397;0.000395;0.000395;6.499734
Techno_TS_gwp3;TS;2.62;46.683579;4,00E-06;;0.001863;0.000371;2,00E-06;0.0;0.000125;60.365522;5674.348414;70.576893;0.587612;0.586296;0.58658;0.589199;0.586546;757.045634;0.000125;0.000125;0.000125;0.000125;0.000125;0.000125;0.000124;0.000124;6.499954
Techno_TS_gwp4;TS;3.62;46.684056;1.5e-05;;0.008092;0.00161;1,00E-05;0.0;0.000394;60.365524;5681.852963;70.576833;2.62234;2.604829;2.604122;2.60877;2.59541;757.047079;0.000395;0.000395;0.000395;0.000395;0.000394;0.000394;0.000392;0.000392;6.499825
Techno_TS_gwp5;TS;4.62;46.683626;6,00E-06;;0.002613;0.000506;4,00E-06;0.0;0.000102;60.365523;5804.761119;70.576894;0.738208;0.733803;0.732918;0.734417;0.730415;757.047674;0.000102;0.000102;0.000102;0.000102;0.000102;0.000102;0.000102;0.000101;6.499954
Techno_TS_gwp6;TS;5.62;46.684146;1.6e-05;;0.006756;0.001367;1,00E-05;0.0;0.000243;60.365528;5784.860902;70.57688;1.850251;1.840191;1.840494;1.850821;1.83644;757.046754;0.000243;0.000243;0.000243;0.000243;0.000242;0.000242;0.000241;0.000241;6.499809
Techno_TS_DEC_DIRECT_ELEC_gwp6;TS_DEC_DIRECT_ELEC;5.62;46.684146;1.6e-05;;0.006756;0.001367;1,00E-05;;0.000243;60.365528;5784.860902;70.57688;1.850251;1.840191;1.840494;1.850821;1.83644;757.046754;0.000243;0.000243;0.000243;0.000243;0.000242;0.000242;0.000241;0.000241;6.499809
Techno_TS_DEC_HP_ELEC_gwp0;TS_DEC_HP_ELEC;0.0;46.329097;1.1e-05;;0.005616;0.001185;7,00E-06;;0.000146;1542.845082;0.000444;70.168009;1.72088;1.714672;1.713158;1.713232;1.710136;1006.699286;0.000146;0.000146;0.000146;0.000146;0.000146;0.000146;0.000146;0.000146;6.499966
Techno_TS_DEC_HP_ELEC_gwp1;TS_DEC_HP_ELEC;0.6200000000000001;46.355257;1.7e-05;;0.007427;0.00163;1.1e-05;;0.000236;63.147641;0.000771;70.169688;2.174879;2.173852;2.176723;2.192417;2.197243;1007.144736;0.000237;0.000237;0.000237;0.000237;0.000236;0.000236;0.000235;0.000235;6.499816
Techno_TS_DEC_HP_ELEC_gwp2;TS_DEC_HP_ELEC;1.62;46.354492;9,00E-06;;0.004295;0.001012;5,00E-06;;0.000124;63.116392;0.000454;70.169724;1.304939;1.311633;1.317078;1.331339;1.324283;1006.851075;0.000124;0.000124;0.000124;0.000124;0.000123;0.000124;0.000123;0.000123;6.499843
Techno_TS_DEC_HP_ELEC_gwp3;TS_DEC_HP_ELEC;2.62;46.36866;6,00E-06;;0.002677;0.000695;4,00E-06;;9.2e-05;61.993585;0.000277;70.185177;0.826955;0.825827;0.827292;0.836639;0.82955;1007.070939;9.2e-05;9.2e-05;9.2e-05;9.2e-05;9.2e-05;9.2e-05;9.1e-05;9.1e-05;6.499895
Techno_TS_DEC_HP_ELEC_gwp4;TS_DEC_HP_ELEC;3.62;46.373788;3.5e-05;;0.014041;0.003012;1.9e-05;;0.000406;60.434217;0.001458;70.193216;3.394364;3.373847;3.371562;3.373872;3.361353;1003.726835;0.000406;0.000407;0.000406;0.000406;0.000405;0.000405;0.000404;0.000403;6.499853
Techno_TS_DEC_HP_ELEC_gwp5;TS_DEC_HP_ELEC;4.62;46.351817;2.2e-05;;0.010099;0.00245;1.4e-05;;0.000309;60.36553;0.000915;70.194308;3.130107;3.114661;3.11799;3.133545;3.108315;1003.804189;0.000309;0.00031;0.000309;0.000309;0.000309;0.000309;0.000308;0.000307;6.499829
Techno_TS_DEC_HP_ELEC_gwp6;TS_DEC_HP_ELEC;5.62;46.351392;1,00E-05;;0.005185;0.00116;6,00E-06;;0.000137;60.365521;0.000449;70.195414;1.666019;1.670303;1.673714;1.685903;1.675948;1003.798875;0.000137;0.000137;0.000137;0.000137;0.000137;0.000137;0.000137;0.000137;6.499886
Techno_TS_DHN_DAILY_gwp0;TS_DHN_DAILY;0.0;46.684146;1.6e-05;;0.006756;0.001367;1,00E-05;;0.000243;60.365528;5784.860902;70.57688;1.850251;1.840191;1.840494;1.850821;1.83644;757.046754;0.000243;0.000243;0.000243;0.000243;0.000242;0.000242;0.000241;0.000241;6.499809
Techno_TS_DHN_DAILY_gwp1;TS_DHN_DAILY;1.2000000000000028;46.468512;3,00E-05;;0.011135;0.002288;1.9e-05;;0.00042;60.365532;87.888808;70.352481;2.959462;2.914067;2.907275;2.906174;2.889283;898.529898;0.00042;0.00042;0.00042;0.00042;0.000418;0.000419;0.000416;0.000415;6.499852
Techno_TS_DHN_DAILY_gwp4;TS_DHN_DAILY;4.200000000000003;46.351556;2.4e-05;;0.009103;0.002036;1.3e-05;;0.000271;60.365527;0.001351;70.194707;2.119659;2.098599;2.095959;2.096893;2.086589;1003.838355;0.000272;0.000272;0.000272;0.000272;0.000271;0.000271;0.00027;0.000269;6.499887
Techno_TS_DHN_DAILY_gwp7;TS_DHN_DAILY;7.200000000000003;46.351746;2.7e-05;;0.010777;0.00251;1.7e-05;;0.000357;60.36552;0.000738;70.194444;3.279397;3.272713;3.276541;3.298677;3.273338;1003.800031;0.000358;0.000358;0.000357;0.000357;0.000356;0.000356;0.000355;0.000354;6.499772
Techno_TS_DHN_DAILY_gwp10;TS_DHN_DAILY;10.200000000000005;46.351887;2.2e-05;;0.009309;0.002247;1.3e-05;;0.000315;60.365554;0.000457;70.194466;2.694547;2.681199;2.691284;2.714678;2.687196;1003.796876;0.000315;0.000316;0.000315;0.000315;0.000314;0.000314;0.000313;0.000312;6.499771
Techno_TS_DHN_DAILY_gwp13;TS_DHN_DAILY;13.200000000000005;46.351037;5,00E-06;;0.002161;0.000479;3,00E-06;;6.3e-05;60.365523;6.2e-05;70.19589;0.654581;0.651927;0.651968;0.653387;0.650443;1003.789536;6.3e-05;6.3e-05;6.3e-05;6.3e-05;6.3e-05;6.3e-05;6.3e-05;6.3e-05;6.499978
Techno_TS_DHN_DAILY_gwp16;TS_DHN_DAILY;16.200000000000003;46.351634;2.8e-05;;0.012691;0.002993;1.6e-05;;0.000375;60.365517;0.000331;70.194042;3.416824;3.390797;3.386213;3.389415;3.378042;1003.807406;0.000375;0.000375;0.000375;0.000375;0.000374;0.000374;0.000373;0.000372;6.499894
Techno_TS_DHN_DAILY_gwp19;TS_DHN_DAILY;19.200000000000003;46.351808;2.9e-05;;0.012726;0.002671;1.6e-05;;0.000365;60.365543;0.000282;70.194302;3.286301;3.276241;3.276939;3.287839;3.270782;1003.805968;0.000366;0.000366;0.000366;0.000365;0.000365;0.000365;0.000363;0.000363;6.499798
Techno_TS_DHN_DAILY_gwp22;TS_DHN_DAILY;22.200000000000003;46.35157;1.7e-05;;0.008103;0.001852;1.1e-05;;0.000245;60.36553;0.000141;70.194962;2.451372;2.440488;2.443131;2.458096;2.434755;1003.821018;0.000245;0.000245;0.000245;0.000245;0.000244;0.000245;0.000244;0.000243;6.499843
Techno_TS_DHN_DAILY_gwp25;TS_DHN_DAILY;25.200000000000003;46.351186;4,00E-06;;0.002116;0.000477;2,00E-06;;5.4e-05;60.365524;3,00E-05;70.195851;0.659931;0.662586;0.664916;0.671607;0.666325;1003.808325;5.4e-05;5.4e-05;5.4e-05;5.4e-05;5.4e-05;5.4e-05;5.4e-05;5.4e-05;6.499953
Techno_TS_DHN_DAILY_gwp28;TS_DHN_DAILY;28.200000000000003;46.35116;5,00E-06;;0.002477;0.000545;3,00E-06;;6,00E-05;60.365522;3.1e-05;70.195802;0.781984;0.787482;0.789406;0.798259;0.792985;1003.791225;6,00E-05;6,00E-05;6,00E-05;6,00E-05;6,00E-05;6,00E-05;6,00E-05;6,00E-05;6.499949
Techno_TS_DHN_DAILY_gwp31;TS_DHN_DAILY;31.200000000000003;46.351448;1.4e-05;;0.007224;0.001712;9,00E-06;;0.000208;60.365522;8.3e-05;70.194924;2.172559;2.167601;2.169266;2.179725;2.163854;1003.799132;0.000209;0.000209;0.000209;0.000208;0.000208;0.000208;0.000208;0.000208;6.49988
Techno_TS_DHN_DAILY_gwp34;TS_DHN_DAILY;34.2;46.351299;1.2e-05;;0.006759;0.001515;8,00E-06;;0.000188;60.36553;6.4e-05;70.19519;2.151072;2.145396;2.145586;2.148063;2.145288;1003.807716;0.000188;0.000188;0.000188;0.000188;0.000188;0.000188;0.000187;0.000187;6.499941
Techno_TS_DHN_DAILY_gwp37;TS_DHN_DAILY;37.2;46.352946;1.8e-05;;0.00704;0.001632;1,00E-05;;0.000224;60.365517;9.3e-05;70.194919;1.892593;1.924634;1.936102;1.980558;1.960714;1003.792753;0.000224;0.000224;0.000224;0.000224;0.000223;0.000223;0.000222;0.000222;6.499388
Techno_TS_HIGH_TEMP_gwp0;TS_HIGH_TEMP;0.0;46.343159;4,00E-06;;0.002316;0.000455;3,00E-06;;6.6e-05;60.365525;0.000194;1087.825476;0.795926;0.804281;0.80751;0.817901;0.814278;1002.946476;6.6e-05;6.6e-05;6.6e-05;6.6e-05;6.6e-05;6.6e-05;6.6e-05;6.6e-05;6.499893
Techno_TS_HIGH_TEMP_gwp1;TS_HIGH_TEMP;0.8899999999999997;46.34292;6,00E-06;;0.003222;0.000661;4,00E-06;;0.0001;60.365524;0.000283;71.936741;1.013918;1.009341;1.009587;1.011415;1.006229;1002.943222;0.0001;0.0001;0.0001;0.0001;0.0001;0.0001;9.9e-05;9.9e-05;6.499972
Techno_TS_HIGH_TEMP_gwp2;TS_HIGH_TEMP;1.89;46.328966;5,00E-06;;0.002617;0.00051;3,00E-06;;6.8e-05;60.365523;0.000213;71.921721;0.773391;0.770919;0.770689;0.770451;0.769907;999.830013;6.8e-05;6.8e-05;6.8e-05;6.8e-05;6.8e-05;6.8e-05;6.8e-05;6.8e-05;6.499988
Techno_TS_HIGH_TEMP_gwp3;TS_HIGH_TEMP;2.89;46.33247;5,00E-06;;0.002555;0.00052;3,00E-06;;6.5e-05;60.365522;0.000214;70.88704;0.824386;0.825399;0.825832;0.828016;0.828663;999.817183;6.5e-05;6.5e-05;6.5e-05;6.5e-05;6.4e-05;6.5e-05;6.4e-05;6.4e-05;6.499971
Techno_TS_HIGH_TEMP_gwp4;TS_HIGH_TEMP;3.89;46.34985;2.8e-05;;0.010207;0.002276;1.8e-05;;0.000354;60.365521;0.001224;70.818117;2.718202;2.700237;2.698309;2.709446;2.683608;1003.633277;0.000355;0.000355;0.000355;0.000354;0.000354;0.000354;0.000352;0.000352;6.499846
Techno_TS_HIGH_TEMP_gwp5;TS_HIGH_TEMP;4.89;46.350847;1.3e-05;;0.005646;0.001277;8,00E-06;;0.000177;60.365555;0.000546;70.805251;1.616415;1.604695;1.604234;1.60857;1.600866;1004.475816;0.000177;0.000177;0.000177;0.000177;0.000176;0.000176;0.000176;0.000175;6.499918
Techno_TS_HIGH_TEMP_gwp6;TS_HIGH_TEMP;5.89;46.351392;1,00E-05;;0.005185;0.00116;6,00E-06;;0.000137;60.365521;0.000449;70.195414;1.666019;1.670303;1.673714;1.685903;1.675948;1003.798875;0.000137;0.000137;0.000137;0.000137;0.000137;0.000137;0.000137;0.000137;6.499886
