folder,techno_modifiee,gwp_constr,f_TS_DHN_SEASONAL,f_OIL_TO_HVC,f_METHANE_TO_METHANOL,f_METHANOL_TO_HVC,f_GAS_TO_HVC,f_HABER_BOSCH,f_PYROLYSIS_TO_FUELS,f_SYN_METHANOLATION,f_PYROLYSIS_TO_LFO,f_AMMONIA_TO_H2,f_BIOMASS_TO_HVC,f_BIOMASS_TO_METHANOL
0_Techno_TS_DHN_SEASONAL_gwp1,TS_DHN_SEASONAL,0.884,1003.798875,23.815763,13.835349,12.413727,11.303687,11.538123,10.02694,9.695425,9.333571,8.279501,7.709749,6.418595
1_Techno_TS_DHN_SEASONAL_gwp1,TS_DHN_SEASONAL,0.894,1003.788108,27.232745,15.726104,13.426017,12.82833,13.041062,11.343171,10.806898,10.366611,9.504532,8.424565,6.982442
2_Techno_TS_DHN_SEASONAL_gwp1,TS_DHN_SEASONAL,0.904,1003.480085,22.679605,13.306833,11.967034,10.854255,10.960381,9.221903,8.853696,8.355596,7.736323,6.673242,5.468876
3_Techno_TS_DHN_SEASONAL_gwp1,TS_DHN_SEASONAL,0.914,1002.926883,24.384273,14.256261,12.466733,11.858963,12.035747,10.030162,9.635034,9.302304,8.453487,7.324463,6.126683
4_Techno_TS_DHN_SEASONAL_gwp1,TS_DHN_SEASONAL,0.924,999.812267,28.593803,16.17889,14.016558,13.264526,13.588817,12.088589,11.637036,11.304119,10.089247,9.392189,7.804297
5_Techno_TS_DHN_SEASONAL_gwp1,TS_DHN_SEASONAL,0.934,990.939552,25.421403,14.821388,12.988394,12.138941,12.137789,10.715444,10.246821,9.814679,8.918997,8.072272,6.709354
6_Techno_TS_DHN_SEASONAL_gwp1,TS_DHN_SEASONAL,0.944,978.3761,26.030417,15.217155,13.087016,12.300031,12.858377,10.927785,10.5295,10.219597,9.18379,8.235669,6.89798
7_Techno_TS_DHN_SEASONAL_gwp1,TS_DHN_SEASONAL,0.954,976.37241,27.373437,15.82156,13.486655,12.775324,13.116379,11.512389,11.037043,10.641518,9.580428,8.728553,7.252556
8_Techno_TS_DHN_SEASONAL_gwp1,TS_DHN_SEASONAL,0.964,972.536979,24.00415,13.983682,12.694204,11.088804,11.583655,10.355546,10.040524,9.721859,8.689272,8.090513,6.827569
9_Techno_TS_DHN_SEASONAL_gwp1,TS_DHN_SEASONAL,0.974,962.233645,24.40125,14.181864,12.70434,11.267952,11.665764,10.616014,10.284182,10.05203,8.718473,8.468591,7.067715
10_Techno_TS_DHN_SEASONAL_gwp1,TS_DHN_SEASONAL,0.984,962.104433,22.714708,13.114284,12.221103,10.320064,11.000845,9.750092,9.532211,9.219438,8.177552,7.561202,6.387525
11_Techno_TS_DHN_SEASONAL_gwp1,TS_DHN_SEASONAL,0.994,947.210714,26.428711,15.796108,13.990085,12.05098,13.359458,11.620838,11.566307,11.227477,10.010054,9.278801,7.697168
12_Techno_TS_DHN_SEASONAL_gwp1,TS_DHN_SEASONAL,1.004,947.109488,25.845343,14.884711,12.995415,11.697805,12.523938,10.80724,10.462111,10.14335,9.190298,8.144624,6.805885
13_Techno_TS_DHN_SEASONAL_gwp1,TS_DHN_SEASONAL,1.014,945.631525,24.807986,14.247925,12.709383,11.511366,11.970459,10.25806,9.816233,9.420857,8.486664,7.618854,6.301666
14_Techno_TS_DHN_SEASONAL_gwp1,TS_DHN_SEASONAL,1.024,945.512791,28.415036,16.508817,13.730742,13.74581,13.396944,11.660994,10.875475,10.284472,9.539461,8.345939,6.73088
15_Techno_TS_DHN_SEASONAL_gwp1,TS_DHN_SEASONAL,1.034,923.142419,21.518249,12.843505,11.628674,10.538591,10.717757,8.874518,8.578085,8.155279,7.478941,6.503404,5.427824
16_Techno_TS_DHN_SEASONAL_gwp1,TS_DHN_SEASONAL,1.044,913.739958,23.349339,13.639486,12.267483,11.07154,11.457924,9.752292,9.447369,9.065827,8.205742,7.172016,5.931395
17_Techno_TS_DHN_SEASONAL_gwp1,TS_DHN_SEASONAL,1.054,913.737425,27.315856,16.051267,13.49132,13.524594,12.871474,11.404569,10.7327,10.154792,9.376791,8.386416,6.842271
18_Techno_TS_DHN_SEASONAL_gwp1,TS_DHN_SEASONAL,1.064,901.662863,27.193329,15.912137,13.498795,13.146016,13.132739,11.388568,10.770907,10.364155,9.480791,8.424381,6.942382
19_Techno_TS_DHN_SEASONAL_gwp1,TS_DHN_SEASONAL,1.074,896.983672,27.220114,15.956277,13.416753,13.201095,13.02598,11.248537,10.636096,10.124002,9.376535,8.171385,6.68431
20_Techno_TS_DHN_SEASONAL_gwp1,TS_DHN_SEASONAL,1.084,893.286801,30.406177,19.46167,15.137432,15.587325,15.193429,13.163331,12.191078,11.314686,10.873562,9.290089,7.324522
21_Techno_TS_DHN_SEASONAL_gwp1,TS_DHN_SEASONAL,1.094,891.25311,25.864904,15.198539,13.051067,12.329811,12.580543,10.793738,10.31966,9.935801,9.095487,8.078478,6.697664
22_Techno_TS_DHN_SEASONAL_gwp1,TS_DHN_SEASONAL,1.104,891.281715,27.588753,17.900792,14.83782,13.084799,14.67765,11.92706,12.025768,11.332486,10.652806,9.263483,7.391021
23_Techno_TS_DHN_SEASONAL_gwp1,TS_DHN_SEASONAL,1.114,891.237927,28.71175,17.466738,14.662848,14.294359,14.056567,12.031666,11.554688,10.730808,10.365776,8.773671,6.874614
24_Techno_TS_DHN_SEASONAL_gwp1,TS_DHN_SEASONAL,1.124,886.879738,26.518249,15.66679,13.107821,13.342012,12.900251,10.805539,10.191732,9.726389,9.158094,7.695083,6.444708
25_Techno_TS_DHN_SEASONAL_gwp1,TS_DHN_SEASONAL,1.134,886.930722,28.909677,16.583492,13.835183,13.990686,13.393485,11.788375,11.086854,10.487106,9.755518,8.5683,6.89637
26_Techno_TS_DHN_SEASONAL_gwp1,TS_DHN_SEASONAL,1.144,882.603457,23.770769,14.26421,12.376003,11.703548,11.956664,9.966166,9.666282,9.343524,8.371538,7.440689,6.225646
27_Techno_TS_DHN_SEASONAL_gwp1,TS_DHN_SEASONAL,1.154,882.241763,21.069071,13.116472,11.476254,11.068052,11.318351,8.678859,8.56712,8.331239,7.700816,6.280201,5.370964
28_Techno_TS_DHN_SEASONAL_gwp1,TS_DHN_SEASONAL,1.164,882.311321,26.67282,15.303069,13.39879,12.194921,12.817656,11.289066,10.859893,10.53005,9.451562,8.575761,7.132839
29_Techno_TS_DHN_SEASONAL_gwp1,TS_DHN_SEASONAL,1.1740000000000002,870.473257,26.492284,14.92394,13.100924,12.458201,12.503808,10.865124,10.330938,9.929264,8.956518,8.060426,6.630257
30_Techno_TS_DHN_SEASONAL_gwp1,TS_DHN_SEASONAL,1.1840000000000002,870.436122,21.822434,13.408349,11.772074,11.338761,11.445096,9.075274,8.799896,8.522807,8.000332,6.58271,5.626761
31_Techno_TS_DHN_SEASONAL_gwp1,TS_DHN_SEASONAL,1.1940000000000002,863.028571,18.60745,10.843031,10.759569,8.523713,8.990486,7.740159,7.649577,7.201911,6.560561,5.770066,4.803868
32_Techno_TS_DHN_SEASONAL_gwp1,TS_DHN_SEASONAL,1.2040000000000002,854.612968,26.889477,15.580987,13.292593,12.801293,12.924333,11.057685,10.466955,9.975549,9.212906,8.045054,6.600681
33_Techno_TS_DHN_SEASONAL_gwp1,TS_DHN_SEASONAL,1.2140000000000002,849.726105,19.71179,12.058881,11.113275,9.942951,10.068525,8.251925,8.100132,7.723858,7.075594,6.081134,5.106429
34_Techno_TS_DHN_SEASONAL_gwp1,TS_DHN_SEASONAL,1.2240000000000002,844.873321,24.550077,14.483778,12.539215,12.21048,12.073011,10.097864,9.647745,9.201944,8.423601,7.259745,5.98255
35_Techno_TS_DHN_SEASONAL_gwp1,TS_DHN_SEASONAL,1.2340000000000002,844.87012,26.040593,14.941992,13.139902,11.799304,12.592963,11.101679,10.788392,10.519633,9.324876,8.504394,7.098892
36_Techno_TS_DHN_SEASONAL_gwp1,TS_DHN_SEASONAL,1.2440000000000002,844.880638,28.62707,17.793637,14.32892,14.391842,14.078833,12.160396,11.419267,10.688407,10.12874,8.756048,7.005014
37_Techno_TS_DHN_SEASONAL_gwp1,TS_DHN_SEASONAL,1.2540000000000002,844.662651,25.996842,14.935132,13.138414,11.852165,12.436476,10.908603,10.412505,9.98,8.887486,8.12191,6.670182
38_Techno_TS_DHN_SEASONAL_gwp1,TS_DHN_SEASONAL,1.2640000000000002,836.698227,22.487607,13.146944,12.171808,10.167712,10.972285,9.733518,9.586134,9.315947,8.228971,7.657443,6.475013
39_Techno_TS_DHN_SEASONAL_gwp1,TS_DHN_SEASONAL,1.2740000000000002,836.696738,23.694557,14.232756,12.356594,11.764294,12.070301,9.90524,9.622008,9.372803,8.535581,7.374591,6.274607
40_Techno_TS_DHN_SEASONAL_gwp1,TS_DHN_SEASONAL,1.2840000000000005,836.688495,22.187608,13.343288,11.799152,11.373668,10.983448,9.120173,8.752118,8.299165,7.713175,6.575941,5.477132
41_Techno_TS_DHN_SEASONAL_gwp1,TS_DHN_SEASONAL,1.2940000000000005,830.226241,25.328134,14.93687,12.79535,12.43453,12.606832,10.479328,10.041756,9.728843,8.899661,7.699273,6.461528
42_Techno_TS_DHN_SEASONAL_gwp1,TS_DHN_SEASONAL,1.3040000000000005,826.654727,26.880051,15.496476,13.265161,12.468832,13.043505,11.067577,10.549259,10.14598,9.335596,8.004,6.619967
43_Techno_TS_DHN_SEASONAL_gwp1,TS_DHN_SEASONAL,1.3140000000000005,818.886129,23.592121,14.164466,12.298216,11.655429,11.962554,9.762665,9.504458,9.192624,8.398822,7.125765,6.002283
44_Techno_TS_DHN_SEASONAL_gwp1,TS_DHN_SEASONAL,1.3240000000000005,811.719605,26.904154,15.78076,13.542258,12.677342,13.077069,11.468263,10.95754,10.60378,9.566042,8.698317,7.247105
45_Techno_TS_DHN_SEASONAL_gwp1,TS_DHN_SEASONAL,1.3340000000000003,811.681075,23.149778,13.633302,12.196961,11.144955,11.538777,9.717279,9.469407,9.189863,8.282119,7.262022,6.114969
46_Techno_TS_DHN_SEASONAL_gwp1,TS_DHN_SEASONAL,1.3440000000000003,811.685962,25.167127,15.125792,12.841625,12.581127,12.972451,10.558067,10.287665,10.140771,9.205938,8.008472,6.904379
47_Techno_TS_DHN_SEASONAL_gwp1,TS_DHN_SEASONAL,1.3540000000000003,811.676966,18.494932,11.199349,10.595422,9.437897,9.316297,7.47425,7.319384,6.842899,6.427581,5.275009,4.35353
48_Techno_TS_DHN_SEASONAL_gwp1,TS_DHN_SEASONAL,1.3640000000000003,796.073397,22.44613,12.865629,12.05463,10.223323,10.887692,9.551747,9.299598,9.005071,8.03396,7.254153,6.007881
49_Techno_TS_DHN_SEASONAL_gwp1,TS_DHN_SEASONAL,1.3740000000000003,793.719052,25.501537,14.859807,12.930366,12.361875,12.449338,10.475212,9.971211,9.56205,8.734956,7.666927,6.378193
50_Techno_TS_DHN_SEASONAL_gwp1,TS_DHN_SEASONAL,1.3840000000000003,788.193008,27.234311,15.202596,13.439868,12.517971,12.738412,11.221709,10.761039,10.373642,9.247488,8.481036,6.939837
51_Techno_TS_DHN_SEASONAL_gwp1,TS_DHN_SEASONAL,1.3940000000000003,788.225028,24.950075,14.760513,12.652416,12.490399,12.243658,10.25504,9.741282,9.324816,8.698116,7.418362,6.141922
52_Techno_TS_DHN_SEASONAL_gwp1,TS_DHN_SEASONAL,1.4040000000000004,788.197822,24.047484,14.642206,12.412898,12.33008,12.582253,9.980124,9.788137,9.650571,8.782743,7.423512,6.364051
53_Techno_TS_DHN_SEASONAL_gwp1,TS_DHN_SEASONAL,1.4140000000000004,788.192756,23.416271,13.865343,12.205282,11.57424,11.685486,9.669126,9.292833,8.925218,8.19119,7.031308,5.883895
54_Techno_TS_DHN_SEASONAL_gwp1,TS_DHN_SEASONAL,1.4240000000000004,785.596432,27.253112,16.158491,13.398726,13.302301,13.620972,11.269644,10.804433,10.524203,9.557812,8.22385,6.919739
55_Techno_TS_DHN_SEASONAL_gwp1,TS_DHN_SEASONAL,1.4340000000000004,785.599247,23.694375,14.121042,12.276272,11.567029,11.889923,9.813521,9.486289,9.19677,8.348196,7.183101,6.050134
56_Techno_TS_DHN_SEASONAL_gwp1,TS_DHN_SEASONAL,1.4440000000000004,785.600144,26.242158,15.160967,13.141453,12.371808,12.755498,10.856542,10.433781,10.070744,9.183154,8.047541,6.69003
57_Techno_TS_DHN_SEASONAL_gwp1,TS_DHN_SEASONAL,1.4540000000000004,785.596448,25.189858,14.314571,12.765183,11.515203,11.973679,10.351384,9.80712,9.333782,8.449214,7.56384,6.15891
58_Techno_TS_DHN_SEASONAL_gwp1,TS_DHN_SEASONAL,1.4640000000000004,781.808324,20.101581,12.02094,11.198011,9.887501,10.162614,8.437068,8.29801,8.042964,7.328262,6.383866,5.454522
59_Techno_TS_DHN_SEASONAL_gwp1,TS_DHN_SEASONAL,1.4740000000000004,774.462312,18.560874,10.983736,10.70484,8.969925,9.110785,7.640368,7.501523,7.04008,6.477737,5.546639,4.59907
60_Techno_TS_DHN_SEASONAL_gwp1,TS_DHN_SEASONAL,1.4840000000000004,759.569873,29.069319,16.536947,13.956206,13.465124,13.899679,12.14328,11.461297,11.073537,9.853248,9.089829,7.481592
61_Techno_TS_DHN_SEASONAL_gwp1,TS_DHN_SEASONAL,1.4940000000000004,759.547555,23.533551,13.919727,12.116105,11.730131,11.697472,9.590154,9.135864,8.753203,8.066784,6.825316,5.661323
62_Techno_TS_DHN_SEASONAL_gwp2,TS_DHN_SEASONAL,1.5040000000000004,759.548918,22.481674,13.746426,12.042702,11.481692,12.035899,9.482872,9.386299,9.367272,8.506813,7.165029,6.283437
63_Techno_TS_DHN_SEASONAL_gwp2,TS_DHN_SEASONAL,1.5140000000000005,759.548142,17.313688,10.914282,10.283159,9.211956,9.439583,7.060701,7.137635,6.903164,6.297844,5.068289,4.358253
64_Techno_TS_DHN_SEASONAL_gwp2,TS_DHN_SEASONAL,1.5240000000000005,753.583148,24.259435,13.90518,12.665271,11.279719,11.620878,10.340349,9.926513,9.601364,8.552639,7.873106,6.595399
65_Techno_TS_DHN_SEASONAL_gwp2,TS_DHN_SEASONAL,1.5340000000000005,752.771201,26.26529,15.074589,13.116862,11.961277,12.751758,10.985431,10.607219,10.264796,9.33474,8.187856,6.822838
66_Techno_TS_DHN_SEASONAL_gwp2,TS_DHN_SEASONAL,1.5440000000000005,748.452303,25.56012,15.104495,12.83665,12.825158,12.69024,10.47608,10.016706,9.63673,8.880862,7.554908,6.249986
67_Techno_TS_DHN_SEASONAL_gwp2,TS_DHN_SEASONAL,1.5540000000000005,746.923425,23.902086,14.285518,12.385195,11.991878,12.034245,9.88581,9.488598,9.177073,8.490227,7.148752,5.997308
68_Techno_TS_DHN_SEASONAL_gwp2,TS_DHN_SEASONAL,1.5640000000000005,746.893736,25.228996,14.579905,12.910507,11.549031,12.151435,10.822022,10.430468,10.112233,8.93698,8.369782,6.980273
69_Techno_TS_DHN_SEASONAL_gwp2,TS_DHN_SEASONAL,1.5740000000000005,746.09658,17.843722,10.945322,10.54572,8.916235,9.435318,7.590922,7.666489,7.577957,6.69818,5.866105,5.179996
70_Techno_TS_DHN_SEASONAL_gwp2,TS_DHN_SEASONAL,1.5840000000000003,740.962282,28.354188,16.615632,13.691805,14.209921,13.653727,11.632907,10.916235,10.436734,9.653828,8.402551,6.987104
71_Techno_TS_DHN_SEASONAL_gwp2,TS_DHN_SEASONAL,1.5940000000000003,740.960651,27.550468,17.087657,13.986613,13.267926,13.823995,11.60585,11.113399,10.491038,9.89836,8.396699,6.783877
72_Techno_TS_DHN_SEASONAL_gwp2,TS_DHN_SEASONAL,1.6040000000000003,740.95247,26.197477,15.26084,13.050651,12.62979,12.530245,10.837688,10.299018,9.806192,8.991491,7.941778,6.551549
73_Techno_TS_DHN_SEASONAL_gwp2,TS_DHN_SEASONAL,1.6140000000000003,740.958263,28.109565,15.864795,13.702393,13.068047,12.99517,11.551359,11.096481,10.61503,9.25941,8.685035,7.04806
74_Techno_TS_DHN_SEASONAL_gwp2,TS_DHN_SEASONAL,1.6240000000000006,738.764387,26.304107,15.23359,13.247969,12.517762,12.752037,11.103902,10.597214,10.256431,9.272782,8.288053,6.872905
75_Techno_TS_DHN_SEASONAL_gwp2,TS_DHN_SEASONAL,1.6340000000000006,738.764681,27.298681,16.958352,13.948241,13.740788,13.921995,11.350409,11.064295,10.512945,9.901958,8.374114,6.784512
76_Techno_TS_DHN_SEASONAL_gwp2,TS_DHN_SEASONAL,1.6440000000000006,738.75821,29.649453,17.432216,14.114415,14.975003,13.952994,12.240428,11.381392,10.735727,10.002698,8.789642,7.076343
77_Techno_TS_DHN_SEASONAL_gwp2,TS_DHN_SEASONAL,1.6540000000000006,727.440391,23.768425,14.084711,12.258204,11.809332,11.885268,9.701601,9.33185,8.943908,8.268055,6.997232,5.795223
78_Techno_TS_DHN_SEASONAL_gwp2,TS_DHN_SEASONAL,1.6640000000000006,723.414418,26.872693,15.324455,13.385243,12.451854,12.771781,11.283536,10.843172,10.463188,9.36469,8.475591,6.940051
79_Techno_TS_DHN_SEASONAL_gwp2,TS_DHN_SEASONAL,1.6740000000000006,721.362084,22.49044,13.472012,11.923925,11.042599,11.428836,9.291431,9.084132,8.790847,8.018646,6.821184,5.765095
80_Techno_TS_DHN_SEASONAL_gwp2,TS_DHN_SEASONAL,1.6840000000000006,721.362125,22.549439,13.316195,12.056198,10.691606,11.186659,9.612033,9.458487,9.20221,8.225963,7.343796,6.229608
81_Techno_TS_DHN_SEASONAL_gwp2,TS_DHN_SEASONAL,1.6940000000000006,721.35128,23.955411,14.067327,12.522724,11.200464,11.665221,10.233501,9.908984,9.602047,8.547199,7.92894,6.715596
82_Techno_TS_DHN_SEASONAL_gwp2,TS_DHN_SEASONAL,1.7040000000000006,720.15371,26.561408,15.314139,13.306806,12.323362,12.760756,11.190182,10.624716,10.285371,9.288142,8.396971,6.92613
83_Techno_TS_DHN_SEASONAL_gwp2,TS_DHN_SEASONAL,1.7140000000000006,720.1505,23.795727,14.155028,12.308991,11.88403,11.863417,9.797567,9.382516,8.987657,8.348613,7.053274,5.873698
84_Techno_TS_DHN_SEASONAL_gwp2,TS_DHN_SEASONAL,1.7240000000000006,718.197781,24.676305,14.335167,12.919023,11.210744,12.058272,10.699491,10.399583,10.177192,9.008726,8.406917,7.144009
85_Techno_TS_DHN_SEASONAL_gwp2,TS_DHN_SEASONAL,1.7340000000000009,715.727004,23.947758,14.010424,12.410575,11.453914,11.805104,9.902161,9.605978,9.22931,8.411981,7.231682,6.004103
86_Techno_TS_DHN_SEASONAL_gwp2,TS_DHN_SEASONAL,1.7440000000000009,715.68675,29.238871,16.496941,13.921882,13.687718,14.036341,11.820638,11.252852,10.845103,9.940064,8.601164,7.052209
87_Techno_TS_DHN_SEASONAL_gwp2,TS_DHN_SEASONAL,1.754000000000001,714.386765,22.178592,13.055416,11.720057,11.050869,10.825743,8.959807,8.630656,8.098556,7.499017,6.396509,5.210373
88_Techno_TS_DHN_SEASONAL_gwp2,TS_DHN_SEASONAL,1.764000000000001,709.640499,26.817779,15.620201,13.249936,13.051191,12.630196,11.017284,10.342463,9.74631,9.045979,7.935033,6.430943
89_Techno_TS_DHN_SEASONAL_gwp2,TS_DHN_SEASONAL,1.774000000000001,709.631167,24.691153,14.531595,12.5796,12.048193,12.102057,10.164386,9.711549,9.268276,8.560468,7.351815,6.086724
90_Techno_TS_DHN_SEASONAL_gwp2,TS_DHN_SEASONAL,1.7840000000000007,709.624324,26.414972,15.079724,13.289579,11.946418,12.749103,11.19571,10.772094,10.496743,9.396915,8.543372,7.105456
91_Techno_TS_DHN_SEASONAL_gwp2,TS_DHN_SEASONAL,1.7940000000000007,709.622999,27.527222,16.110317,13.415352,13.556798,13.44469,11.22155,10.656892,10.204676,9.464217,8.08809,6.638218
92_Techno_TS_DHN_SEASONAL_gwp2,TS_DHN_SEASONAL,1.8040000000000007,685.623349,24.494515,14.311146,12.528128,12.072756,12.04288,10.056294,9.570991,9.166141,8.378843,7.198542,5.987261
93_Techno_TS_DHN_SEASONAL_gwp2,TS_DHN_SEASONAL,1.8140000000000007,681.888508,23.058281,14.411371,12.126701,12.138881,12.855415,9.598899,9.66068,9.80622,8.713691,7.222335,6.417018
94_Techno_TS_DHN_SEASONAL_gwp2,TS_DHN_SEASONAL,1.8240000000000007,678.362715,23.731986,13.783598,12.311489,11.23762,11.682204,9.787802,9.475649,9.113006,8.350147,7.121351,5.91964
95_Techno_TS_DHN_SEASONAL_gwp2,TS_DHN_SEASONAL,1.8340000000000007,678.370389,27.159158,15.733328,13.474729,12.8542,13.258049,11.455773,10.872732,10.567018,9.439487,8.647403,7.238741
96_Techno_TS_DHN_SEASONAL_gwp2,TS_DHN_SEASONAL,1.8440000000000007,675.847305,25.743986,15.432274,12.900843,13.019955,13.128069,10.588852,10.21277,9.908918,9.14936,7.695857,6.447717
97_Techno_TS_DHN_SEASONAL_gwp2,TS_DHN_SEASONAL,1.8540000000000008,675.830642,26.546913,15.490983,13.405636,12.646841,12.9129,11.480547,11.025109,10.772822,9.3517,8.988595,7.416666
98_Techno_TS_DHN_SEASONAL_gwp2,TS_DHN_SEASONAL,1.8640000000000008,664.001029,23.968182,14.348062,12.387692,11.960346,12.027007,9.948969,9.623995,9.343138,8.522811,7.38584,6.307414
99_Techno_TS_DHN_SEASONAL_gwp2,TS_DHN_SEASONAL,1.8740000000000008,663.796408,29.949463,17.743676,14.230657,15.190078,14.181207,12.259063,11.322877,10.614884,10.073309,8.626394,6.936733
100_Techno_TS_DHN_SEASONAL_gwp2,TS_DHN_SEASONAL,1.8840000000000008,663.791619,22.472121,13.621332,11.892898,11.572349,11.513262,9.200724,8.93354,8.567312,7.947892,6.579618,5.501944
101_Techno_TS_DHN_SEASONAL_gwp2,TS_DHN_SEASONAL,1.8940000000000008,662.125486,29.881746,16.910892,14.109821,13.749271,14.263644,12.104894,11.529454,11.054992,10.221779,8.770942,7.176627
102_Techno_TS_DHN_SEASONAL_gwp2,TS_DHN_SEASONAL,1.9040000000000008,657.09121,14.757094,9.209002,9.481576,7.471539,7.832768,6.064565,6.26054,5.992261,5.391719,4.459727,3.898347
103_Techno_TS_DHN_SEASONAL_gwp2,TS_DHN_SEASONAL,1.9140000000000008,656.892902,25.849159,15.371722,12.892795,13.138355,12.919718,10.484302,9.941422,9.507661,8.914345,7.387546,6.093236
104_Techno_TS_DHN_SEASONAL_gwp2,TS_DHN_SEASONAL,1.9240000000000008,652.814429,27.203376,15.96238,13.509582,12.881021,13.364581,11.464529,10.975986,10.602929,9.676339,8.488206,6.996536
105_Techno_TS_DHN_SEASONAL_gwp2,TS_DHN_SEASONAL,1.9340000000000008,645.339923,27.264489,15.649921,13.442623,12.640693,13.17893,11.27639,10.781645,10.396788,9.488637,8.34463,6.918224
106_Techno_TS_DHN_SEASONAL_gwp2,TS_DHN_SEASONAL,1.9440000000000008,645.452193,27.361474,16.151122,13.353188,13.369382,13.742231,11.095451,10.623883,10.289213,9.570549,7.938827,6.629263
107_Techno_TS_DHN_SEASONAL_gwp2,TS_DHN_SEASONAL,1.9540000000000008,643.768936,25.189146,15.139603,12.708911,12.939698,12.79241,10.344119,9.926561,9.663376,8.908412,7.45591,6.292409
108_Techno_TS_DHN_SEASONAL_gwp2,TS_DHN_SEASONAL,1.9640000000000009,643.647701,26.734104,15.533072,13.255186,12.429096,13.098083,11.094041,10.656766,10.292209,9.380552,8.137258,6.731851
109_Techno_TS_DHN_SEASONAL_gwp2,TS_DHN_SEASONAL,1.9740000000000009,641.598949,26.36292,15.249826,13.153849,12.474965,12.853412,10.980422,10.49981,10.123216,9.141179,8.190202,6.779644
110_Techno_TS_DHN_SEASONAL_gwp2,TS_DHN_SEASONAL,1.9840000000000009,639.742306,22.637197,13.791876,11.968606,11.616152,11.798292,9.341003,9.137698,8.88245,8.12541,6.761544,5.705682
111_Techno_TS_DHN_SEASONAL_gwp2,TS_DHN_SEASONAL,1.9940000000000009,638.845707,22.229745,13.481324,11.823423,11.346203,11.503233,9.097522,8.873759,8.554626,7.90796,6.519576,5.483927
112_Techno_TS_DHN_SEASONAL_gwp2,TS_DHN_SEASONAL,2.004000000000001,624.020741,28.124056,16.011847,13.599123,13.11817,13.459258,11.376152,10.83971,10.38264,9.593916,8.280078,6.778444
113_Techno_TS_DHN_SEASONAL_gwp2,TS_DHN_SEASONAL,2.0140000000000007,621.668854,23.361711,13.814574,12.206533,11.358045,11.541015,9.642575,9.333323,8.934752,8.162427,7.025265,5.843771
114_Techno_TS_DHN_SEASONAL_gwp2,TS_DHN_SEASONAL,2.0240000000000005,594.380841,28.688637,16.058576,13.763486,12.980115,13.494531,11.755026,11.133046,10.716098,9.734799,8.649914,7.042437
115_Techno_TS_DHN_SEASONAL_gwp2,TS_DHN_SEASONAL,2.0340000000000003,590.740221,24.131867,14.05267,12.459952,11.366677,11.725553,9.960861,9.551962,9.102107,8.33041,7.291482,6.021055
116_Techno_TS_DHN_SEASONAL_gwp2,TS_DHN_SEASONAL,2.044,587.66516,22.620415,13.30158,11.995306,11.228509,10.916882,9.383226,8.945411,8.442366,7.643193,6.879218,5.607476
117_Techno_TS_DHN_SEASONAL_gwp2,TS_DHN_SEASONAL,2.054,587.605088,25.457901,14.789719,12.919678,12.089632,12.403834,10.5527,10.079113,9.694133,8.837777,7.71443,6.377915
118_Techno_TS_DHN_SEASONAL_gwp2,TS_DHN_SEASONAL,2.064,586.047356,26.395881,15.276125,13.080419,12.252593,12.86151,10.749307,10.236678,9.819281,9.097528,7.637306,6.296666
119_Techno_TS_DHN_SEASONAL_gwp2,TS_DHN_SEASONAL,2.0739999999999994,576.127257,28.027391,17.453593,13.961343,14.35771,14.096341,11.737221,11.004966,10.357808,9.831032,8.243544,6.651598
120_Techno_TS_DHN_SEASONAL_gwp2,TS_DHN_SEASONAL,2.083999999999999,570.59089,23.128914,13.244001,12.106951,10.63488,10.875506,9.514331,9.215266,8.744343,7.878254,7.105084,5.770296
121_Techno_TS_DHN_SEASONAL_gwp2,TS_DHN_SEASONAL,2.093999999999999,562.472607,24.97659,15.185172,12.65721,13.031742,12.586447,10.133012,9.688957,9.217393,8.662281,7.158003,5.893299
122_Techno_TS_DHN_SEASONAL_gwp2,TS_DHN_SEASONAL,2.1039999999999988,552.647201,27.547275,16.244074,13.425721,13.678991,13.557057,11.235911,10.669261,10.242142,9.51479,8.005307,6.609077
123_Techno_TS_DHN_SEASONAL_gwp2,TS_DHN_SEASONAL,2.1139999999999985,542.394361,23.997553,14.59789,12.312491,12.321059,12.556977,9.756211,9.520254,9.321448,8.641466,6.935609,5.910991
124_Techno_TS_DHN_SEASONAL_gwp2,TS_DHN_SEASONAL,2.1239999999999983,540.850444,27.816853,16.866762,13.650485,14.349787,13.77945,11.401057,10.751963,10.198736,9.631518,8.075131,6.60528
125_Techno_TS_DHN_SEASONAL_gwp2,TS_DHN_SEASONAL,2.133999999999998,531.58753,25.015907,14.610216,12.778438,11.793121,12.268851,10.482806,10.09503,9.784425,8.912953,7.70408,6.452327
126_Techno_TS_DHN_SEASONAL_gwp2,TS_DHN_SEASONAL,2.143999999999998,531.441855,26.356377,15.419433,13.094252,12.821213,12.705222,10.810599,10.250074,9.727058,9.036307,7.747711,6.316263
127_Techno_TS_DHN_SEASONAL_gwp2,TS_DHN_SEASONAL,2.1539999999999977,529.617511,24.797308,14.412234,12.484955,12.161028,11.930603,9.932155,9.415831,8.898313,8.351606,7.081005,5.756317
128_Techno_TS_DHN_SEASONAL_gwp2,TS_DHN_SEASONAL,2.163999999999997,528.45411,28.99502,17.048277,13.812207,14.895375,14.309727,11.656864,10.893333,10.419159,9.869991,8.129654,6.620148
129_Techno_TS_DHN_SEASONAL_gwp2,TS_DHN_SEASONAL,2.1739999999999973,528.287552,25.080715,14.604727,12.752438,12.135566,12.121694,10.394517,9.968481,9.600021,8.814501,7.669651,6.376904
130_Techno_TS_DHN_SEASONAL_gwp2,TS_DHN_SEASONAL,2.183999999999997,527.391183,30.254956,18.811036,15.123462,14.865246,15.148252,12.871175,12.246883,11.358346,10.884665,9.355471,7.379566
131_Techno_TS_DHN_SEASONAL_gwp2,TS_DHN_SEASONAL,2.193999999999997,527.787104,23.855561,13.842589,12.374953,11.444493,11.235824,9.953666,9.500289,8.969425,8.17617,7.403098,6.031127
132_Techno_TS_DHN_SEASONAL_gwp2,TS_DHN_SEASONAL,2.2039999999999966,528.216611,27.360801,16.128473,13.385517,13.442114,13.617714,11.276732,10.832088,10.506967,9.67524,8.339803,6.956859
133_Techno_TS_DHN_SEASONAL_gwp2,TS_DHN_SEASONAL,2.2139999999999964,527.285769,26.789486,17.587014,14.890284,13.726051,14.622667,11.266905,11.93495,11.385916,10.747101,9.074719,7.281647
134_Techno_TS_DHN_SEASONAL_gwp2,TS_DHN_SEASONAL,2.223999999999996,526.417692,25.785876,15.319473,12.939943,12.850675,12.613556,10.615243,10.105996,9.623185,8.873556,7.671875,6.292794
135_Techno_TS_DHN_SEASONAL_gwp2,TS_DHN_SEASONAL,2.233999999999996,522.594035,27.046742,15.222998,13.363109,12.325416,12.846361,11.225298,10.730449,10.391847,9.343407,8.365238,6.876122
136_Techno_TS_DHN_SEASONAL_gwp2,TS_DHN_SEASONAL,2.243999999999996,521.315737,29.578197,17.858732,14.136694,15.382154,14.422918,12.075818,11.254511,10.6133,10.078997,8.421694,6.811746
137_Techno_TS_DHN_SEASONAL_gwp2,TS_DHN_SEASONAL,2.253999999999996,521.519237,27.522358,15.829907,13.525062,12.926106,13.000317,11.324212,10.718233,10.170436,9.429203,8.240718,6.688818
138_Techno_TS_DHN_SEASONAL_gwp2,TS_DHN_SEASONAL,2.263999999999996,521.292091,30.007243,17.372792,14.15881,14.621332,14.041347,12.231518,11.410992,10.763098,10.077395,8.773532,7.061869
139_Techno_TS_DHN_SEASONAL_gwp2,TS_DHN_SEASONAL,2.273999999999995,520.83569,27.929471,16.157813,13.638727,13.406811,13.327211,11.527546,10.895562,10.430343,9.616434,8.402544,6.870741
140_Techno_TS_DHN_SEASONAL_gwp2,TS_DHN_SEASONAL,2.283999999999995,520.019867,23.415388,14.125769,12.14451,12.100888,11.716761,9.690139,9.275007,8.834103,8.079812,7.00998,5.797052
141_Techno_TS_DHN_SEASONAL_gwp2,TS_DHN_SEASONAL,2.2939999999999947,519.06978,30.745062,18.10062,14.507489,15.421511,14.518907,12.52906,11.644207,10.90508,10.295367,8.886576,7.115897
142_Techno_TS_DHN_SEASONAL_gwp2,TS_DHN_SEASONAL,2.3039999999999945,519.196352,20.298422,12.409919,11.243801,10.432561,10.39511,8.408693,8.187026,7.848788,7.09604,6.142193,5.184129
143_Techno_TS_DHN_SEASONAL_gwp2,TS_DHN_SEASONAL,2.3139999999999943,519.12613,23.313559,13.912666,12.114943,11.914534,11.291706,9.539594,9.077373,8.532346,7.885002,6.814114,5.568261
144_Techno_TS_DHN_SEASONAL_gwp2,TS_DHN_SEASONAL,2.323999999999994,518.389223,25.847917,15.19194,12.870076,12.941954,12.656453,10.45209,9.834444,9.367856,8.769531,7.388713,6.02683
145_Techno_TS_DHN_SEASONAL_gwp2,TS_DHN_SEASONAL,2.333999999999994,515.686732,17.905362,11.253182,10.491298,9.414622,9.748092,7.390322,7.469426,7.303609,6.671011,5.435757,4.793371
146_Techno_TS_DHN_SEASONAL_gwp2,TS_DHN_SEASONAL,2.3439999999999936,515.140428,23.93918,14.393518,12.3616,12.229541,12.146966,9.817357,9.408764,9.085101,8.365781,7.043223,5.838164
147_Techno_TS_DHN_SEASONAL_gwp2,TS_DHN_SEASONAL,2.353999999999993,515.110133,27.762939,15.894365,13.605183,12.987965,13.098051,11.699887,11.276709,10.832057,9.681587,8.87755,7.269305
148_Techno_TS_DHN_SEASONAL_gwp2,TS_DHN_SEASONAL,2.363999999999993,515.02307,25.776805,15.049067,12.888572,12.518715,12.41385,10.431026,9.829195,9.292162,8.649405,7.423389,5.996361
149_Techno_TS_DHN_SEASONAL_gwp2,TS_DHN_SEASONAL,2.373999999999993,514.993659,26.747014,15.549112,13.266624,12.647942,12.865048,11.049997,10.486179,10.029489,9.224768,8.073297,6.648948
150_Techno_TS_DHN_SEASONAL_gwp2,TS_DHN_SEASONAL,2.383999999999993,515.010712,17.151664,10.711756,10.194566,9.016022,9.123352,6.967711,7.005585,6.712631,6.143319,4.94203,4.215006
151_Techno_TS_DHN_SEASONAL_gwp2,TS_DHN_SEASONAL,2.3939999999999926,512.684179,31.394176,18.4388,14.614051,15.807002,14.931979,12.719701,11.758119,11.069958,10.535611,8.877858,7.109227
152_Techno_TS_DHN_SEASONAL_gwp2,TS_DHN_SEASONAL,2.4039999999999924,512.550756,19.993244,12.128177,11.060807,10.488289,9.973466,8.112338,7.765361,7.287708,6.973393,5.673437,4.668231
153_Techno_TS_DHN_SEASONAL_gwp2,TS_DHN_SEASONAL,2.413999999999992,508.719725,25.507381,15.451256,12.78633,13.309927,12.935518,10.347621,9.906805,9.505246,8.856503,7.288383,6.041184
154_Techno_TS_DHN_SEASONAL_gwp2,TS_DHN_SEASONAL,2.423999999999992,508.559968,22.584719,13.573943,11.859172,11.788849,11.20449,9.150158,8.651071,8.189112,7.766352,6.384869,5.226252
155_Techno_TS_DHN_SEASONAL_gwp2,TS_DHN_SEASONAL,2.433999999999992,508.550972,25.22571,15.480627,12.636091,13.380661,13.170303,10.204335,9.764367,9.420611,8.63454,7.050464,5.866228
156_Techno_TS_DHN_SEASONAL_gwp2,TS_DHN_SEASONAL,2.4439999999999915,508.627074,26.953626,15.315557,13.4858,12.242957,12.761047,11.724016,11.339416,11.10353,9.649179,9.372281,7.739593
157_Techno_TS_DHN_SEASONAL_gwp2,TS_DHN_SEASONAL,2.4539999999999917,498.944931,19.134083,12.041517,10.801363,10.205151,10.647338,7.75494,7.846146,7.804288,7.079286,5.501405,4.831926
158_Techno_TS_DHN_SEASONAL_gwp2,TS_DHN_SEASONAL,2.463999999999991,495.928573,27.478822,16.0611,13.497568,13.441042,12.994949,11.367302,10.734961,10.165317,9.342691,8.296929,6.733042
159_Techno_TS_DHN_SEASONAL_gwp2,TS_DHN_SEASONAL,2.473999999999991,489.727117,26.859362,15.819426,13.245459,13.248806,13.290422,10.930534,10.4231,10.053247,9.354228,7.805175,6.487246
160_Techno_TS_DHN_SEASONAL_gwp2,TS_DHN_SEASONAL,2.4839999999999907,489.716503,23.635362,14.458295,12.220482,12.402162,11.969273,9.703208,9.207868,8.799733,8.417414,6.868453,5.723099
161_Techno_TS_DHN_SEASONAL_gwp2,TS_DHN_SEASONAL,2.4939999999999904,488.175407,27.238222,15.894712,13.377228,13.137086,13.457545,11.214795,10.638757,10.366375,9.542143,8.092474,6.763894
162_Techno_TS_DHN_SEASONAL_gwp3,TS_DHN_SEASONAL,2.5039999999999902,487.612654,25.254759,14.772659,12.682478,12.548155,12.173121,10.311977,9.734474,9.218341,8.527849,7.387049,6.043128
163_Techno_TS_DHN_SEASONAL_gwp3,TS_DHN_SEASONAL,2.51399999999999,487.659385,20.216953,12.582232,11.180379,10.645741,10.933273,8.285983,8.227929,8.160553,7.38743,6.008388,5.224932
164_Techno_TS_DHN_SEASONAL_gwp3,TS_DHN_SEASONAL,2.52399999999999,480.439225,29.702403,17.984411,14.257578,15.371782,14.441294,12.290994,11.392885,10.748656,10.217196,8.701031,7.028293
165_Techno_TS_DHN_SEASONAL_gwp3,TS_DHN_SEASONAL,2.5339999999999896,480.027024,25.719296,15.870613,12.896459,13.604811,13.737511,10.52235,10.302594,10.181027,9.352751,7.560946,6.462814
166_Techno_TS_DHN_SEASONAL_gwp3,TS_DHN_SEASONAL,2.5439999999999894,480.184255,24.043935,14.133641,12.341803,11.958945,11.830145,9.80313,9.285328,8.89441,8.275679,6.895604,5.678842
167_Techno_TS_DHN_SEASONAL_gwp3,TS_DHN_SEASONAL,2.553999999999989,478.457813,19.534526,12.671363,11.046143,10.576971,11.798522,8.065379,8.361837,8.610867,7.778044,6.027462,5.606719
168_Techno_TS_DHN_SEASONAL_gwp3,TS_DHN_SEASONAL,2.563999999999989,475.51652,28.63413,16.18079,13.773189,13.549722,13.307711,11.680167,10.965882,10.434452,9.550796,8.544687,6.905759
169_Techno_TS_DHN_SEASONAL_gwp3,TS_DHN_SEASONAL,2.5739999999999887,472.189173,25.435922,14.600468,12.721934,11.937698,12.021372,10.272396,9.777832,9.256893,8.522782,7.438493,6.019419
170_Techno_TS_DHN_SEASONAL_gwp3,TS_DHN_SEASONAL,2.5839999999999885,472.16847,24.965948,14.442638,12.611569,12.026984,12.019268,10.239014,9.66933,9.224669,8.541541,7.321055,5.99732
171_Techno_TS_DHN_SEASONAL_gwp3,TS_DHN_SEASONAL,2.5939999999999883,471.892085,21.865124,13.492384,11.656856,11.695697,11.66017,8.862309,8.608646,8.328179,7.827036,6.187138,5.234458
172_Techno_TS_DHN_SEASONAL_gwp3,TS_DHN_SEASONAL,2.603999999999988,460.676287,25.613247,14.783101,12.784621,12.223021,12.080578,10.324854,9.787343,9.194575,8.588898,7.40809,5.938641
173_Techno_TS_DHN_SEASONAL_gwp3,TS_DHN_SEASONAL,2.613999999999988,460.890071,25.59947,14.46747,13.14453,11.453545,12.07478,11.09256,10.757011,10.449205,9.206812,8.610254,7.056403
174_Techno_TS_DHN_SEASONAL_gwp3,TS_DHN_SEASONAL,2.623999999999988,460.724698,26.443825,15.807877,13.104127,13.617011,13.1846,10.861599,10.227691,9.952293,9.421216,7.752463,6.507675
175_Techno_TS_DHN_SEASONAL_gwp3,TS_DHN_SEASONAL,2.6339999999999875,459.344931,30.103674,17.196816,14.29835,14.271437,14.136486,12.616047,11.937816,11.489121,10.364369,9.446007,7.687398
176_Techno_TS_DHN_SEASONAL_gwp3,TS_DHN_SEASONAL,2.6439999999999872,458.332061,25.187605,14.916606,12.681719,13.080045,12.444128,10.28179,9.767649,9.429677,8.615502,7.321286,6.413023
177_Techno_TS_DHN_SEASONAL_gwp3,TS_DHN_SEASONAL,2.653999999999987,458.541438,27.548677,15.924452,13.497378,13.364575,13.341062,11.45031,10.869029,10.492935,9.573238,8.472273,7.001874
178_Techno_TS_DHN_SEASONAL_gwp3,TS_DHN_SEASONAL,2.663999999999987,457.53926,19.574046,12.094623,10.940098,10.25431,10.449615,7.95076,7.902652,7.709428,7.038563,5.635004,4.823499
179_Techno_TS_DHN_SEASONAL_gwp3,TS_DHN_SEASONAL,2.6739999999999866,454.00012,26.260055,15.662578,12.980146,13.723941,13.052665,10.660246,9.993092,9.544395,9.006132,7.472628,6.386135
180_Techno_TS_DHN_SEASONAL_gwp3,TS_DHN_SEASONAL,2.6839999999999864,450.005492,21.088963,12.826001,11.409824,10.991293,10.612196,8.604019,8.253487,7.776313,7.152392,6.050338,5.003897
181_Techno_TS_DHN_SEASONAL_gwp3,TS_DHN_SEASONAL,2.693999999999986,439.158691,19.22852,11.879015,10.837657,10.134989,10.02617,7.815532,7.612701,7.177232,6.60641,5.480002,4.539538
182_Techno_TS_DHN_SEASONAL_gwp3,TS_DHN_SEASONAL,2.703999999999986,439.472162,28.335654,16.514452,13.658935,14.018905,13.720646,11.640949,10.946124,10.499801,9.647416,8.342521,6.801038
183_Techno_TS_DHN_SEASONAL_gwp3,TS_DHN_SEASONAL,2.7139999999999858,439.453001,26.975675,15.426474,13.591257,12.224237,12.835863,12.065116,11.663604,11.532939,9.918651,9.895577,8.284212
184_Techno_TS_DHN_SEASONAL_gwp3,TS_DHN_SEASONAL,2.723999999999985,432.84605,27.711645,15.533399,13.570851,12.875441,12.887006,11.460505,10.841456,10.428294,9.421539,8.566619,6.978659
185_Techno_TS_DHN_SEASONAL_gwp3,TS_DHN_SEASONAL,2.7339999999999853,429.879181,25.587647,15.044284,12.804471,12.823403,12.528544,10.51035,9.883663,9.471507,8.805975,7.505241,6.171436
186_Techno_TS_DHN_SEASONAL_gwp3,TS_DHN_SEASONAL,2.743999999999985,429.462303,26.537128,15.642294,13.178377,13.078068,12.975406,10.894785,10.312198,9.886536,9.128582,7.803983,6.419637
187_Techno_TS_DHN_SEASONAL_gwp3,TS_DHN_SEASONAL,2.753999999999985,429.386341,21.138665,12.669498,11.397239,10.755239,10.315641,8.658474,8.314306,7.800645,7.157483,6.177014,5.088513
188_Techno_TS_DHN_SEASONAL_gwp3,TS_DHN_SEASONAL,2.7639999999999847,429.369579,25.518913,15.270271,12.888563,12.979804,12.598366,10.55564,10.025436,9.632248,8.866203,7.634806,6.503196
189_Techno_TS_DHN_SEASONAL_gwp3,TS_DHN_SEASONAL,2.7739999999999845,429.37486,21.565244,12.956815,11.618958,10.856371,10.791111,8.992335,8.703569,8.38388,7.529301,6.649437,5.629921
190_Techno_TS_DHN_SEASONAL_gwp3,TS_DHN_SEASONAL,2.7839999999999843,429.339445,21.67368,13.27282,11.572617,11.433338,11.170401,8.839077,8.505391,8.100092,7.474808,6.269226,5.244847
191_Techno_TS_DHN_SEASONAL_gwp3,TS_DHN_SEASONAL,2.793999999999984,419.973888,29.847346,16.705701,14.149602,13.611314,13.851778,12.187412,11.62573,11.135283,10.183719,9.068034,7.338955
192_Techno_TS_DHN_SEASONAL_gwp3,TS_DHN_SEASONAL,2.803999999999984,418.898059,21.51534,12.919358,11.561561,11.015532,10.710052,8.849831,8.497977,8.098281,7.390818,6.385413,5.316948
193_Techno_TS_DHN_SEASONAL_gwp3,TS_DHN_SEASONAL,2.813999999999984,413.497115,23.665626,14.860503,12.257522,12.577044,13.026912,9.809148,9.592944,9.744991,9.280333,7.293835,6.586059
194_Techno_TS_DHN_SEASONAL_gwp3,TS_DHN_SEASONAL,2.8239999999999834,413.497832,19.367104,12.180092,10.912743,10.330302,10.668629,7.8925,7.832427,7.595263,7.135388,5.58802,4.771261
195_Techno_TS_DHN_SEASONAL_gwp3,TS_DHN_SEASONAL,2.833999999999983,413.436884,25.306785,14.842542,12.692105,12.743241,12.157611,10.247919,9.71083,9.198445,8.50578,7.316248,5.916157
196_Techno_TS_DHN_SEASONAL_gwp3,TS_DHN_SEASONAL,2.843999999999983,413.328821,28.15448,15.819725,13.62139,13.222699,13.15792,11.429197,10.724967,10.267587,9.291294,8.382156,6.761085
197_Techno_TS_DHN_SEASONAL_gwp3,TS_DHN_SEASONAL,2.8539999999999828,413.342664,26.283149,15.157938,13.056403,12.598194,12.675194,10.689978,10.126953,9.694113,8.97116,7.702608,6.307972
198_Techno_TS_DHN_SEASONAL_gwp3,TS_DHN_SEASONAL,2.8639999999999826,413.359317,23.204439,13.556668,12.175495,11.151633,11.146147,9.615962,9.184024,8.733998,7.91947,7.057058,5.727885
199_Techno_TS_DHN_SEASONAL_gwp3,TS_DHN_SEASONAL,2.8739999999999823,413.325806,17.478824,10.731074,10.300435,9.200762,8.644779,7.157936,6.945464,6.435369,5.943987,5.078506,4.15883
200_Techno_TS_DHN_SEASONAL_gwp3,TS_DHN_SEASONAL,2.883999999999982,413.32232,25.160758,14.504165,12.780888,12.06213,12.047654,10.475368,10.028167,9.623912,8.619459,7.825699,6.361721
201_Techno_TS_DHN_SEASONAL_gwp3,TS_DHN_SEASONAL,2.893999999999982,402.679693,26.55088,15.494865,13.105703,13.032223,12.802756,10.92337,10.373186,9.880251,9.091686,7.895951,6.456111
202_Techno_TS_DHN_SEASONAL_gwp3,TS_DHN_SEASONAL,2.9039999999999817,388.119436,20.818701,12.440515,11.306052,10.546299,10.240137,8.503423,8.159494,7.702522,7.063985,5.993983,4.950061
203_Techno_TS_DHN_SEASONAL_gwp3,TS_DHN_SEASONAL,2.913999999999981,386.575987,25.138265,14.575608,12.717244,12.158669,12.122384,10.360256,9.84287,9.430378,8.762946,7.545071,6.245729
204_Techno_TS_DHN_SEASONAL_gwp3,TS_DHN_SEASONAL,2.9239999999999813,382.257214,23.588146,14.303324,12.187026,12.115018,12.387824,9.616262,9.390336,9.259074,8.468572,6.825088,5.812461
205_Techno_TS_DHN_SEASONAL_gwp3,TS_DHN_SEASONAL,2.933999999999981,382.088197,26.453391,14.932464,13.107466,12.272149,12.424021,10.750039,10.178161,9.714501,8.852466,7.801432,6.311741
206_Techno_TS_DHN_SEASONAL_gwp3,TS_DHN_SEASONAL,2.943999999999981,382.224028,26.456528,15.038407,13.209989,12.128968,12.470604,11.153665,10.713546,10.338343,9.278585,8.531662,6.982472
207_Techno_TS_DHN_SEASONAL_gwp3,TS_DHN_SEASONAL,2.9539999999999806,381.988755,24.219821,14.328629,12.379585,12.214572,11.903768,9.858292,9.365309,8.894212,8.209121,6.956888,5.670422
208_Techno_TS_DHN_SEASONAL_gwp3,TS_DHN_SEASONAL,2.9639999999999804,379.01884,25.841541,15.395998,12.901636,13.430374,12.853848,10.542159,9.864921,9.464848,9.122204,7.41156,6.127784
209_Techno_TS_DHN_SEASONAL_gwp3,TS_DHN_SEASONAL,2.97399999999998,361.275102,27.306025,16.386063,13.289212,14.16789,13.671363,11.02463,10.395086,9.91522,9.176685,7.661019,6.252751
210_Techno_TS_DHN_SEASONAL_gwp3,TS_DHN_SEASONAL,2.98399999999998,355.593386,23.457072,13.737764,12.116916,11.416753,11.484489,9.431942,9.027642,8.602637,8.044348,6.660679,5.448338
211_Techno_TS_DHN_SEASONAL_gwp3,TS_DHN_SEASONAL,2.99399999999998,347.826668,29.046333,16.237801,13.915809,13.316093,13.428689,11.906486,11.399126,11.00308,9.823394,8.985345,7.287507
212_Techno_TS_DHN_SEASONAL_gwp3,TS_DHN_SEASONAL,3.00399999999998,346.243491,24.078945,14.148569,12.323733,12.102526,11.702623,9.800779,9.27059,8.746758,8.052018,6.949417,5.651605
213_Techno_TS_DHN_SEASONAL_gwp3,TS_DHN_SEASONAL,3.01399999999998,343.547088,18.567909,10.970996,10.615415,9.294621,8.9684,7.467325,7.298238,6.760346,6.234775,5.343526,4.305502
214_Techno_TS_DHN_SEASONAL_gwp3,TS_DHN_SEASONAL,3.023999999999979,337.753543,22.276483,13.730995,11.801222,11.704435,11.599257,9.258426,8.972316,8.676405,7.858372,6.672884,5.637824
215_Techno_TS_DHN_SEASONAL_gwp3,TS_DHN_SEASONAL,3.033999999999979,332.997624,21.702028,13.577332,11.721477,11.489153,11.211143,8.962374,8.584873,8.145885,7.72099,6.28343,5.184319
216_Techno_TS_DHN_SEASONAL_gwp3,TS_DHN_SEASONAL,3.0439999999999787,318.411827,15.576363,10.17408,9.751174,8.411572,8.731306,6.559741,6.74373,6.654224,6.089118,5.047592,4.82259
217_Techno_TS_DHN_SEASONAL_gwp3,TS_DHN_SEASONAL,3.0539999999999785,316.870455,23.722663,13.403198,12.278306,10.813689,11.096087,9.789284,9.39014,8.907752,8.075926,7.318287,5.974623
218_Techno_TS_DHN_SEASONAL_gwp3,TS_DHN_SEASONAL,3.0639999999999783,315.130985,22.875955,13.586691,11.962153,11.587253,11.210303,9.337386,8.908511,8.392278,7.76478,6.647969,5.437442
219_Techno_TS_DHN_SEASONAL_gwp3,TS_DHN_SEASONAL,3.073999999999978,309.639135,30.982994,18.056555,14.469343,14.937058,14.97957,12.580725,11.825104,11.272926,10.446467,8.988206,7.315297
220_Techno_TS_DHN_SEASONAL_gwp3,TS_DHN_SEASONAL,3.083999999999978,305.693407,19.687732,11.989565,11.004466,10.248647,9.921179,8.081576,7.818029,7.318334,6.746113,5.718832,4.691743
221_Techno_TS_DHN_SEASONAL_gwp3,TS_DHN_SEASONAL,3.0939999999999777,300.166228,22.959902,13.623096,12.044082,11.539901,11.314988,9.476093,9.091102,8.649759,7.935108,6.836417,5.686176
222_Techno_TS_DHN_SEASONAL_gwp3,TS_DHN_SEASONAL,3.103999999999977,295.865575,23.28782,14.409403,12.079589,12.334116,12.331759,9.472082,9.154507,8.942486,8.490361,6.691234,5.668935
223_Techno_TS_DHN_SEASONAL_gwp3,TS_DHN_SEASONAL,3.113999999999977,291.986004,27.144833,15.941583,13.363855,13.671242,13.313988,11.261529,10.683749,10.294441,9.365984,8.194222,6.793734
224_Techno_TS_DHN_SEASONAL_gwp3,TS_DHN_SEASONAL,3.123999999999977,285.594276,28.137594,16.494438,13.601686,14.021985,13.571407,11.534427,10.822692,10.263032,9.487267,8.251408,6.674347
225_Techno_TS_DHN_SEASONAL_gwp3,TS_DHN_SEASONAL,3.133999999999977,270.526919,25.977758,15.296805,12.926853,13.086919,12.515911,10.549419,9.893582,9.353351,8.858235,7.449737,6.083083
226_Techno_TS_DHN_SEASONAL_gwp3,TS_DHN_SEASONAL,3.1439999999999766,258.260482,27.587197,15.959753,13.57312,13.37857,13.21698,11.575186,10.976147,10.566371,9.587136,8.643998,7.01811
227_Techno_TS_DHN_SEASONAL_gwp3,TS_DHN_SEASONAL,3.1539999999999764,255.45648,24.556078,14.292701,12.50568,12.032659,11.726052,10.026037,9.474694,8.90974,8.280084,7.129498,5.762646
228_Techno_TS_DHN_SEASONAL_gwp3,TS_DHN_SEASONAL,3.163999999999976,247.573573,26.524757,15.671473,13.25821,13.05061,12.878505,10.995342,10.394518,9.851714,9.107719,7.955065,6.442661
229_Techno_TS_DHN_SEASONAL_gwp3,TS_DHN_SEASONAL,3.173999999999976,229.147029,26.353998,16.179654,13.411665,13.436181,13.068641,10.813462,10.373098,9.752426,9.278922,7.814365,6.306135
230_Techno_TS_DHN_SEASONAL_gwp3,TS_DHN_SEASONAL,3.183999999999976,229.105313,28.444672,16.813742,14.059145,13.611846,13.641804,11.912228,11.170458,10.540166,9.724498,8.654561,6.976368
231_Techno_TS_DHN_SEASONAL_gwp3,TS_DHN_SEASONAL,3.1939999999999755,225.162552,24.670486,14.482223,12.548038,12.493662,12.133653,10.116539,9.646502,9.283593,8.591502,7.283279,6.210184
232_Techno_TS_DHN_SEASONAL_gwp3,TS_DHN_SEASONAL,3.2039999999999758,218.870836,27.853043,16.29919,13.486651,14.190226,13.445725,11.249227,10.489149,9.93366,9.329412,7.877204,6.369467
233_Techno_TS_DHN_SEASONAL_gwp3,TS_DHN_SEASONAL,3.213999999999975,218.973433,26.177921,16.767494,13.780736,13.345157,13.363104,11.193122,10.728323,10.067116,9.549899,8.095628,6.513289
234_Techno_TS_DHN_SEASONAL_gwp3,TS_DHN_SEASONAL,3.223999999999975,219.020995,16.479634,10.264601,9.956602,8.675662,8.503528,6.675278,6.626482,6.108108,5.628442,4.63272,3.852539
235_Techno_TS_DHN_SEASONAL_gwp3,TS_DHN_SEASONAL,3.2339999999999747,219.036747,24.9001,14.791038,12.604736,12.70651,12.258458,10.206131,9.659497,9.195266,8.464944,7.294827,5.951237
236_Techno_TS_DHN_SEASONAL_gwp3,TS_DHN_SEASONAL,3.2439999999999745,218.975208,24.478316,14.643291,12.636273,12.366661,12.127182,10.231128,9.876758,9.625229,8.508478,7.714658,6.874678
237_Techno_TS_DHN_SEASONAL_gwp3,TS_DHN_SEASONAL,3.2539999999999742,218.838076,30.400615,18.826524,14.655339,16.066685,14.825232,12.573822,11.675588,10.83962,10.439583,8.825948,7.019408
238_Techno_TS_DHN_SEASONAL_gwp3,TS_DHN_SEASONAL,3.263999999999974,216.566096,23.588635,14.336659,12.168034,12.390058,11.83504,9.615751,9.181289,8.651912,8.035181,6.714193,5.516656
239_Techno_TS_DHN_SEASONAL_gwp3,TS_DHN_SEASONAL,3.273999999999974,215.892244,30.815577,18.112035,14.458163,15.59442,14.491193,12.509934,11.52775,10.793117,10.260711,8.757753,7.015765
240_Techno_TS_DHN_SEASONAL_gwp3,TS_DHN_SEASONAL,3.2839999999999736,212.940927,22.717171,13.81141,11.922281,11.842854,11.514938,9.304449,8.961737,8.664423,8.088297,6.659507,5.667079
241_Techno_TS_DHN_SEASONAL_gwp3,TS_DHN_SEASONAL,3.2939999999999734,212.307457,24.077535,14.790963,12.382721,12.542969,12.566071,9.917775,9.844964,9.903435,8.807091,7.735826,7.126634
242_Techno_TS_DHN_SEASONAL_gwp3,TS_DHN_SEASONAL,3.303999999999973,205.714908,27.431846,16.005099,13.332087,13.746654,13.407572,11.086276,10.525951,10.078181,9.325027,7.831991,6.50164
243_Techno_TS_DHN_SEASONAL_gwp3,TS_DHN_SEASONAL,3.313999999999973,202.32492,28.799369,17.178214,13.773716,14.922735,13.778934,11.599321,10.843241,10.186305,9.714315,8.157109,6.698033
244_Techno_TS_DHN_SEASONAL_gwp3,TS_DHN_SEASONAL,3.3239999999999728,195.811168,18.087293,10.96576,10.471366,9.460682,8.992597,7.35678,7.148223,6.6368,6.211614,5.142402,4.344981
245_Techno_TS_DHN_SEASONAL_gwp3,TS_DHN_SEASONAL,3.3339999999999725,191.971648,16.208992,10.285263,9.882933,8.634671,8.878189,6.609442,6.777062,6.543374,5.876987,4.822716,4.395133
246_Techno_TS_DHN_SEASONAL_gwp3,TS_DHN_SEASONAL,3.3439999999999723,191.745043,26.465338,15.098771,13.095709,12.505473,12.591484,10.884478,10.394911,10.002123,9.158811,7.940061,6.708253
247_Techno_TS_DHN_SEASONAL_gwp3,TS_DHN_SEASONAL,3.353999999999972,191.713559,31.166215,19.201937,15.004705,15.742251,15.090195,13.084331,12.046926,11.177381,10.721883,9.165255,7.254463
248_Techno_TS_DHN_SEASONAL_gwp3,TS_DHN_SEASONAL,3.363999999999972,186.504536,24.115486,14.217542,12.407951,12.108106,11.782989,9.928,9.447586,8.998163,8.3646,7.09967,6.054338
249_Techno_TS_DHN_SEASONAL_gwp3,TS_DHN_SEASONAL,3.373999999999972,186.419736,15.060838,9.57394,9.532292,8.045861,7.943624,6.144552,6.175589,5.66706,5.224095,4.276836,3.614534
250_Techno_TS_DHN_SEASONAL_gwp3,TS_DHN_SEASONAL,3.3839999999999715,176.021859,27.104688,16.422571,13.246253,14.068674,14.005984,11.07162,10.58538,10.316282,9.43568,7.908188,6.77129
251_Techno_TS_DHN_SEASONAL_gwp3,TS_DHN_SEASONAL,3.3939999999999717,170.938948,16.630191,10.333802,10.029054,8.787887,8.549564,6.797884,6.770329,6.467763,6.08901,4.923897,4.583508
252_Techno_TS_DHN_SEASONAL_gwp3,TS_DHN_SEASONAL,3.403999999999971,170.547214,25.078901,14.972656,12.659235,12.982249,12.503171,10.395566,9.799839,9.396187,8.562015,7.506944,6.339323
253_Techno_TS_DHN_SEASONAL_gwp3,TS_DHN_SEASONAL,3.413999999999971,170.486794,26.853394,16.498554,13.208073,14.095877,14.214678,10.974509,10.665031,10.523065,9.600082,7.902057,6.980767
254_Techno_TS_DHN_SEASONAL_gwp3,TS_DHN_SEASONAL,3.42399999999997,158.219207,26.876242,15.193145,13.220055,12.374834,12.64283,10.982764,10.487056,10.00503,9.198633,8.05897,6.740293
255_Techno_TS_DHN_SEASONAL_gwp3,TS_DHN_SEASONAL,3.4339999999999704,157.22067,24.654792,14.892638,12.620683,12.602307,12.607985,10.319083,10.020329,9.885971,8.983721,7.749233,6.975395
256_Techno_TS_DHN_SEASONAL_gwp3,TS_DHN_SEASONAL,3.44399999999997,156.289157,25.028871,14.860198,12.613895,12.642928,12.396379,10.209577,9.714726,9.238467,8.543608,7.223028,6.164522
257_Techno_TS_DHN_SEASONAL_gwp3,TS_DHN_SEASONAL,3.45399999999997,156.280838,26.606578,16.259616,13.148927,13.832621,13.775023,11.173036,10.705376,10.562145,9.526405,8.335221,7.46487
258_Techno_TS_DHN_SEASONAL_gwp3,TS_DHN_SEASONAL,3.4639999999999698,154.898356,25.49785,14.508454,12.826338,12.011236,12.020068,10.45898,9.886524,9.343789,8.662301,7.563203,6.689959
259_Techno_TS_DHN_SEASONAL_gwp3,TS_DHN_SEASONAL,3.4739999999999696,154.410811,25.417794,14.893085,12.716451,12.392022,12.136318,10.256091,9.74121,9.265863,8.689927,7.305529,6.292381
260_Techno_TS_DHN_SEASONAL_gwp3,TS_DHN_SEASONAL,3.4839999999999693,152.751945,24.227964,14.115155,12.377274,11.861907,11.715352,9.859621,9.410019,8.951962,8.23851,7.065256,6.387811
261_Techno_TS_DHN_SEASONAL_gwp3,TS_DHN_SEASONAL,3.493999999999969,152.748473,30.725837,18.114976,14.458999,15.596689,14.723285,12.646805,11.770329,11.204808,10.510809,9.069324,7.638265
262_Techno_TS_DHN_SEASONAL_gwp4,TS_DHN_SEASONAL,3.503999999999969,152.711514,25.547206,15.035503,12.763027,12.976098,12.535317,10.369922,9.835104,9.375826,8.648109,7.329567,6.420625
263_Techno_TS_DHN_SEASONAL_gwp4,TS_DHN_SEASONAL,3.5139999999999687,151.659917,27.429763,15.93208,13.785424,13.224141,13.016833,11.896129,11.371624,10.99174,9.753245,9.292521,7.833109
264_Techno_TS_DHN_SEASONAL_gwp4,TS_DHN_SEASONAL,3.5239999999999685,150.448933,27.140209,16.186493,13.263294,13.949867,13.393956,11.073823,10.473755,10.09791,9.337278,7.916373,6.864592
265_Techno_TS_DHN_SEASONAL_gwp4,TS_DHN_SEASONAL,3.5339999999999683,148.749486,29.97313,17.633049,14.119695,15.335356,14.391922,12.306885,11.466862,10.956795,10.287382,8.800068,7.382743
266_Techno_TS_DHN_SEASONAL_gwp4,TS_DHN_SEASONAL,3.543999999999968,148.988246,25.311202,14.377733,12.954859,11.619772,11.98953,10.75841,10.37243,10.061155,8.89762,8.18797,6.939239
267_Techno_TS_DHN_SEASONAL_gwp4,TS_DHN_SEASONAL,3.553999999999968,147.73449,23.180586,13.818881,12.043083,11.791951,11.566072,9.462838,9.087138,8.700277,8.063218,6.751709,5.747036
268_Techno_TS_DHN_SEASONAL_gwp4,TS_DHN_SEASONAL,3.563999999999968,145.527355,23.851362,14.352981,12.261483,12.265568,11.930034,9.724641,9.34692,9.011351,8.412544,6.968648,6.090712
269_Techno_TS_DHN_SEASONAL_gwp4,TS_DHN_SEASONAL,3.5739999999999674,143.453003,24.406824,14.523769,12.407217,12.504315,11.900417,9.914736,9.38743,8.839375,8.196097,6.949726,5.866921
270_Techno_TS_DHN_SEASONAL_gwp4,TS_DHN_SEASONAL,3.583999999999967,142.142485,19.248855,11.902862,10.828363,10.134137,9.991202,7.825753,7.754043,7.39231,6.672697,5.551427,5.085098
271_Techno_TS_DHN_SEASONAL_gwp4,TS_DHN_SEASONAL,3.593999999999967,138.814058,24.457866,14.321963,12.408732,12.320332,11.978176,9.873973,9.442881,8.993057,8.478179,7.034137,6.112863
272_Techno_TS_DHN_SEASONAL_gwp4,TS_DHN_SEASONAL,3.603999999999967,138.80115,27.005246,15.804726,13.237124,13.592588,13.066254,11.021633,10.404978,9.887363,9.185222,7.870551,6.629049
273_Techno_TS_DHN_SEASONAL_gwp4,TS_DHN_SEASONAL,3.613999999999967,138.804148,27.120167,15.907863,13.344155,13.624435,12.729441,11.120736,10.380966,9.725804,9.111795,7.940445,6.56611
274_Techno_TS_DHN_SEASONAL_gwp4,TS_DHN_SEASONAL,3.6239999999999664,137.68252,27.821661,15.623859,13.698275,13.012735,13.011089,11.396411,10.845233,10.352108,9.358967,8.427208,6.957346
275_Techno_TS_DHN_SEASONAL_gwp4,TS_DHN_SEASONAL,3.633999999999966,135.557619,29.498539,17.413471,14.00822,15.09942,13.865553,11.88002,10.992788,10.277117,9.844859,8.284969,6.786996
276_Techno_TS_DHN_SEASONAL_gwp4,TS_DHN_SEASONAL,3.643999999999966,135.495427,27.576761,16.398225,13.406833,14.336255,13.09485,11.141138,10.343044,9.660931,9.22384,7.761422,6.393763
277_Techno_TS_DHN_SEASONAL_gwp4,TS_DHN_SEASONAL,3.6539999999999657,132.907354,26.230157,14.955943,13.180254,12.107037,12.407078,11.069991,10.620341,10.262663,9.149978,8.507904,7.142795
278_Techno_TS_DHN_SEASONAL_gwp4,TS_DHN_SEASONAL,3.6639999999999655,132.157175,27.411499,16.029894,13.380444,13.849314,13.274261,11.192346,10.465141,9.955711,9.283903,7.978794,6.620295
279_Techno_TS_DHN_SEASONAL_gwp4,TS_DHN_SEASONAL,3.673999999999965,132.150599,25.823511,15.138664,12.964705,12.901423,12.59235,10.762913,10.243019,9.923408,9.027794,7.976449,6.884792
280_Techno_TS_DHN_SEASONAL_gwp4,TS_DHN_SEASONAL,3.683999999999965,129.126903,24.173576,13.754013,12.44828,11.208357,11.294823,9.998188,9.610709,9.192676,8.320852,7.379432,6.082419
281_Techno_TS_DHN_SEASONAL_gwp4,TS_DHN_SEASONAL,3.693999999999965,119.2221,24.820147,14.547046,12.554127,12.345508,12.00897,10.11083,9.570699,9.083068,8.434725,7.219163,6.294886
282_Techno_TS_DHN_SEASONAL_gwp4,TS_DHN_SEASONAL,3.7039999999999647,118.087052,20.926898,12.518907,11.369934,10.859816,10.166223,8.543108,8.122432,7.57293,7.116128,6.063244,5.978601
283_Techno_TS_DHN_SEASONAL_gwp4,TS_DHN_SEASONAL,3.713999999999965,116.165456,24.915137,15.16593,12.570575,13.206827,12.734048,10.088105,9.579851,9.204013,8.689813,7.015493,6.30403
284_Techno_TS_DHN_SEASONAL_gwp4,TS_DHN_SEASONAL,3.723999999999964,115.526224,28.900438,16.547916,13.767836,13.669583,13.78958,11.62519,10.93,10.472654,9.813903,8.247643,6.97707
285_Techno_TS_DHN_SEASONAL_gwp4,TS_DHN_SEASONAL,3.733999999999964,115.010872,26.988968,15.05141,13.493591,12.32697,12.537309,11.353772,10.793083,10.441373,9.368626,8.677034,7.257131
286_Techno_TS_DHN_SEASONAL_gwp4,TS_DHN_SEASONAL,3.743999999999964,114.878922,28.99377,17.124741,13.821818,14.889853,14.20366,11.769027,10.948621,10.48422,9.796787,8.278939,7.069936
287_Techno_TS_DHN_SEASONAL_gwp4,TS_DHN_SEASONAL,3.753999999999964,114.882048,21.372667,13.490764,11.51359,11.443802,11.861922,8.685153,8.707361,8.638126,7.789928,6.232722,6.254395
288_Techno_TS_DHN_SEASONAL_gwp4,TS_DHN_SEASONAL,3.7639999999999634,114.734498,20.437535,12.439343,11.186674,10.726649,10.454713,8.301652,8.130338,7.695691,7.118953,5.874213,6.172613
289_Techno_TS_DHN_SEASONAL_gwp4,TS_DHN_SEASONAL,3.773999999999963,114.708523,27.926684,16.403386,13.618912,14.118603,13.658453,11.66544,11.010484,10.724509,9.700769,8.638114,7.532834
290_Techno_TS_DHN_SEASONAL_gwp4,TS_DHN_SEASONAL,3.783999999999963,114.709755,26.755361,15.540245,13.164996,12.928305,12.840163,10.929005,10.264835,9.790821,9.150526,7.792352,6.87505
291_Techno_TS_DHN_SEASONAL_gwp4,TS_DHN_SEASONAL,3.7939999999999623,112.130938,29.10596,16.272771,14.230373,13.20885,13.689175,12.434029,11.881121,11.687748,10.007543,9.691507,8.085106
292_Techno_TS_DHN_SEASONAL_gwp4,TS_DHN_SEASONAL,3.8039999999999625,108.138709,25.468028,14.847823,12.790339,12.639266,12.272028,10.359665,9.826115,9.280337,8.648058,7.384421,6.580885
293_Techno_TS_DHN_SEASONAL_gwp4,TS_DHN_SEASONAL,3.8139999999999614,106.906515,28.028938,15.717141,13.488994,13.011802,13.047288,11.192114,10.650614,10.250378,9.667555,8.194457,7.02493
294_Techno_TS_DHN_SEASONAL_gwp4,TS_DHN_SEASONAL,3.823999999999962,105.323909,29.174211,16.872844,14.190484,13.897954,13.830757,12.146802,11.427327,10.81061,10.03108,8.772349,7.324782
295_Techno_TS_DHN_SEASONAL_gwp4,TS_DHN_SEASONAL,3.833999999999962,105.065549,24.449034,14.222308,12.577967,11.498315,11.721854,10.317975,9.927758,9.547541,8.55545,7.801373,6.909361
296_Techno_TS_DHN_SEASONAL_gwp4,TS_DHN_SEASONAL,3.8439999999999617,104.128585,27.621576,16.157249,13.611269,13.39289,13.209673,11.552016,10.935984,10.425507,9.651269,8.504756,7.197707
297_Techno_TS_DHN_SEASONAL_gwp4,TS_DHN_SEASONAL,3.8539999999999615,97.054691,29.923712,17.953838,14.307194,15.260271,14.540995,12.339971,11.497283,10.870455,10.183592,8.748786,7.424424
298_Techno_TS_DHN_SEASONAL_gwp4,TS_DHN_SEASONAL,3.863999999999961,97.056601,25.615758,15.005454,12.881883,12.752948,12.367602,10.518385,10.01147,9.558449,8.835803,7.662853,6.896876
299_Techno_TS_DHN_SEASONAL_gwp4,TS_DHN_SEASONAL,3.873999999999961,95.455931,25.827254,14.258341,12.934834,11.703132,12.027435,10.563748,10.035696,9.57867,8.742409,7.721926,6.741899
300_Techno_TS_DHN_SEASONAL_gwp4,TS_DHN_SEASONAL,3.883999999999961,88.473512,24.033305,13.761476,12.69366,10.806953,11.594637,10.872278,10.735834,10.6994,8.93297,9.050429,7.749671
301_Techno_TS_DHN_SEASONAL_gwp4,TS_DHN_SEASONAL,3.8939999999999606,88.545131,29.264716,17.782561,14.235262,14.861805,14.170504,11.932684,11.230774,10.500865,10.051888,8.477312,7.418683
302_Techno_TS_DHN_SEASONAL_gwp4,TS_DHN_SEASONAL,3.90399999999996,88.377871,28.79896,16.571209,13.831047,13.844518,13.613523,11.979178,11.264453,10.84703,9.912914,8.913343,7.626538
303_Techno_TS_DHN_SEASONAL_gwp4,TS_DHN_SEASONAL,3.91399999999996,88.387669,26.098996,15.599626,13.003301,13.406912,12.994488,10.707836,10.235775,9.947318,9.2786,7.803867,6.917508
304_Techno_TS_DHN_SEASONAL_gwp4,TS_DHN_SEASONAL,3.92399999999996,82.768352,24.174491,14.517695,12.348435,12.56796,12.054488,9.852468,9.314779,8.875727,8.171057,6.884603,6.652351
305_Techno_TS_DHN_SEASONAL_gwp4,TS_DHN_SEASONAL,3.93399999999996,76.386787,28.357261,16.291961,13.726198,13.815956,13.607564,11.750649,11.048587,10.671839,9.880497,8.535042,7.498338
306_Techno_TS_DHN_SEASONAL_gwp4,TS_DHN_SEASONAL,3.94399999999996,72.139283,28.320674,16.018675,14.010261,12.802589,13.449206,12.231006,11.860499,11.547308,10.160064,9.587964,8.094698
307_Techno_TS_DHN_SEASONAL_gwp4,TS_DHN_SEASONAL,3.9539999999999593,67.844242,25.76751,14.665485,12.905739,12.375599,12.072541,10.558764,9.967472,9.481631,8.82842,7.591699,6.791512
308_Techno_TS_DHN_SEASONAL_gwp4,TS_DHN_SEASONAL,3.963999999999959,67.801419,24.196611,14.104301,12.393864,11.979168,11.601782,9.863741,9.30507,8.764179,8.157275,6.98292,6.572959
309_Techno_TS_DHN_SEASONAL_gwp4,TS_DHN_SEASONAL,3.973999999999959,67.768435,26.346049,15.008134,13.047418,12.7325,12.324542,10.615481,9.968425,9.395911,8.800948,7.565069,6.772402
310_Techno_TS_DHN_SEASONAL_gwp4,TS_DHN_SEASONAL,3.983999999999959,64.775128,23.354108,13.880745,12.097009,11.993346,11.614972,9.511066,9.058113,8.7155,8.071934,6.697542,6.692494
311_Techno_TS_DHN_SEASONAL_gwp4,TS_DHN_SEASONAL,3.9939999999999594,64.270557,22.87545,13.797378,11.935083,11.884904,11.615397,9.316168,8.981281,8.592256,7.683841,6.541262,6.51422
312_Techno_TS_DHN_SEASONAL_gwp4,TS_DHN_SEASONAL,4.003999999999959,63.751055,24.871324,15.073345,12.555344,13.169974,12.72659,10.115312,9.621105,9.303173,8.729324,7.103213,6.666083
313_Techno_TS_DHN_SEASONAL_gwp4,TS_DHN_SEASONAL,4.013999999999959,57.038544,23.174706,14.263485,12.03233,12.318014,12.054077,9.379007,9.069241,8.757643,8.040874,6.554398,6.757538
314_Techno_TS_DHN_SEASONAL_gwp4,TS_DHN_SEASONAL,4.023999999999958,56.997135,26.037973,16.316287,13.417059,13.388212,13.226525,10.874809,10.380996,9.81241,9.306306,7.783198,7.090068
315_Techno_TS_DHN_SEASONAL_gwp4,TS_DHN_SEASONAL,4.033999999999958,52.800314,28.467782,16.213594,13.836778,13.138941,13.40801,11.927102,11.36628,11.017935,9.972737,8.943181,7.659466
316_Techno_TS_DHN_SEASONAL_gwp4,TS_DHN_SEASONAL,4.043999999999958,52.159295,27.506693,15.995705,13.43074,13.511325,13.25882,11.20566,10.554178,10.092348,9.430362,8.040034,7.073361
317_Techno_TS_DHN_SEASONAL_gwp4,TS_DHN_SEASONAL,4.053999999999958,51.627875,24.238587,14.687641,12.36238,12.751472,12.374528,9.872498,9.466132,9.113755,8.412709,6.957073,6.684731
318_Techno_TS_DHN_SEASONAL_gwp4,TS_DHN_SEASONAL,4.063999999999957,51.631554,24.845268,15.297105,12.525296,13.297131,13.478433,10.050434,9.876177,9.763118,9.213535,7.146484,6.949407
319_Techno_TS_DHN_SEASONAL_gwp4,TS_DHN_SEASONAL,4.073999999999957,51.636428,23.719496,14.188633,12.222165,12.02338,11.92708,9.728435,9.417248,9.129367,8.281416,7.043906,6.664286
320_Techno_TS_DHN_SEASONAL_gwp4,TS_DHN_SEASONAL,4.083999999999957,51.292309,22.962502,13.249593,12.148303,10.565203,11.01408,9.68543,9.333984,8.938005,8.077587,7.112272,6.684497
321_Techno_TS_DHN_SEASONAL_gwp4,TS_DHN_SEASONAL,4.093999999999957,49.644741,26.855626,15.648629,13.230466,13.307866,12.914603,11.039454,10.384914,9.891881,9.167589,7.862722,6.942059
322_Techno_TS_DHN_SEASONAL_gwp4,TS_DHN_SEASONAL,4.103999999999957,49.527105,30.47771,17.797482,14.398996,15.099404,14.320481,12.482488,11.602923,10.934738,10.242519,8.969541,7.578673
323_Techno_TS_DHN_SEASONAL_gwp4,TS_DHN_SEASONAL,4.113999999999956,48.084304,26.938511,15.770029,13.195132,13.572889,13.155489,10.894661,10.264846,9.754818,9.061238,7.706944,6.881577
324_Techno_TS_DHN_SEASONAL_gwp4,TS_DHN_SEASONAL,4.123999999999956,43.150321,26.024169,15.07905,12.902576,13.063062,12.52922,10.476949,9.83546,9.328902,8.730247,7.380954,6.798694
325_Techno_TS_DHN_SEASONAL_gwp4,TS_DHN_SEASONAL,4.133999999999956,42.66181,26.599466,15.569979,13.13487,13.193023,12.743057,10.883856,10.279356,9.690969,9.142349,7.800079,7.022235
326_Techno_TS_DHN_SEASONAL_gwp4,TS_DHN_SEASONAL,4.143999999999956,42.597812,28.151575,16.336139,13.663738,13.844447,13.475316,11.550575,10.815042,10.279557,9.516082,8.274694,7.289259
327_Techno_TS_DHN_SEASONAL_gwp4,TS_DHN_SEASONAL,4.153999999999956,42.618098,28.685797,16.795876,13.770742,14.402926,13.552742,11.639668,10.830212,10.231088,9.730215,8.229195,7.243341
328_Techno_TS_DHN_SEASONAL_gwp4,TS_DHN_SEASONAL,4.163999999999955,41.620993,27.53422,15.868437,13.404744,13.292381,13.087657,11.212778,10.589356,10.128682,9.464573,8.093884,7.221858
329_Techno_TS_DHN_SEASONAL_gwp4,TS_DHN_SEASONAL,4.173999999999955,40.477032,25.925374,15.117536,12.983536,12.817328,12.503318,10.646298,10.055113,9.568527,8.692285,7.639251,7.261815
330_Techno_TS_DHN_SEASONAL_gwp4,TS_DHN_SEASONAL,4.183999999999955,39.823214,28.495119,16.573607,13.707937,14.31233,13.524978,11.517056,10.760666,10.142958,9.516373,8.17832,7.221362
331_Techno_TS_DHN_SEASONAL_gwp4,TS_DHN_SEASONAL,4.193999999999955,38.077975,23.252439,13.807514,12.091947,11.753991,11.423436,9.546449,9.114185,8.665661,7.962598,6.821841,6.844874
332_Techno_TS_DHN_SEASONAL_gwp4,TS_DHN_SEASONAL,4.203999999999954,38.039348,25.69809,14.793689,12.889299,12.098026,12.309632,10.555119,10.093713,9.70465,8.917695,7.7553,7.078126
333_Techno_TS_DHN_SEASONAL_gwp4,TS_DHN_SEASONAL,4.213999999999954,35.343054,21.990459,13.733981,11.666893,11.784108,11.74016,8.983999,8.860812,8.850083,8.072638,6.573778,6.734117
334_Techno_TS_DHN_SEASONAL_gwp4,TS_DHN_SEASONAL,4.223999999999954,32.920673,29.786863,17.080208,14.103576,14.388271,14.084167,12.16653,11.368167,10.844352,10.067724,8.811083,7.648853
335_Techno_TS_DHN_SEASONAL_gwp4,TS_DHN_SEASONAL,4.233999999999954,32.694704,24.95159,14.934098,12.577718,12.898734,12.558933,10.105525,9.697107,9.30793,8.46284,7.123707,6.82383
336_Techno_TS_DHN_SEASONAL_gwp4,TS_DHN_SEASONAL,4.243999999999954,32.543861,20.970087,12.834661,11.351999,10.969611,10.870356,8.529751,8.37262,8.09889,7.349391,6.128661,6.574238
337_Techno_TS_DHN_SEASONAL_gwp4,TS_DHN_SEASONAL,4.253999999999953,29.386491,22.99071,14.215643,11.982278,12.154702,12.172725,9.428686,9.063038,8.878031,8.139917,6.686862,6.684607
338_Techno_TS_DHN_SEASONAL_gwp4,TS_DHN_SEASONAL,4.263999999999953,29.559617,25.664254,14.324148,13.172256,11.521849,12.055364,10.956345,10.635781,10.38547,8.904095,8.540708,7.507525
339_Techno_TS_DHN_SEASONAL_gwp4,TS_DHN_SEASONAL,4.273999999999953,28.491328,26.970779,15.391874,13.473707,12.538454,12.908814,11.483037,11.061918,10.740581,9.5577,8.816443,7.863986
340_Techno_TS_DHN_SEASONAL_gwp4,TS_DHN_SEASONAL,4.283999999999953,27.937304,24.110829,13.975284,12.243928,11.707666,11.602785,9.731398,9.246294,8.742592,8.261362,6.911279,6.787919
341_Techno_TS_DHN_SEASONAL_gwp4,TS_DHN_SEASONAL,4.2939999999999525,23.564715,24.02802,14.366509,12.316921,12.487392,11.953816,9.80255,9.274064,8.818503,8.217446,6.878624,6.518097
342_Techno_TS_DHN_SEASONAL_gwp4,TS_DHN_SEASONAL,4.303999999999952,21.60098,25.880493,15.49974,12.859041,13.36991,12.98549,10.582238,10.082735,9.914466,9.194007,7.636367,7.277341
343_Techno_TS_DHN_SEASONAL_gwp4,TS_DHN_SEASONAL,4.313999999999952,20.542858,23.801663,13.998477,12.259262,11.96115,11.528682,9.718235,9.237622,8.86457,8.277941,6.928387,6.580167
344_Techno_TS_DHN_SEASONAL_gwp4,TS_DHN_SEASONAL,4.323999999999952,20.514938,24.774146,14.716411,12.54532,12.604087,12.258322,10.139678,9.767695,9.398964,8.590606,7.253007,6.909947
345_Techno_TS_DHN_SEASONAL_gwp4,TS_DHN_SEASONAL,4.333999999999952,19.585958,26.209575,14.565065,13.07966,11.974943,12.056752,10.758195,10.330122,9.935307,8.946122,7.940778,7.116248
346_Techno_TS_DHN_SEASONAL_gwp4,TS_DHN_SEASONAL,4.343999999999952,19.502527,28.453543,16.310507,13.989288,13.232456,13.40329,11.969703,11.492297,11.068537,9.964861,9.129965,7.820099
347_Techno_TS_DHN_SEASONAL_gwp4,TS_DHN_SEASONAL,4.353999999999951,19.43528,28.558367,17.193892,13.701417,15.11066,14.379698,11.644399,11.024737,10.864435,10.096548,8.305925,7.649867
348_Techno_TS_DHN_SEASONAL_gwp4,TS_DHN_SEASONAL,4.363999999999951,18.386287,24.753189,14.167017,12.701671,11.726666,11.546522,10.337667,9.837683,9.332376,8.422615,7.715224,6.993562
349_Techno_TS_DHN_SEASONAL_gwp4,TS_DHN_SEASONAL,4.373999999999951,11.229281,26.640408,15.693356,13.097542,13.455509,13.034362,10.834973,10.215581,9.862028,9.242268,7.660655,7.074201
350_Techno_TS_DHN_SEASONAL_gwp4,TS_DHN_SEASONAL,4.383999999999951,15.698977,28.960398,16.43779,13.812877,13.568138,13.794712,11.672912,11.115478,10.669765,9.835432,8.445223,7.364413
351_Techno_TS_DHN_SEASONAL_gwp4,TS_DHN_SEASONAL,4.39399999999995,7.125932,26.980859,15.436074,13.483957,12.503603,13.115206,11.572368,11.107662,10.915938,9.653842,8.868302,7.946481
352_Techno_TS_DHN_SEASONAL_gwp4,TS_DHN_SEASONAL,4.40399999999995,2.54638,18.101961,11.182079,10.463475,9.695789,9.333162,7.335851,7.200827,6.864088,6.405886,5.156684,6.544174
353_Techno_TS_DHN_SEASONAL_gwp4,TS_DHN_SEASONAL,4.41399999999995,2.601817,20.026634,12.0498,11.044379,10.420728,9.943664,8.082658,7.764974,7.242139,6.79897,5.600536,6.365448
354_Techno_TS_DHN_SEASONAL_gwp4,TS_DHN_SEASONAL,4.42399999999995,1.557053,27.891381,15.938908,13.698487,12.910402,13.137049,11.980899,11.510269,11.177014,9.967637,9.28448,7.984679
355_Techno_TS_DHN_SEASONAL_gwp4,TS_DHN_SEASONAL,4.4339999999999495,0.314366,26.660433,15.994219,13.285266,13.591274,13.143869,11.024031,10.437792,9.984481,9.313457,7.969129,7.478253
356_Techno_TS_DHN_SEASONAL_gwp4,TS_DHN_SEASONAL,4.44,173.276849,25.57599,14.972772,13.047699,11.94973,12.281965,10.751112,10.512008,10.144704,9.061319,8.611713,7.20868
357_Techno_TS_DHN_SEASONAL_gwp5,TS_DHN_SEASONAL,4.640000000000001,141.68976,29.690767,17.419846,14.186147,14.514286,13.843081,12.080695,11.401381,10.695393,9.910466,8.807718,7.065385
358_Techno_TS_DHN_SEASONAL_gwp5,TS_DHN_SEASONAL,4.840000000000001,0.787605,32.510232,19.424352,14.972322,17.123722,15.078578,13.215201,11.998358,11.058267,10.67133,9.102034,7.191272
