folder,techno_modifiee,gwp_constr,f_TS_DHN_SEASONAL,f_TRAIN_PUB,f_TRAMWAY_TROLLEY,f_BUS_COACH_HYDIESEL,f_BUS_COACH_DIESEL,f_BUS_COACH_FC_HYBRIDH2,f_BUS_COACH_CNG_STOICH
0_Techno_TS_DHN_SEASONAL_gwp1,TS_DHN_SEASONAL,0.884,1003.798875,18.733576,9.524194,6.622036,1.403082,0.859996,0.909957
1_Techno_TS_DHN_SEASONAL_gwp1,TS_DHN_SEASONAL,0.894,1003.788108,19.526361,9.280751,8.845467,1.150706,1.717806,1.011825
2_Techno_TS_DHN_SEASONAL_gwp1,TS_DHN_SEASONAL,0.904,1003.480085,17.754813,9.800702,7.543338,1.05059,1.088474,0.790031
3_Techno_TS_DHN_SEASONAL_gwp1,TS_DHN_SEASONAL,0.914,1002.926883,18.731727,10.542319,7.916438,1.64022,5.345006,0.755043
4_Techno_TS_DHN_SEASONAL_gwp1,TS_DHN_SEASONAL,0.924,999.812267,17.623326,9.8565,8.968263,1.484099,0.972354,1.356311
5_Techno_TS_DHN_SEASONAL_gwp1,TS_DHN_SEASONAL,0.934,990.939552,17.536012,8.983915,6.773698,1.15929,2.085886,1.07599
6_Techno_TS_DHN_SEASONAL_gwp1,TS_DHN_SEASONAL,0.944,978.3761,18.148895,11.408969,8.051371,1.59366,0.752464,0.969292
7_Techno_TS_DHN_SEASONAL_gwp1,TS_DHN_SEASONAL,0.954,976.37241,17.371877,9.370026,7.598408,1.059683,1.188386,0.944406
8_Techno_TS_DHN_SEASONAL_gwp1,TS_DHN_SEASONAL,0.964,972.536979,17.83442,9.234597,8.912619,1.302132,1.04564,1.171493
9_Techno_TS_DHN_SEASONAL_gwp1,TS_DHN_SEASONAL,0.974,962.233645,16.844269,9.055547,7.225346,2.495918,0.798046,1.039641
10_Techno_TS_DHN_SEASONAL_gwp1,TS_DHN_SEASONAL,0.984,962.104433,18.237883,9.236566,8.580657,1.071128,0.726425,0.982545
11_Techno_TS_DHN_SEASONAL_gwp1,TS_DHN_SEASONAL,0.994,947.210714,17.895482,9.183169,6.546973,1.336042,0.508762,1.139798
12_Techno_TS_DHN_SEASONAL_gwp1,TS_DHN_SEASONAL,1.004,947.109488,19.249985,9.93996,7.715224,1.649251,1.053602,0.929726
13_Techno_TS_DHN_SEASONAL_gwp1,TS_DHN_SEASONAL,1.014,945.631525,21.979016,10.219483,8.368973,0.432675,0.969649,0.987213
14_Techno_TS_DHN_SEASONAL_gwp1,TS_DHN_SEASONAL,1.024,945.512791,17.183221,8.764298,7.985767,1.495971,0.64805,0.940507
15_Techno_TS_DHN_SEASONAL_gwp1,TS_DHN_SEASONAL,1.034,923.142419,16.67049,10.37621,6.681951,0.896378,0.781028,0.805679
16_Techno_TS_DHN_SEASONAL_gwp1,TS_DHN_SEASONAL,1.044,913.739958,18.753427,10.376627,7.648192,1.484222,0.810884,0.853993
17_Techno_TS_DHN_SEASONAL_gwp1,TS_DHN_SEASONAL,1.054,913.737425,18.282904,8.55083,7.106055,1.144593,0.634005,1.033437
18_Techno_TS_DHN_SEASONAL_gwp1,TS_DHN_SEASONAL,1.064,901.662863,18.25048,9.609844,8.379237,1.502894,1.677039,1.0774
19_Techno_TS_DHN_SEASONAL_gwp1,TS_DHN_SEASONAL,1.074,896.983672,17.823441,9.050639,7.148543,0.998662,0.864374,0.950809
20_Techno_TS_DHN_SEASONAL_gwp1,TS_DHN_SEASONAL,1.084,893.286801,16.611083,8.146989,6.188422,0.996637,0.705179,0.995225
21_Techno_TS_DHN_SEASONAL_gwp1,TS_DHN_SEASONAL,1.094,891.25311,17.780052,9.820936,7.674622,1.265144,1.231524,0.98315
22_Techno_TS_DHN_SEASONAL_gwp1,TS_DHN_SEASONAL,1.104,891.281715,16.831237,8.227351,6.671104,1.058104,0.77304,1.007819
23_Techno_TS_DHN_SEASONAL_gwp1,TS_DHN_SEASONAL,1.114,891.237927,17.272845,8.308634,6.934459,0.918875,0.604792,0.900618
24_Techno_TS_DHN_SEASONAL_gwp1,TS_DHN_SEASONAL,1.124,886.879738,18.449212,10.469315,6.143956,0.967865,0.746862,0.904791
25_Techno_TS_DHN_SEASONAL_gwp1,TS_DHN_SEASONAL,1.134,886.930722,17.692281,8.509901,7.378897,1.438926,1.431473,0.943727
26_Techno_TS_DHN_SEASONAL_gwp1,TS_DHN_SEASONAL,1.144,882.603457,18.395063,9.73771,6.208109,0.898112,1.31857,0.901807
27_Techno_TS_DHN_SEASONAL_gwp1,TS_DHN_SEASONAL,1.154,882.241763,19.517632,13.366047,9.15401,1.480085,1.20975,0.831625
28_Techno_TS_DHN_SEASONAL_gwp1,TS_DHN_SEASONAL,1.164,882.311321,21.282839,9.682208,7.960688,0.627755,1.169132,1.035878
29_Techno_TS_DHN_SEASONAL_gwp1,TS_DHN_SEASONAL,1.1740000000000002,870.473257,18.59008,9.439818,7.305986,1.528161,1.137397,0.90589
30_Techno_TS_DHN_SEASONAL_gwp1,TS_DHN_SEASONAL,1.1840000000000002,870.436122,26.957544,15.952103,9.632746,1.226271,3.455842,1.11639
31_Techno_TS_DHN_SEASONAL_gwp1,TS_DHN_SEASONAL,1.1940000000000002,863.028571,20.392136,8.738651,8.055681,0.443273,0.615114,0.712131
32_Techno_TS_DHN_SEASONAL_gwp1,TS_DHN_SEASONAL,1.2040000000000002,854.612968,18.280315,9.680019,8.07382,0.996732,1.571221,0.927263
33_Techno_TS_DHN_SEASONAL_gwp1,TS_DHN_SEASONAL,1.2140000000000002,849.726105,18.901124,10.885888,8.004364,0.706769,1.913232,0.856035
34_Techno_TS_DHN_SEASONAL_gwp1,TS_DHN_SEASONAL,1.2240000000000002,844.873321,17.797286,10.496031,8.254416,1.667319,1.171982,0.856541
35_Techno_TS_DHN_SEASONAL_gwp1,TS_DHN_SEASONAL,1.2340000000000002,844.87012,17.470185,9.66865,7.568443,1.051237,1.143292,0.87309
36_Techno_TS_DHN_SEASONAL_gwp1,TS_DHN_SEASONAL,1.2440000000000002,844.880638,16.852356,8.227781,6.837179,1.055196,0.591136,0.985819
37_Techno_TS_DHN_SEASONAL_gwp1,TS_DHN_SEASONAL,1.2540000000000002,844.662651,20.184466,9.647423,8.054652,0.798025,1.072983,0.964389
38_Techno_TS_DHN_SEASONAL_gwp1,TS_DHN_SEASONAL,1.2640000000000002,836.698227,18.074032,9.498968,8.39646,1.337945,1.136721,1.121041
39_Techno_TS_DHN_SEASONAL_gwp1,TS_DHN_SEASONAL,1.2740000000000002,836.696738,18.57875,13.355574,7.497615,1.558357,2.025255,0.986498
40_Techno_TS_DHN_SEASONAL_gwp1,TS_DHN_SEASONAL,1.2840000000000005,836.688495,18.570388,10.264686,8.652371,1.451905,1.964257,0.836787
41_Techno_TS_DHN_SEASONAL_gwp1,TS_DHN_SEASONAL,1.2940000000000005,830.226241,22.34805,11.731262,8.663247,0.702431,1.289359,0.968317
42_Techno_TS_DHN_SEASONAL_gwp1,TS_DHN_SEASONAL,1.3040000000000005,826.654727,19.750894,9.89357,7.935707,0.738203,1.37688,0.915685
43_Techno_TS_DHN_SEASONAL_gwp1,TS_DHN_SEASONAL,1.3140000000000005,818.886129,22.363598,11.834513,10.545336,1.319338,2.846495,0.932956
44_Techno_TS_DHN_SEASONAL_gwp1,TS_DHN_SEASONAL,1.3240000000000005,811.719605,20.671272,9.59249,8.570166,0.778016,1.64634,1.127708
45_Techno_TS_DHN_SEASONAL_gwp1,TS_DHN_SEASONAL,1.3340000000000003,811.681075,17.951498,10.742054,7.9008,1.163633,0.953232,0.863674
46_Techno_TS_DHN_SEASONAL_gwp1,TS_DHN_SEASONAL,1.3440000000000003,811.685962,19.410925,14.539005,10.594372,0.744128,0.964823,1.230301
47_Techno_TS_DHN_SEASONAL_gwp1,TS_DHN_SEASONAL,1.3540000000000003,811.676966,17.251556,10.002822,7.185843,0.607075,0.580393,0.591456
48_Techno_TS_DHN_SEASONAL_gwp1,TS_DHN_SEASONAL,1.3640000000000003,796.073397,17.504916,8.624522,7.037492,1.245107,0.708796,0.823575
49_Techno_TS_DHN_SEASONAL_gwp1,TS_DHN_SEASONAL,1.3740000000000003,793.719052,18.781378,11.053473,7.457455,1.146843,1.614437,0.952377
50_Techno_TS_DHN_SEASONAL_gwp1,TS_DHN_SEASONAL,1.3840000000000003,788.193008,18.023151,9.354516,6.899874,0.701827,0.757853,1.031439
51_Techno_TS_DHN_SEASONAL_gwp1,TS_DHN_SEASONAL,1.3940000000000003,788.225028,16.924875,10.668987,9.044669,1.390744,0.891464,0.904579
52_Techno_TS_DHN_SEASONAL_gwp1,TS_DHN_SEASONAL,1.4040000000000004,788.197822,22.905666,13.565389,8.464295,1.051101,2.050052,1.032284
53_Techno_TS_DHN_SEASONAL_gwp1,TS_DHN_SEASONAL,1.4140000000000004,788.192756,19.230453,11.109622,9.018534,1.322751,4.820587,0.925496
54_Techno_TS_DHN_SEASONAL_gwp1,TS_DHN_SEASONAL,1.4240000000000004,785.596432,17.114859,11.234142,8.469837,2.766848,1.042435,1.023072
55_Techno_TS_DHN_SEASONAL_gwp1,TS_DHN_SEASONAL,1.4340000000000004,785.599247,19.150142,10.646652,8.303199,1.480645,0.925025,0.844526
56_Techno_TS_DHN_SEASONAL_gwp1,TS_DHN_SEASONAL,1.4440000000000004,785.600144,18.082896,9.829944,7.485572,1.054679,1.232589,0.930643
57_Techno_TS_DHN_SEASONAL_gwp1,TS_DHN_SEASONAL,1.4540000000000004,785.596448,17.702225,9.21809,7.210597,0.699502,0.768567,0.893055
58_Techno_TS_DHN_SEASONAL_gwp1,TS_DHN_SEASONAL,1.4640000000000004,781.808324,18.755934,11.667134,8.506665,1.70286,0.811415,0.88122
59_Techno_TS_DHN_SEASONAL_gwp1,TS_DHN_SEASONAL,1.4740000000000004,774.462312,17.622204,9.047367,8.74862,2.406998,1.158473,0.678257
60_Techno_TS_DHN_SEASONAL_gwp1,TS_DHN_SEASONAL,1.4840000000000004,759.569873,17.045818,8.918878,6.709663,2.391607,1.232929,1.021693
61_Techno_TS_DHN_SEASONAL_gwp1,TS_DHN_SEASONAL,1.4940000000000004,759.547555,19.455897,9.821646,7.959446,9.650501,0.910144,0.699566
62_Techno_TS_DHN_SEASONAL_gwp2,TS_DHN_SEASONAL,1.5040000000000004,759.548918,26.531986,16.167306,10.312487,1.652813,2.81163,1.230574
63_Techno_TS_DHN_SEASONAL_gwp2,TS_DHN_SEASONAL,1.5140000000000005,759.548142,20.532491,12.801843,8.166759,1.519497,1.929205,0.750476
64_Techno_TS_DHN_SEASONAL_gwp2,TS_DHN_SEASONAL,1.5240000000000005,753.583148,17.189701,9.733289,14.843655,1.258668,1.778904,0.94707
65_Techno_TS_DHN_SEASONAL_gwp2,TS_DHN_SEASONAL,1.5340000000000005,752.771201,17.695693,9.602468,7.416271,1.033699,0.991374,0.837639
66_Techno_TS_DHN_SEASONAL_gwp2,TS_DHN_SEASONAL,1.5440000000000005,748.452303,17.539314,11.400668,8.362279,1.092097,0.723624,0.944609
67_Techno_TS_DHN_SEASONAL_gwp2,TS_DHN_SEASONAL,1.5540000000000005,746.923425,18.964957,11.201897,7.960096,1.022942,4.652201,0.857099
68_Techno_TS_DHN_SEASONAL_gwp2,TS_DHN_SEASONAL,1.5640000000000005,746.893736,16.892382,9.09309,8.09136,0.823734,0.85301,0.958866
69_Techno_TS_DHN_SEASONAL_gwp2,TS_DHN_SEASONAL,1.5740000000000005,746.09658,24.282256,11.78235,8.354692,1.016061,0.856086,0.866082
70_Techno_TS_DHN_SEASONAL_gwp2,TS_DHN_SEASONAL,1.5840000000000003,740.962282,17.580997,10.100891,6.162126,0.879032,0.555195,0.96659
71_Techno_TS_DHN_SEASONAL_gwp2,TS_DHN_SEASONAL,1.5940000000000003,740.960651,16.784,8.41002,7.08059,0.944441,0.572162,0.908331
72_Techno_TS_DHN_SEASONAL_gwp2,TS_DHN_SEASONAL,1.6040000000000003,740.95247,19.293572,9.182227,7.940461,0.816013,1.270762,0.932199
73_Techno_TS_DHN_SEASONAL_gwp2,TS_DHN_SEASONAL,1.6140000000000003,740.958263,17.011494,8.668055,7.986777,2.46303,1.034427,0.992919
74_Techno_TS_DHN_SEASONAL_gwp2,TS_DHN_SEASONAL,1.6240000000000006,738.764387,17.756566,9.324753,7.45949,1.798931,1.130972,0.943022
75_Techno_TS_DHN_SEASONAL_gwp2,TS_DHN_SEASONAL,1.6340000000000006,738.764681,17.188144,8.700545,7.108066,1.293684,0.887278,0.917635
76_Techno_TS_DHN_SEASONAL_gwp2,TS_DHN_SEASONAL,1.6440000000000006,738.75821,17.836446,8.242676,7.06566,1.165901,0.968142,0.956604
77_Techno_TS_DHN_SEASONAL_gwp2,TS_DHN_SEASONAL,1.6540000000000006,727.440391,17.522565,11.440892,8.210895,0.963053,0.595103,0.829592
78_Techno_TS_DHN_SEASONAL_gwp2,TS_DHN_SEASONAL,1.6640000000000006,723.414418,19.344086,9.15389,6.447083,0.761238,1.025595,0.907606
79_Techno_TS_DHN_SEASONAL_gwp2,TS_DHN_SEASONAL,1.6740000000000006,721.362084,19.590524,11.254989,8.286711,1.724235,0.945668,0.846659
80_Techno_TS_DHN_SEASONAL_gwp2,TS_DHN_SEASONAL,1.6840000000000006,721.362125,20.126414,10.378758,8.164944,1.73842,1.16664,0.905218
81_Techno_TS_DHN_SEASONAL_gwp2,TS_DHN_SEASONAL,1.6940000000000006,721.35128,17.646794,9.478315,6.713168,1.070509,0.81943,1.002065
82_Techno_TS_DHN_SEASONAL_gwp2,TS_DHN_SEASONAL,1.7040000000000006,720.15371,20.412382,9.471478,7.74065,0.759825,0.719354,0.972287
83_Techno_TS_DHN_SEASONAL_gwp2,TS_DHN_SEASONAL,1.7140000000000006,720.1505,18.572711,10.659805,8.276888,1.652093,3.020457,0.821213
84_Techno_TS_DHN_SEASONAL_gwp2,TS_DHN_SEASONAL,1.7240000000000006,718.197781,18.38362,9.930779,9.640183,1.303454,0.650918,1.189193
85_Techno_TS_DHN_SEASONAL_gwp2,TS_DHN_SEASONAL,1.7340000000000009,715.727004,17.812194,10.315699,8.98255,1.814946,0.731869,0.854832
86_Techno_TS_DHN_SEASONAL_gwp2,TS_DHN_SEASONAL,1.7440000000000009,715.68675,17.564098,10.827143,7.724351,1.11788,0.696915,0.90047
87_Techno_TS_DHN_SEASONAL_gwp2,TS_DHN_SEASONAL,1.754000000000001,714.386765,20.502215,9.591644,7.950495,0.971501,1.702518,0.719732
88_Techno_TS_DHN_SEASONAL_gwp2,TS_DHN_SEASONAL,1.764000000000001,709.640499,17.172806,8.534986,7.17293,1.01648,0.737891,0.908757
89_Techno_TS_DHN_SEASONAL_gwp2,TS_DHN_SEASONAL,1.774000000000001,709.631167,17.708214,10.277797,8.255318,1.428107,1.160409,0.919086
90_Techno_TS_DHN_SEASONAL_gwp2,TS_DHN_SEASONAL,1.7840000000000007,709.624324,19.251557,9.481804,7.419412,0.814755,1.182335,0.977423
91_Techno_TS_DHN_SEASONAL_gwp2,TS_DHN_SEASONAL,1.7940000000000007,709.622999,17.346906,11.021056,7.95007,0.98743,0.609482,0.942084
92_Techno_TS_DHN_SEASONAL_gwp2,TS_DHN_SEASONAL,1.8040000000000007,685.623349,18.694888,10.378167,7.243314,0.659148,2.226965,0.822017
93_Techno_TS_DHN_SEASONAL_gwp2,TS_DHN_SEASONAL,1.8140000000000007,681.888508,17.428661,15.573331,10.751219,1.404732,0.854471,1.025716
94_Techno_TS_DHN_SEASONAL_gwp2,TS_DHN_SEASONAL,1.8240000000000007,678.362715,19.763811,10.446724,8.724363,1.171363,2.306666,0.813584
95_Techno_TS_DHN_SEASONAL_gwp2,TS_DHN_SEASONAL,1.8340000000000007,678.370389,17.92721,10.368849,7.884098,1.824027,1.328622,1.00447
96_Techno_TS_DHN_SEASONAL_gwp2,TS_DHN_SEASONAL,1.8440000000000007,675.847305,17.81976,13.990951,9.529355,1.088942,0.742277,1.0072
97_Techno_TS_DHN_SEASONAL_gwp2,TS_DHN_SEASONAL,1.8540000000000008,675.830642,17.37583,9.832335,7.349928,1.292635,0.605243,1.088295
98_Techno_TS_DHN_SEASONAL_gwp2,TS_DHN_SEASONAL,1.8640000000000008,664.001029,16.859184,12.129866,7.324834,4.307013,0.778209,0.921356
99_Techno_TS_DHN_SEASONAL_gwp2,TS_DHN_SEASONAL,1.8740000000000008,663.796408,17.16381,8.778,7.516198,1.069334,0.561469,0.97263
100_Techno_TS_DHN_SEASONAL_gwp2,TS_DHN_SEASONAL,1.8840000000000008,663.791619,18.356117,12.476986,9.929688,2.212213,1.164361,0.816052
101_Techno_TS_DHN_SEASONAL_gwp2,TS_DHN_SEASONAL,1.8940000000000008,662.125486,17.384859,10.325892,7.981761,1.136959,0.760015,0.895942
102_Techno_TS_DHN_SEASONAL_gwp2,TS_DHN_SEASONAL,1.9040000000000008,657.09121,18.835606,10.99569,7.973837,0.790573,1.676404,0.582217
103_Techno_TS_DHN_SEASONAL_gwp2,TS_DHN_SEASONAL,1.9140000000000008,656.892902,19.793277,12.041032,7.657071,2.52771,0.867365,0.831828
104_Techno_TS_DHN_SEASONAL_gwp2,TS_DHN_SEASONAL,1.9240000000000008,652.814429,18.259341,9.584239,7.294943,0.711482,0.817167,0.855809
105_Techno_TS_DHN_SEASONAL_gwp2,TS_DHN_SEASONAL,1.9340000000000008,645.339923,19.055648,10.269062,8.235903,1.736962,0.735654,0.982956
106_Techno_TS_DHN_SEASONAL_gwp2,TS_DHN_SEASONAL,1.9440000000000008,645.452193,17.135933,12.533567,9.559633,1.020146,0.895843,0.857569
107_Techno_TS_DHN_SEASONAL_gwp2,TS_DHN_SEASONAL,1.9540000000000008,643.768936,18.46644,12.060599,7.293059,1.299373,0.949915,0.907604
108_Techno_TS_DHN_SEASONAL_gwp2,TS_DHN_SEASONAL,1.9640000000000009,643.647701,17.702689,10.353668,7.683678,1.705914,0.476086,0.942184
109_Techno_TS_DHN_SEASONAL_gwp2,TS_DHN_SEASONAL,1.9740000000000009,641.598949,18.190552,10.810704,6.821258,0.935324,0.966734,1.003198
110_Techno_TS_DHN_SEASONAL_gwp2,TS_DHN_SEASONAL,1.9840000000000009,639.742306,18.377677,12.520334,8.90065,2.053665,0.994807,0.827122
111_Techno_TS_DHN_SEASONAL_gwp2,TS_DHN_SEASONAL,1.9940000000000009,638.845707,18.396531,12.345092,8.959064,2.193266,0.471207,0.810409
112_Techno_TS_DHN_SEASONAL_gwp2,TS_DHN_SEASONAL,2.004000000000001,624.020741,17.335785,9.995513,6.3685,0.910906,2.515029,0.934784
113_Techno_TS_DHN_SEASONAL_gwp2,TS_DHN_SEASONAL,2.0140000000000007,621.668854,18.216627,10.450976,8.663061,1.128512,0.860696,0.822184
114_Techno_TS_DHN_SEASONAL_gwp2,TS_DHN_SEASONAL,2.0240000000000005,594.380841,17.16463,9.533246,7.319122,0.975407,0.523319,0.944109
115_Techno_TS_DHN_SEASONAL_gwp2,TS_DHN_SEASONAL,2.0340000000000003,590.740221,17.880523,9.507893,8.891266,1.717579,0.780158,0.887139
116_Techno_TS_DHN_SEASONAL_gwp2,TS_DHN_SEASONAL,2.044,587.66516,17.585067,9.636494,6.984237,1.161891,0.881863,0.913613
117_Techno_TS_DHN_SEASONAL_gwp2,TS_DHN_SEASONAL,2.054,587.605088,17.924534,9.825288,8.818668,1.711504,1.922136,0.916085
118_Techno_TS_DHN_SEASONAL_gwp2,TS_DHN_SEASONAL,2.064,586.047356,18.820693,10.007725,8.114848,1.494502,0.576978,0.84037
119_Techno_TS_DHN_SEASONAL_gwp2,TS_DHN_SEASONAL,2.0739999999999994,576.127257,17.899597,8.762637,7.127279,1.347271,0.751353,0.902434
120_Techno_TS_DHN_SEASONAL_gwp2,TS_DHN_SEASONAL,2.083999999999999,570.59089,17.575096,8.401143,8.097517,0.968505,0.889464,0.783305
121_Techno_TS_DHN_SEASONAL_gwp2,TS_DHN_SEASONAL,2.093999999999999,562.472607,18.388889,10.785498,8.167402,1.155736,1.09097,0.830866
122_Techno_TS_DHN_SEASONAL_gwp2,TS_DHN_SEASONAL,2.1039999999999988,552.647201,18.491918,10.256034,6.800482,1.246197,1.603086,0.893719
123_Techno_TS_DHN_SEASONAL_gwp2,TS_DHN_SEASONAL,2.1139999999999985,542.394361,19.968372,12.288278,8.654266,1.015169,2.30855,0.809956
124_Techno_TS_DHN_SEASONAL_gwp2,TS_DHN_SEASONAL,2.1239999999999983,540.850444,17.869265,10.226602,8.028162,1.284543,1.549364,0.929772
125_Techno_TS_DHN_SEASONAL_gwp2,TS_DHN_SEASONAL,2.133999999999998,531.58753,18.415531,9.664236,6.170522,1.073915,0.803142,0.864923
126_Techno_TS_DHN_SEASONAL_gwp2,TS_DHN_SEASONAL,2.143999999999998,531.441855,17.884858,9.238232,8.028366,0.946222,1.1688,0.847501
127_Techno_TS_DHN_SEASONAL_gwp2,TS_DHN_SEASONAL,2.1539999999999977,529.617511,17.335574,9.014204,7.627169,1.072102,16.32266,0.760468
128_Techno_TS_DHN_SEASONAL_gwp2,TS_DHN_SEASONAL,2.163999999999997,528.45411,19.709423,11.572687,9.003691,0.838744,0.468926,0.905024
129_Techno_TS_DHN_SEASONAL_gwp2,TS_DHN_SEASONAL,2.1739999999999973,528.287552,20.689642,9.48517,8.364073,0.77326,1.345324,0.934057
130_Techno_TS_DHN_SEASONAL_gwp2,TS_DHN_SEASONAL,2.183999999999997,527.391183,16.57877,8.117738,6.620161,1.012726,0.753619,0.99836
131_Techno_TS_DHN_SEASONAL_gwp2,TS_DHN_SEASONAL,2.193999999999997,527.787104,18.082896,8.513451,6.721985,1.077006,1.609742,0.838059
132_Techno_TS_DHN_SEASONAL_gwp2,TS_DHN_SEASONAL,2.2039999999999966,528.216611,17.821242,12.16182,9.204792,1.43645,0.772335,0.922211
133_Techno_TS_DHN_SEASONAL_gwp2,TS_DHN_SEASONAL,2.2139999999999964,527.285769,16.814334,8.444881,6.735579,1.148769,0.77059,0.989852
134_Techno_TS_DHN_SEASONAL_gwp2,TS_DHN_SEASONAL,2.223999999999996,526.417692,17.691052,10.529808,7.606417,1.274069,1.063401,0.919552
135_Techno_TS_DHN_SEASONAL_gwp2,TS_DHN_SEASONAL,2.233999999999996,522.594035,21.193962,9.246402,8.356973,0.685307,0.989229,0.944403
136_Techno_TS_DHN_SEASONAL_gwp2,TS_DHN_SEASONAL,2.243999999999996,521.315737,16.874893,9.046439,6.757642,1.576476,1.234891,0.924789
137_Techno_TS_DHN_SEASONAL_gwp2,TS_DHN_SEASONAL,2.253999999999996,521.519237,20.306064,8.672217,6.956429,0.917749,0.552215,0.933217
138_Techno_TS_DHN_SEASONAL_gwp2,TS_DHN_SEASONAL,2.263999999999996,521.292091,18.131909,8.760971,6.726648,1.21439,0.862629,0.99329
139_Techno_TS_DHN_SEASONAL_gwp2,TS_DHN_SEASONAL,2.273999999999995,520.83569,19.521334,8.711576,6.810707,0.899078,0.591911,0.989591
140_Techno_TS_DHN_SEASONAL_gwp2,TS_DHN_SEASONAL,2.283999999999995,520.019867,18.03016,10.366086,11.913982,2.974376,2.105955,0.897213
141_Techno_TS_DHN_SEASONAL_gwp2,TS_DHN_SEASONAL,2.2939999999999947,519.06978,17.503706,8.546911,6.311754,1.475753,0.706047,0.958888
142_Techno_TS_DHN_SEASONAL_gwp2,TS_DHN_SEASONAL,2.3039999999999945,519.196352,17.649936,10.213125,8.059425,0.992618,1.220052,0.894322
143_Techno_TS_DHN_SEASONAL_gwp2,TS_DHN_SEASONAL,2.3139999999999943,519.12613,16.731525,9.157775,8.630454,1.111623,1.175822,0.790671
144_Techno_TS_DHN_SEASONAL_gwp2,TS_DHN_SEASONAL,2.323999999999994,518.389223,17.401691,10.748284,7.906963,0.982397,0.765269,0.861116
145_Techno_TS_DHN_SEASONAL_gwp2,TS_DHN_SEASONAL,2.333999999999994,515.686732,18.825619,12.45164,7.955618,0.793906,0.481168,0.732342
146_Techno_TS_DHN_SEASONAL_gwp2,TS_DHN_SEASONAL,2.3439999999999936,515.140428,18.069208,11.323035,8.717306,2.002652,1.21283,0.861501
147_Techno_TS_DHN_SEASONAL_gwp2,TS_DHN_SEASONAL,2.353999999999993,515.110133,16.834577,8.576631,6.599141,1.344897,1.05817,1.018415
148_Techno_TS_DHN_SEASONAL_gwp2,TS_DHN_SEASONAL,2.363999999999993,515.02307,17.841882,9.420571,8.170019,1.002664,0.851936,0.836671
149_Techno_TS_DHN_SEASONAL_gwp2,TS_DHN_SEASONAL,2.373999999999993,514.993659,16.53711,9.067784,6.202712,1.277438,0.959919,0.914365
150_Techno_TS_DHN_SEASONAL_gwp2,TS_DHN_SEASONAL,2.383999999999993,515.010712,19.559475,10.597851,7.965152,1.307546,0.918604,0.59641
151_Techno_TS_DHN_SEASONAL_gwp2,TS_DHN_SEASONAL,2.3939999999999926,512.684179,17.048396,8.807567,7.425186,1.069523,0.700907,0.929903
152_Techno_TS_DHN_SEASONAL_gwp2,TS_DHN_SEASONAL,2.4039999999999924,512.550756,18.01664,9.762874,7.922602,1.489669,0.709241,0.64788
153_Techno_TS_DHN_SEASONAL_gwp2,TS_DHN_SEASONAL,2.413999999999992,508.719725,18.410192,11.082723,8.40802,1.099714,0.999568,0.821012
154_Techno_TS_DHN_SEASONAL_gwp2,TS_DHN_SEASONAL,2.423999999999992,508.559968,18.852666,10.046798,8.309626,1.281465,0.60501,0.731797
155_Techno_TS_DHN_SEASONAL_gwp2,TS_DHN_SEASONAL,2.433999999999992,508.550972,19.133849,11.095247,7.823616,2.828545,1.741662,0.820329
156_Techno_TS_DHN_SEASONAL_gwp2,TS_DHN_SEASONAL,2.4439999999999915,508.627074,16.678997,8.658483,7.575589,0.885882,0.680377,1.066314
157_Techno_TS_DHN_SEASONAL_gwp2,TS_DHN_SEASONAL,2.4539999999999917,498.944931,20.540885,12.365543,7.846528,1.728213,1.737553,0.652693
158_Techno_TS_DHN_SEASONAL_gwp2,TS_DHN_SEASONAL,2.463999999999991,495.928573,17.092992,8.820842,6.434797,0.820894,0.502722,0.935242
159_Techno_TS_DHN_SEASONAL_gwp2,TS_DHN_SEASONAL,2.473999999999991,489.727117,18.239611,11.038575,8.677604,1.691613,1.260222,0.894939
160_Techno_TS_DHN_SEASONAL_gwp2,TS_DHN_SEASONAL,2.4839999999999907,489.716503,20.251421,11.253699,9.89753,3.848678,1.695669,0.948323
161_Techno_TS_DHN_SEASONAL_gwp2,TS_DHN_SEASONAL,2.4939999999999904,488.175407,18.837299,10.180198,8.088299,0.768966,0.806489,0.89448
162_Techno_TS_DHN_SEASONAL_gwp3,TS_DHN_SEASONAL,2.5039999999999902,487.612654,16.793512,9.515731,8.962835,1.61613,1.337857,0.815442
163_Techno_TS_DHN_SEASONAL_gwp3,TS_DHN_SEASONAL,2.51399999999999,487.659385,21.201032,13.88726,8.464657,2.212284,1.358498,0.881435
164_Techno_TS_DHN_SEASONAL_gwp3,TS_DHN_SEASONAL,2.52399999999999,480.439225,16.841677,8.324506,6.466956,2.244893,1.269363,0.940124
165_Techno_TS_DHN_SEASONAL_gwp3,TS_DHN_SEASONAL,2.5339999999999896,480.027024,18.344427,12.28095,8.951603,2.123348,1.611749,0.897194
166_Techno_TS_DHN_SEASONAL_gwp3,TS_DHN_SEASONAL,2.5439999999999894,480.184255,17.652016,8.967408,8.161818,1.019839,0.51777,0.739875
167_Techno_TS_DHN_SEASONAL_gwp3,TS_DHN_SEASONAL,2.553999999999989,478.457813,17.511981,20.507164,7.991166,1.660609,4.170255,1.070449
168_Techno_TS_DHN_SEASONAL_gwp3,TS_DHN_SEASONAL,2.563999999999989,475.51652,17.064957,8.666201,7.411747,1.059629,0.504829,0.955749
169_Techno_TS_DHN_SEASONAL_gwp3,TS_DHN_SEASONAL,2.5739999999999887,472.189173,16.823794,8.852171,6.884012,2.045079,0.682054,0.756798
170_Techno_TS_DHN_SEASONAL_gwp3,TS_DHN_SEASONAL,2.5839999999999885,472.16847,16.573172,8.699317,7.395739,1.213787,0.834012,0.790603
171_Techno_TS_DHN_SEASONAL_gwp3,TS_DHN_SEASONAL,2.5939999999999883,471.892085,21.450577,14.797261,9.757806,3.155579,0.808619,0.79619
172_Techno_TS_DHN_SEASONAL_gwp3,TS_DHN_SEASONAL,2.603999999999988,460.676287,18.065542,8.487224,7.463046,0.946441,0.8931,0.802346
173_Techno_TS_DHN_SEASONAL_gwp3,TS_DHN_SEASONAL,2.613999999999988,460.890071,16.806806,9.094076,8.3186,1.33388,0.924059,0.99743
174_Techno_TS_DHN_SEASONAL_gwp3,TS_DHN_SEASONAL,2.623999999999988,460.724698,20.19783,9.532598,7.719682,1.654884,1.052608,0.899785
175_Techno_TS_DHN_SEASONAL_gwp3,TS_DHN_SEASONAL,2.6339999999999875,459.344931,16.592945,8.704233,7.50848,1.150827,0.816924,1.001615
176_Techno_TS_DHN_SEASONAL_gwp3,TS_DHN_SEASONAL,2.6439999999999872,458.332061,17.42141,10.411715,7.051506,1.393048,1.197166,0.794963
177_Techno_TS_DHN_SEASONAL_gwp3,TS_DHN_SEASONAL,2.653999999999987,458.541438,17.131348,9.923343,6.380039,0.871941,0.728459,1.018483
178_Techno_TS_DHN_SEASONAL_gwp3,TS_DHN_SEASONAL,2.663999999999987,457.53926,20.529974,11.486159,8.709122,1.452247,0.54077,0.652543
179_Techno_TS_DHN_SEASONAL_gwp3,TS_DHN_SEASONAL,2.6739999999999866,454.00012,18.502828,12.365523,7.037047,1.310039,0.911874,0.897081
180_Techno_TS_DHN_SEASONAL_gwp3,TS_DHN_SEASONAL,2.6839999999999864,450.005492,20.69416,10.863385,10.745198,1.88389,3.592337,0.799629
181_Techno_TS_DHN_SEASONAL_gwp3,TS_DHN_SEASONAL,2.693999999999986,439.158691,16.549083,10.320998,11.020938,0.714654,2.226695,0.724318
182_Techno_TS_DHN_SEASONAL_gwp3,TS_DHN_SEASONAL,2.703999999999986,439.472162,17.014142,9.595287,8.904565,1.404449,0.932957,0.890986
183_Techno_TS_DHN_SEASONAL_gwp3,TS_DHN_SEASONAL,2.7139999999999858,439.453001,16.6307,8.64884,7.702931,0.953515,0.964696,1.169903
184_Techno_TS_DHN_SEASONAL_gwp3,TS_DHN_SEASONAL,2.723999999999985,432.84605,16.682243,9.016744,6.24275,1.01643,0.484816,0.98527
185_Techno_TS_DHN_SEASONAL_gwp3,TS_DHN_SEASONAL,2.7339999999999853,429.879181,18.447423,9.268165,7.070253,2.019407,1.432805,0.79908
186_Techno_TS_DHN_SEASONAL_gwp3,TS_DHN_SEASONAL,2.743999999999985,429.462303,18.239235,10.321971,8.418261,1.073874,1.196485,0.902099
187_Techno_TS_DHN_SEASONAL_gwp3,TS_DHN_SEASONAL,2.753999999999985,429.386341,17.351699,9.568558,8.477255,1.120558,1.691267,0.754898
188_Techno_TS_DHN_SEASONAL_gwp3,TS_DHN_SEASONAL,2.7639999999999847,429.369579,17.104446,9.285123,6.760053,0.871353,0.440165,0.879575
189_Techno_TS_DHN_SEASONAL_gwp3,TS_DHN_SEASONAL,2.7739999999999845,429.37486,17.741079,10.182021,7.963664,2.242904,1.851704,0.600577
190_Techno_TS_DHN_SEASONAL_gwp3,TS_DHN_SEASONAL,2.7839999999999843,429.339445,16.856751,10.666316,10.523607,2.9935,1.122777,0.944168
191_Techno_TS_DHN_SEASONAL_gwp3,TS_DHN_SEASONAL,2.793999999999984,419.973888,16.677512,8.479876,7.67209,2.938275,0.985923,1.032252
192_Techno_TS_DHN_SEASONAL_gwp3,TS_DHN_SEASONAL,2.803999999999984,418.898059,17.932325,10.418514,8.665824,2.297384,0.882896,0.813041
193_Techno_TS_DHN_SEASONAL_gwp3,TS_DHN_SEASONAL,2.813999999999984,413.497115,17.407729,15.083999,8.486828,1.199808,2.421043,1.03982
194_Techno_TS_DHN_SEASONAL_gwp3,TS_DHN_SEASONAL,2.8239999999999834,413.497832,18.498801,17.534259,8.563414,0.811052,1.232014,0.721925
195_Techno_TS_DHN_SEASONAL_gwp3,TS_DHN_SEASONAL,2.833999999999983,413.436884,17.836383,9.753774,8.24852,1.127342,1.079975,0.791631
196_Techno_TS_DHN_SEASONAL_gwp3,TS_DHN_SEASONAL,2.843999999999983,413.328821,16.961565,8.920673,8.357491,1.886814,0.925333,0.914027
197_Techno_TS_DHN_SEASONAL_gwp3,TS_DHN_SEASONAL,2.8539999999999828,413.342664,17.722301,9.256048,7.659985,0.927104,0.930267,0.839185
198_Techno_TS_DHN_SEASONAL_gwp3,TS_DHN_SEASONAL,2.8639999999999826,413.359317,16.803507,8.485511,6.957402,2.162788,0.827727,0.704552
199_Techno_TS_DHN_SEASONAL_gwp3,TS_DHN_SEASONAL,2.8739999999999823,413.325806,18.612855,9.281055,8.559207,1.475731,1.753271,0.696879
200_Techno_TS_DHN_SEASONAL_gwp3,TS_DHN_SEASONAL,2.883999999999982,413.32232,18.714457,8.92943,6.488968,1.028689,0.733201,0.889115
201_Techno_TS_DHN_SEASONAL_gwp3,TS_DHN_SEASONAL,2.893999999999982,402.679693,17.600866,9.838424,7.35798,1.504284,1.126636,0.860412
202_Techno_TS_DHN_SEASONAL_gwp3,TS_DHN_SEASONAL,2.9039999999999817,388.119436,17.066562,8.701669,8.644338,0.93685,3.500898,0.640299
203_Techno_TS_DHN_SEASONAL_gwp3,TS_DHN_SEASONAL,2.913999999999981,386.575987,16.533888,9.727609,7.837013,2.376045,1.242219,0.835996
204_Techno_TS_DHN_SEASONAL_gwp3,TS_DHN_SEASONAL,2.9239999999999813,382.257214,23.001192,11.713676,9.567946,0.66635,1.921171,0.754515
205_Techno_TS_DHN_SEASONAL_gwp3,TS_DHN_SEASONAL,2.933999999999981,382.088197,17.059577,8.520944,6.604124,1.035037,0.952452,0.8484
206_Techno_TS_DHN_SEASONAL_gwp3,TS_DHN_SEASONAL,2.943999999999981,382.224028,16.710238,8.656005,7.941281,1.21807,0.879088,0.978075
207_Techno_TS_DHN_SEASONAL_gwp3,TS_DHN_SEASONAL,2.9539999999999806,381.988755,17.883089,9.475571,8.520957,1.560456,0.64179,0.756334
208_Techno_TS_DHN_SEASONAL_gwp3,TS_DHN_SEASONAL,2.9639999999999804,379.01884,19.737396,10.500195,7.701912,1.458946,0.445824,0.837596
209_Techno_TS_DHN_SEASONAL_gwp3,TS_DHN_SEASONAL,2.97399999999998,361.275102,16.761347,10.57401,9.62583,2.051365,1.807757,0.841064
210_Techno_TS_DHN_SEASONAL_gwp3,TS_DHN_SEASONAL,2.98399999999998,355.593386,17.675231,9.346285,8.308307,0.728193,0.840767,0.721865
211_Techno_TS_DHN_SEASONAL_gwp3,TS_DHN_SEASONAL,2.99399999999998,347.826668,17.352776,8.668159,6.88623,1.195854,0.979705,1.015654
212_Techno_TS_DHN_SEASONAL_gwp3,TS_DHN_SEASONAL,3.00399999999998,346.243491,19.740016,9.380209,7.760495,1.084094,0.934653,0.792536
213_Techno_TS_DHN_SEASONAL_gwp3,TS_DHN_SEASONAL,3.01399999999998,343.547088,21.098792,9.458285,7.274856,1.420302,1.73993,0.584406
214_Techno_TS_DHN_SEASONAL_gwp3,TS_DHN_SEASONAL,3.023999999999979,337.753543,18.315481,13.519776,11.728715,2.555063,1.377297,0.883722
215_Techno_TS_DHN_SEASONAL_gwp3,TS_DHN_SEASONAL,3.033999999999979,332.997624,19.059222,10.765128,8.084775,1.825311,0.641878,0.789904
216_Techno_TS_DHN_SEASONAL_gwp3,TS_DHN_SEASONAL,3.0439999999999787,318.411827,20.558235,14.449712,13.983165,7.280747,1.209061,1.182333
217_Techno_TS_DHN_SEASONAL_gwp3,TS_DHN_SEASONAL,3.0539999999999785,316.870455,16.698301,8.865554,9.034946,1.724775,1.209137,0.850025
218_Techno_TS_DHN_SEASONAL_gwp3,TS_DHN_SEASONAL,3.0639999999999783,315.130985,16.880802,9.4226,8.760442,1.122628,0.829586,0.769149
219_Techno_TS_DHN_SEASONAL_gwp3,TS_DHN_SEASONAL,3.073999999999978,309.639135,16.784374,9.556317,7.550892,1.130817,0.572899,0.956945
220_Techno_TS_DHN_SEASONAL_gwp3,TS_DHN_SEASONAL,3.083999999999978,305.693407,18.672879,11.762296,15.735461,4.282565,3.739146,0.717448
221_Techno_TS_DHN_SEASONAL_gwp3,TS_DHN_SEASONAL,3.0939999999999777,300.166228,17.761922,10.318843,10.462157,1.593931,1.172283,0.816642
222_Techno_TS_DHN_SEASONAL_gwp3,TS_DHN_SEASONAL,3.103999999999977,295.865575,16.565368,12.897234,10.184851,2.769709,1.819936,0.820915
223_Techno_TS_DHN_SEASONAL_gwp3,TS_DHN_SEASONAL,3.113999999999977,291.986004,17.884296,10.04354,8.772668,0.897615,0.843545,0.910227
224_Techno_TS_DHN_SEASONAL_gwp3,TS_DHN_SEASONAL,3.123999999999977,285.594276,18.136716,8.824831,7.772,1.597883,1.088068,0.906872
225_Techno_TS_DHN_SEASONAL_gwp3,TS_DHN_SEASONAL,3.133999999999977,270.526919,18.652814,8.710609,7.655723,1.86343,1.332297,0.816076
226_Techno_TS_DHN_SEASONAL_gwp3,TS_DHN_SEASONAL,3.1439999999999766,258.260482,16.626342,8.702849,7.984862,0.830472,0.59555,0.96082
227_Techno_TS_DHN_SEASONAL_gwp3,TS_DHN_SEASONAL,3.1539999999999764,255.45648,16.81205,9.014805,6.935007,0.721798,0.533027,0.78142
228_Techno_TS_DHN_SEASONAL_gwp3,TS_DHN_SEASONAL,3.163999999999976,247.573573,17.55276,8.761275,8.886849,1.132433,0.864125,0.890428
229_Techno_TS_DHN_SEASONAL_gwp3,TS_DHN_SEASONAL,3.173999999999976,229.147029,18.026899,8.789705,6.753538,1.933346,2.140327,0.855682
230_Techno_TS_DHN_SEASONAL_gwp3,TS_DHN_SEASONAL,3.183999999999976,229.105313,16.542091,8.630723,6.386761,1.006091,1.16784,0.980433
231_Techno_TS_DHN_SEASONAL_gwp3,TS_DHN_SEASONAL,3.1939999999999755,225.162552,17.373504,10.209402,6.144916,1.125951,0.530694,0.816831
232_Techno_TS_DHN_SEASONAL_gwp3,TS_DHN_SEASONAL,3.2039999999999758,218.870836,16.575109,10.977344,12.79734,1.520447,0.513195,0.858651
233_Techno_TS_DHN_SEASONAL_gwp3,TS_DHN_SEASONAL,3.213999999999975,218.973433,17.101389,8.445728,6.668503,1.014462,0.764144,0.870117
234_Techno_TS_DHN_SEASONAL_gwp3,TS_DHN_SEASONAL,3.223999999999975,219.020995,17.449472,9.374709,9.343475,1.37896,2.160063,0.516815
235_Techno_TS_DHN_SEASONAL_gwp3,TS_DHN_SEASONAL,3.2339999999999747,219.036747,18.612198,9.608471,9.648929,3.341114,1.479603,0.841103
236_Techno_TS_DHN_SEASONAL_gwp3,TS_DHN_SEASONAL,3.2439999999999745,218.975208,22.369071,12.2837,6.162748,0.996684,4.512165,1.198825
237_Techno_TS_DHN_SEASONAL_gwp3,TS_DHN_SEASONAL,3.2539999999999742,218.838076,16.855109,8.17871,7.631016,1.13803,0.840522,0.994519
238_Techno_TS_DHN_SEASONAL_gwp3,TS_DHN_SEASONAL,3.263999999999974,216.566096,19.158662,10.231063,8.955328,1.229124,0.74499,0.799184
239_Techno_TS_DHN_SEASONAL_gwp3,TS_DHN_SEASONAL,3.273999999999974,215.892244,18.440627,8.637715,6.18,1.196836,1.084469,0.94638
240_Techno_TS_DHN_SEASONAL_gwp3,TS_DHN_SEASONAL,3.2839999999999736,212.940927,17.170002,12.045227,6.19125,0.694997,0.587242,0.80535
241_Techno_TS_DHN_SEASONAL_gwp3,TS_DHN_SEASONAL,3.2939999999999734,212.307457,17.324737,13.122058,10.257223,2.267419,2.027344,1.011092
242_Techno_TS_DHN_SEASONAL_gwp3,TS_DHN_SEASONAL,3.303999999999973,205.714908,18.19199,10.11821,6.593043,2.414676,0.677771,0.8517
243_Techno_TS_DHN_SEASONAL_gwp3,TS_DHN_SEASONAL,3.313999999999973,202.32492,17.588563,10.202265,7.165448,1.031748,1.251505,0.910718
244_Techno_TS_DHN_SEASONAL_gwp3,TS_DHN_SEASONAL,3.3239999999999728,195.811168,20.543148,12.119137,9.166688,1.428843,2.816018,0.633204
245_Techno_TS_DHN_SEASONAL_gwp3,TS_DHN_SEASONAL,3.3339999999999725,191.971648,21.682307,11.865502,7.465479,1.365633,1.105775,0.684332
246_Techno_TS_DHN_SEASONAL_gwp3,TS_DHN_SEASONAL,3.3439999999999723,191.745043,16.533976,8.47363,8.747304,0.740755,0.61334,0.850901
247_Techno_TS_DHN_SEASONAL_gwp3,TS_DHN_SEASONAL,3.353999999999972,191.713559,16.584531,8.255199,6.580455,0.973479,0.648302,0.98492
248_Techno_TS_DHN_SEASONAL_gwp3,TS_DHN_SEASONAL,3.363999999999972,186.504536,19.018116,10.422596,8.368125,0.901758,2.157697,0.84313
249_Techno_TS_DHN_SEASONAL_gwp3,TS_DHN_SEASONAL,3.373999999999972,186.419736,20.40992,10.682074,10.919521,3.456851,5.933919,0.539019
250_Techno_TS_DHN_SEASONAL_gwp3,TS_DHN_SEASONAL,3.3839999999999715,176.021859,17.345059,12.722916,6.319548,0.599281,0.484813,0.860871
251_Techno_TS_DHN_SEASONAL_gwp3,TS_DHN_SEASONAL,3.3939999999999717,170.938948,17.778169,10.249859,9.545181,1.256624,2.038576,0.610439
252_Techno_TS_DHN_SEASONAL_gwp3,TS_DHN_SEASONAL,3.403999999999971,170.547214,19.630589,11.300951,8.094491,2.45786,1.282837,0.938444
253_Techno_TS_DHN_SEASONAL_gwp3,TS_DHN_SEASONAL,3.413999999999971,170.486794,16.535675,12.653776,9.18929,1.777349,0.960391,0.908761
254_Techno_TS_DHN_SEASONAL_gwp3,TS_DHN_SEASONAL,3.42399999999997,158.219207,17.274377,9.459946,7.520216,0.99245,1.25436,0.901137
255_Techno_TS_DHN_SEASONAL_gwp3,TS_DHN_SEASONAL,3.4339999999999704,157.22067,18.459086,12.45994,6.953422,0.785819,0.775832,0.959904
256_Techno_TS_DHN_SEASONAL_gwp3,TS_DHN_SEASONAL,3.44399999999997,156.289157,23.480593,9.73428,9.851336,1.057036,1.107731,0.859959
257_Techno_TS_DHN_SEASONAL_gwp3,TS_DHN_SEASONAL,3.45399999999997,156.280838,17.43349,12.299305,8.302,2.143671,1.052507,1.111466
258_Techno_TS_DHN_SEASONAL_gwp3,TS_DHN_SEASONAL,3.4639999999999698,154.898356,20.341754,9.481542,6.783273,0.896494,0.81706,0.862673
259_Techno_TS_DHN_SEASONAL_gwp3,TS_DHN_SEASONAL,3.4739999999999696,154.410811,18.849366,8.915654,6.722773,1.346445,1.134803,0.778994
260_Techno_TS_DHN_SEASONAL_gwp3,TS_DHN_SEASONAL,3.4839999999999693,152.751945,17.494219,8.996459,8.838866,1.322857,1.32512,0.804822
261_Techno_TS_DHN_SEASONAL_gwp3,TS_DHN_SEASONAL,3.493999999999969,152.748473,16.990421,9.259615,6.981982,0.971368,0.908507,0.997807
262_Techno_TS_DHN_SEASONAL_gwp4,TS_DHN_SEASONAL,3.503999999999969,152.711514,17.582348,10.684737,6.988299,1.486847,1.23816,0.797815
263_Techno_TS_DHN_SEASONAL_gwp4,TS_DHN_SEASONAL,3.5139999999999687,151.659917,16.544899,8.448233,8.25055,1.421886,1.019442,1.35268
264_Techno_TS_DHN_SEASONAL_gwp4,TS_DHN_SEASONAL,3.5239999999999685,150.448933,17.108401,10.883843,6.273632,1.626935,1.274638,0.888772
265_Techno_TS_DHN_SEASONAL_gwp4,TS_DHN_SEASONAL,3.5339999999999683,148.749486,18.104799,9.666081,7.176281,0.888531,1.32664,0.955889
266_Techno_TS_DHN_SEASONAL_gwp4,TS_DHN_SEASONAL,3.543999999999968,148.988246,18.194816,8.5816,6.289125,1.011342,0.681319,0.995352
267_Techno_TS_DHN_SEASONAL_gwp4,TS_DHN_SEASONAL,3.553999999999968,147.73449,17.283728,10.686795,6.80016,1.937481,0.434202,0.735734
268_Techno_TS_DHN_SEASONAL_gwp4,TS_DHN_SEASONAL,3.563999999999968,145.527355,16.647048,9.943067,8.805639,1.009075,0.256124,0.818564
269_Techno_TS_DHN_SEASONAL_gwp4,TS_DHN_SEASONAL,3.5739999999999674,143.453003,16.999944,9.465947,7.582586,1.20119,3.425229,1.086729
270_Techno_TS_DHN_SEASONAL_gwp4,TS_DHN_SEASONAL,3.583999999999967,142.142485,17.808531,12.195403,6.146263,0.661431,0.51563,0.68294
271_Techno_TS_DHN_SEASONAL_gwp4,TS_DHN_SEASONAL,3.593999999999967,138.814058,16.94524,10.221141,6.205197,0.818289,0.331858,0.778506
272_Techno_TS_DHN_SEASONAL_gwp4,TS_DHN_SEASONAL,3.603999999999967,138.80115,18.987356,9.991793,6.303802,0.833582,0.77393,0.853397
273_Techno_TS_DHN_SEASONAL_gwp4,TS_DHN_SEASONAL,3.613999999999967,138.804148,17.767923,8.959749,6.504353,0.926257,1.296958,0.9653
274_Techno_TS_DHN_SEASONAL_gwp4,TS_DHN_SEASONAL,3.6239999999999664,137.68252,17.386531,9.710588,6.174164,2.70927,1.697569,1.008478
275_Techno_TS_DHN_SEASONAL_gwp4,TS_DHN_SEASONAL,3.633999999999966,135.557619,17.478926,8.994378,7.280319,0.921257,0.720687,0.911153
276_Techno_TS_DHN_SEASONAL_gwp4,TS_DHN_SEASONAL,3.643999999999966,135.495427,17.977795,9.206199,6.905113,0.938485,0.964791,0.876733
277_Techno_TS_DHN_SEASONAL_gwp4,TS_DHN_SEASONAL,3.6539999999999657,132.907354,16.628327,8.884358,6.982315,1.219046,0.629756,0.996897
278_Techno_TS_DHN_SEASONAL_gwp4,TS_DHN_SEASONAL,3.6639999999999655,132.157175,16.566104,11.603842,9.075074,1.065759,0.823577,0.971764
279_Techno_TS_DHN_SEASONAL_gwp4,TS_DHN_SEASONAL,3.673999999999965,132.150599,17.034924,9.865196,6.142314,0.948829,0.871834,0.959646
280_Techno_TS_DHN_SEASONAL_gwp4,TS_DHN_SEASONAL,3.683999999999965,129.126903,19.079338,8.302699,6.274259,0.674553,1.075367,0.805134
281_Techno_TS_DHN_SEASONAL_gwp4,TS_DHN_SEASONAL,3.693999999999965,119.2221,16.552626,9.19213,6.262673,0.870002,0.850285,0.793688
282_Techno_TS_DHN_SEASONAL_gwp4,TS_DHN_SEASONAL,3.7039999999999647,118.087052,16.531525,12.22762,12.639346,2.165059,2.27055,0.974307
283_Techno_TS_DHN_SEASONAL_gwp4,TS_DHN_SEASONAL,3.713999999999965,116.165456,17.625053,11.300747,23.083728,3.80526,1.823344,2.745617
284_Techno_TS_DHN_SEASONAL_gwp4,TS_DHN_SEASONAL,3.723999999999964,115.526224,16.727201,8.83569,6.133334,0.571872,0.517488,0.870821
285_Techno_TS_DHN_SEASONAL_gwp4,TS_DHN_SEASONAL,3.733999999999964,115.010872,17.274132,9.057882,6.637065,1.128848,0.945073,0.99796
286_Techno_TS_DHN_SEASONAL_gwp4,TS_DHN_SEASONAL,3.743999999999964,114.878922,16.535341,12.296938,8.369736,1.046151,0.573943,0.9373
287_Techno_TS_DHN_SEASONAL_gwp4,TS_DHN_SEASONAL,3.753999999999964,114.882048,17.013631,12.264438,7.581784,2.216854,1.004376,0.740916
288_Techno_TS_DHN_SEASONAL_gwp4,TS_DHN_SEASONAL,3.7639999999999634,114.734498,22.240971,12.003965,7.069717,2.026032,0.848848,0.640718
289_Techno_TS_DHN_SEASONAL_gwp4,TS_DHN_SEASONAL,3.773999999999963,114.708523,17.951926,12.15493,6.514438,1.134337,0.544436,1.097262
290_Techno_TS_DHN_SEASONAL_gwp4,TS_DHN_SEASONAL,3.783999999999963,114.709755,18.609962,9.484724,6.136345,1.032228,2.760098,0.831328
291_Techno_TS_DHN_SEASONAL_gwp4,TS_DHN_SEASONAL,3.7939999999999623,112.130938,16.897487,8.816618,8.212025,1.046998,0.295838,1.182288
292_Techno_TS_DHN_SEASONAL_gwp4,TS_DHN_SEASONAL,3.8039999999999625,108.138709,17.485522,10.20435,6.181813,1.26672,0.543664,0.823374
293_Techno_TS_DHN_SEASONAL_gwp4,TS_DHN_SEASONAL,3.8139999999999614,106.906515,17.360198,9.894878,6.195738,0.919658,0.82935,0.920094
294_Techno_TS_DHN_SEASONAL_gwp4,TS_DHN_SEASONAL,3.823999999999962,105.323909,16.596201,8.742663,6.686267,1.038135,1.03135,0.961694
295_Techno_TS_DHN_SEASONAL_gwp4,TS_DHN_SEASONAL,3.833999999999962,105.065549,17.702616,8.611179,6.524191,0.863655,1.653243,0.862562
296_Techno_TS_DHN_SEASONAL_gwp4,TS_DHN_SEASONAL,3.8439999999999617,104.128585,18.039036,9.062101,6.431847,0.914861,0.961604,0.966056
297_Techno_TS_DHN_SEASONAL_gwp4,TS_DHN_SEASONAL,3.8539999999999615,97.054691,16.645362,9.321578,6.322942,1.840669,1.319859,0.952215
298_Techno_TS_DHN_SEASONAL_gwp4,TS_DHN_SEASONAL,3.863999999999961,97.056601,18.465835,9.29023,7.225929,2.130265,2.600107,0.847719
299_Techno_TS_DHN_SEASONAL_gwp4,TS_DHN_SEASONAL,3.873999999999961,95.455931,20.350511,8.953284,7.255058,0.899447,0.753654,0.846866
300_Techno_TS_DHN_SEASONAL_gwp4,TS_DHN_SEASONAL,3.883999999999961,88.473512,16.72589,8.752689,7.707441,1.176968,0.816803,1.017026
301_Techno_TS_DHN_SEASONAL_gwp4,TS_DHN_SEASONAL,3.8939999999999606,88.545131,17.141224,8.905507,6.161668,0.942079,0.6208,0.910822
302_Techno_TS_DHN_SEASONAL_gwp4,TS_DHN_SEASONAL,3.90399999999996,88.377871,16.947159,8.622893,6.212611,0.825778,0.54595,0.948593
303_Techno_TS_DHN_SEASONAL_gwp4,TS_DHN_SEASONAL,3.91399999999996,88.387669,16.536064,10.450951,6.349489,0.974504,0.584962,0.837792
304_Techno_TS_DHN_SEASONAL_gwp4,TS_DHN_SEASONAL,3.92399999999996,82.768352,16.532229,11.674795,8.097498,0.910828,0.622771,0.800528
305_Techno_TS_DHN_SEASONAL_gwp4,TS_DHN_SEASONAL,3.93399999999996,76.386787,17.272929,9.176484,8.008323,0.939184,0.421575,0.938068
306_Techno_TS_DHN_SEASONAL_gwp4,TS_DHN_SEASONAL,3.94399999999996,72.139283,16.535096,9.158257,7.4802,1.440622,1.582637,1.137975
307_Techno_TS_DHN_SEASONAL_gwp4,TS_DHN_SEASONAL,3.9539999999999593,67.844242,20.712714,8.716786,10.319139,0.940129,1.787317,0.844226
308_Techno_TS_DHN_SEASONAL_gwp4,TS_DHN_SEASONAL,3.963999999999959,67.801419,18.691411,9.49599,6.157864,0.848653,0.37667,0.807754
309_Techno_TS_DHN_SEASONAL_gwp4,TS_DHN_SEASONAL,3.973999999999959,67.768435,17.780897,8.861132,6.138542,0.814423,1.986132,0.822466
310_Techno_TS_DHN_SEASONAL_gwp4,TS_DHN_SEASONAL,3.983999999999959,64.775128,21.734003,10.516194,6.200025,0.828474,0.679056,0.776092
311_Techno_TS_DHN_SEASONAL_gwp4,TS_DHN_SEASONAL,3.9939999999999594,64.270557,18.043219,11.39207,7.39723,1.142899,1.512602,0.765896
312_Techno_TS_DHN_SEASONAL_gwp4,TS_DHN_SEASONAL,4.003999999999959,63.751055,18.12962,12.628256,6.582214,0.908226,0.541881,0.820873
313_Techno_TS_DHN_SEASONAL_gwp4,TS_DHN_SEASONAL,4.013999999999959,57.038544,17.288428,10.971984,7.815253,0.686792,0.577033,0.715662
314_Techno_TS_DHN_SEASONAL_gwp4,TS_DHN_SEASONAL,4.023999999999958,56.997135,18.851069,9.745502,6.346343,0.843271,1.054715,0.843382
315_Techno_TS_DHN_SEASONAL_gwp4,TS_DHN_SEASONAL,4.033999999999958,52.800314,19.139866,9.336774,6.192875,1.360196,0.947273,0.997885
316_Techno_TS_DHN_SEASONAL_gwp4,TS_DHN_SEASONAL,4.043999999999958,52.159295,17.992981,10.114443,6.661901,1.10491,0.469036,0.945192
317_Techno_TS_DHN_SEASONAL_gwp4,TS_DHN_SEASONAL,4.053999999999958,51.627875,16.952772,13.002609,8.240393,0.91642,0.790332,0.812565
318_Techno_TS_DHN_SEASONAL_gwp4,TS_DHN_SEASONAL,4.063999999999957,51.631554,17.38922,16.465402,7.013351,0.781573,0.617263,0.75003
319_Techno_TS_DHN_SEASONAL_gwp4,TS_DHN_SEASONAL,4.073999999999957,51.636428,17.88446,10.319456,6.150601,1.307377,0.4811,0.764136
320_Techno_TS_DHN_SEASONAL_gwp4,TS_DHN_SEASONAL,4.083999999999957,51.292309,17.760472,8.485634,6.179439,0.755102,1.322178,0.790525
321_Techno_TS_DHN_SEASONAL_gwp4,TS_DHN_SEASONAL,4.093999999999957,49.644741,16.591757,10.067529,7.766854,0.960867,0.665696,0.854423
322_Techno_TS_DHN_SEASONAL_gwp4,TS_DHN_SEASONAL,4.103999999999957,49.527105,16.575725,8.591707,7.125426,0.899777,0.836617,0.979518
323_Techno_TS_DHN_SEASONAL_gwp4,TS_DHN_SEASONAL,4.113999999999956,48.084304,16.536935,10.427211,9.120192,1.236585,2.935124,0.856898
324_Techno_TS_DHN_SEASONAL_gwp4,TS_DHN_SEASONAL,4.123999999999956,43.150321,19.30033,13.454315,6.213144,0.853778,0.41778,0.862501
325_Techno_TS_DHN_SEASONAL_gwp4,TS_DHN_SEASONAL,4.133999999999956,42.66181,18.643325,10.137219,8.294855,1.141917,3.078595,0.943003
326_Techno_TS_DHN_SEASONAL_gwp4,TS_DHN_SEASONAL,4.143999999999956,42.597812,16.935305,10.474352,11.22065,0.93547,1.295775,0.936904
327_Techno_TS_DHN_SEASONAL_gwp4,TS_DHN_SEASONAL,4.153999999999956,42.618098,17.136456,9.10879,6.156121,0.873386,0.618737,0.940116
328_Techno_TS_DHN_SEASONAL_gwp4,TS_DHN_SEASONAL,4.163999999999955,41.620993,16.628421,9.463895,6.177049,0.895063,0.696514,0.880655
329_Techno_TS_DHN_SEASONAL_gwp4,TS_DHN_SEASONAL,4.173999999999955,40.477032,16.538919,12.337058,12.380649,1.383098,3.016657,1.129258
330_Techno_TS_DHN_SEASONAL_gwp4,TS_DHN_SEASONAL,4.183999999999955,39.823214,18.240865,10.397484,6.314592,1.020012,0.584572,0.980877
331_Techno_TS_DHN_SEASONAL_gwp4,TS_DHN_SEASONAL,4.193999999999955,38.077975,16.541481,10.647119,7.748598,0.918998,0.800323,0.810293
332_Techno_TS_DHN_SEASONAL_gwp4,TS_DHN_SEASONAL,4.203999999999954,38.039348,17.330782,8.816316,6.142891,0.919484,0.724551,0.852893
333_Techno_TS_DHN_SEASONAL_gwp4,TS_DHN_SEASONAL,4.213999999999954,35.343054,18.068186,14.205196,11.430823,1.793796,1.192082,0.787758
334_Techno_TS_DHN_SEASONAL_gwp4,TS_DHN_SEASONAL,4.223999999999954,32.920673,16.54094,9.556102,7.881811,0.990024,1.084361,0.945728
335_Techno_TS_DHN_SEASONAL_gwp4,TS_DHN_SEASONAL,4.233999999999954,32.694704,18.041777,11.564706,7.006396,1.562953,0.493994,0.761114
336_Techno_TS_DHN_SEASONAL_gwp4,TS_DHN_SEASONAL,4.243999999999954,32.543861,22.202205,11.779351,6.608206,0.616674,0.720691,0.714085
337_Techno_TS_DHN_SEASONAL_gwp4,TS_DHN_SEASONAL,4.253999999999953,29.386491,16.535299,15.858014,11.467588,0.981167,1.168673,1.0105
338_Techno_TS_DHN_SEASONAL_gwp4,TS_DHN_SEASONAL,4.263999999999953,29.559617,17.507518,9.029483,12.502255,1.232427,0.939318,0.981186
339_Techno_TS_DHN_SEASONAL_gwp4,TS_DHN_SEASONAL,4.273999999999953,28.491328,16.812429,8.727393,6.381145,1.036402,0.776284,1.006926
340_Techno_TS_DHN_SEASONAL_gwp4,TS_DHN_SEASONAL,4.283999999999953,27.937304,22.458691,9.777202,7.503832,0.846131,4.833613,0.786939
341_Techno_TS_DHN_SEASONAL_gwp4,TS_DHN_SEASONAL,4.2939999999999525,23.564715,20.228188,12.308448,7.427999,0.782742,0.522837,0.809516
342_Techno_TS_DHN_SEASONAL_gwp4,TS_DHN_SEASONAL,4.303999999999952,21.60098,16.879693,9.541557,6.614226,0.71408,0.850821,0.79009
343_Techno_TS_DHN_SEASONAL_gwp4,TS_DHN_SEASONAL,4.313999999999952,20.542858,20.653706,8.992516,6.161245,1.531721,1.037796,0.739121
344_Techno_TS_DHN_SEASONAL_gwp4,TS_DHN_SEASONAL,4.323999999999952,20.514938,17.838697,9.782993,8.650852,0.947252,0.996359,0.761134
345_Techno_TS_DHN_SEASONAL_gwp4,TS_DHN_SEASONAL,4.333999999999952,19.585958,19.82704,8.459131,7.334896,0.904446,0.664283,0.851399
346_Techno_TS_DHN_SEASONAL_gwp4,TS_DHN_SEASONAL,4.343999999999952,19.502527,16.700017,8.745646,6.19587,0.95243,0.835344,1.053763
347_Techno_TS_DHN_SEASONAL_gwp4,TS_DHN_SEASONAL,4.353999999999951,19.43528,17.721458,13.154846,6.816619,1.018841,0.553122,0.997605
348_Techno_TS_DHN_SEASONAL_gwp4,TS_DHN_SEASONAL,4.363999999999951,18.386287,16.53761,8.641068,6.150166,5.506889,0.661047,0.885853
349_Techno_TS_DHN_SEASONAL_gwp4,TS_DHN_SEASONAL,4.373999999999951,11.229281,18.535594,10.532861,6.433865,0.962982,0.54862,0.828206
350_Techno_TS_DHN_SEASONAL_gwp4,TS_DHN_SEASONAL,4.383999999999951,15.698977,17.118005,9.992126,6.175598,0.933489,0.682809,0.946534
351_Techno_TS_DHN_SEASONAL_gwp4,TS_DHN_SEASONAL,4.39399999999995,7.125932,16.54406,9.74379,6.248258,2.913478,1.538431,0.944966
352_Techno_TS_DHN_SEASONAL_gwp4,TS_DHN_SEASONAL,4.40399999999995,2.54638,17.399519,11.153691,7.939818,1.383034,0.348922,0.638385
353_Techno_TS_DHN_SEASONAL_gwp4,TS_DHN_SEASONAL,4.41399999999995,2.601817,18.535889,9.054385,7.769225,1.375872,1.051434,0.59666
354_Techno_TS_DHN_SEASONAL_gwp4,TS_DHN_SEASONAL,4.42399999999995,1.557053,16.665532,8.689805,6.624377,1.304098,0.921776,0.98345
355_Techno_TS_DHN_SEASONAL_gwp4,TS_DHN_SEASONAL,4.4339999999999495,0.314366,16.992638,10.383138,6.647357,0.862302,2.499657,0.942682
356_Techno_TS_DHN_SEASONAL_gwp4,TS_DHN_SEASONAL,4.44,173.276849,16.891753,8.98498,6.521535,1.10514,0.755812,1.219024
357_Techno_TS_DHN_SEASONAL_gwp5,TS_DHN_SEASONAL,4.640000000000001,141.68976,16.932908,8.315917,6.589636,1.034836,0.789156,0.985596
358_Techno_TS_DHN_SEASONAL_gwp5,TS_DHN_SEASONAL,4.840000000000001,0.787605,16.572179,8.112181,6.213656,1.000374,0.733672,0.979673
