folder,techno_modifiee,gwp_constr,f_TS_DHN_SEASONAL,f_CAR_FUEL_CELL,f_CAR_NG,f_CAR_DIESEL,f_CAR_HEV,f_CAR_METHANOL,f_CAR_GASOLINE,f_CAR_PHEV,f_CAR_BEV
0_Techno_TS_DHN_SEASONAL_gwp1,TS_DHN_SEASONAL,0.884,1003.798875,177.113846,3.283334,5.896704,1.409533,2.394205,2.246471,3.1e-05,1e-05
1_Techno_TS_DHN_SEASONAL_gwp1,TS_DHN_SEASONAL,0.894,1003.788108,177.021352,5.435168,1.276019,2.944289,2.004453,0.7141,7e-06,2e-06
2_Techno_TS_DHN_SEASONAL_gwp1,TS_DHN_SEASONAL,0.904,1003.480085,183.604778,0.802784,1.604527,3.144372,2.22263,2.070571,2.9e-05,9e-06
3_Techno_TS_DHN_SEASONAL_gwp1,TS_DHN_SEASONAL,0.914,1002.926883,182.760244,10.562778,1.782678,5.673282,1.888981,3.26404,1.3e-05,4e-06
4_Techno_TS_DHN_SEASONAL_gwp1,TS_DHN_SEASONAL,0.924,999.812267,176.982794,2.665494,2.072574,1.371728,1.93,2.450598,3.4e-05,1.2e-05
5_Techno_TS_DHN_SEASONAL_gwp1,TS_DHN_SEASONAL,0.934,990.939552,176.984357,6.14713,1.581824,5.01552,2.054161,2.843748,4.2e-05,1.4e-05
6_Techno_TS_DHN_SEASONAL_gwp1,TS_DHN_SEASONAL,0.944,978.3761,177.244454,4.29692,2.378906,2.620521,0.812905,3.113696,1.6e-05,5e-06
7_Techno_TS_DHN_SEASONAL_gwp1,TS_DHN_SEASONAL,0.954,976.37241,177.083183,1.972469,1.497311,2.39673,1.993834,1.00595,4.1e-05,1.3e-05
8_Techno_TS_DHN_SEASONAL_gwp1,TS_DHN_SEASONAL,0.964,972.536979,186.528339,1.157529,6.494279,1.429642,6.648455,1.383961,6.3e-05,2.4e-05
9_Techno_TS_DHN_SEASONAL_gwp1,TS_DHN_SEASONAL,0.974,962.233645,176.977991,2.486927,1.336891,8.882461,2.868796,2.771733,4.6e-05,1.7e-05
10_Techno_TS_DHN_SEASONAL_gwp1,TS_DHN_SEASONAL,0.984,962.104433,178.734552,8.572278,1.283799,2.420854,1.776251,1.431694,7.5e-05,2.7e-05
11_Techno_TS_DHN_SEASONAL_gwp1,TS_DHN_SEASONAL,0.994,947.210714,180.822602,1.315947,3.837349,1.108431,1.247609,1.587887,1.3e-05,5e-06
12_Techno_TS_DHN_SEASONAL_gwp1,TS_DHN_SEASONAL,1.004,947.109488,177.432965,5.144888,5.895912,1.394096,1.178169,1.94023,6.9e-05,1.9e-05
13_Techno_TS_DHN_SEASONAL_gwp1,TS_DHN_SEASONAL,1.014,945.631525,177.022101,6.445002,3.633373,4.377934,1.210258,1.380569,5.6e-05,2e-05
14_Techno_TS_DHN_SEASONAL_gwp1,TS_DHN_SEASONAL,1.024,945.512791,178.062312,1.105139,1.858749,2.742623,2.299215,2.019208,6.1e-05,1.9e-05
15_Techno_TS_DHN_SEASONAL_gwp1,TS_DHN_SEASONAL,1.034,923.142419,177.416585,6.289604,1.104595,3.180457,1.752938,1.704778,2.2e-05,7e-06
16_Techno_TS_DHN_SEASONAL_gwp1,TS_DHN_SEASONAL,1.044,913.739958,177.576682,7.380577,1.885332,3.450708,4.869181,3.327433,1.8e-05,6e-06
17_Techno_TS_DHN_SEASONAL_gwp1,TS_DHN_SEASONAL,1.054,913.737425,177.08588,3.429338,3.012059,4.100238,1.629646,1.53622,2.2e-05,7e-06
18_Techno_TS_DHN_SEASONAL_gwp1,TS_DHN_SEASONAL,1.064,901.662863,180.45161,6.541269,1.555249,4.858765,1.57843,1.179879,6.6e-05,2.2e-05
19_Techno_TS_DHN_SEASONAL_gwp1,TS_DHN_SEASONAL,1.074,896.983672,177.449799,7.032358,3.893032,6.584239,1.818856,1.929464,2.5e-05,8e-06
20_Techno_TS_DHN_SEASONAL_gwp1,TS_DHN_SEASONAL,1.084,893.286801,177.677964,1.246287,1.094973,0.947274,1.075453,1.083642,0.000103,3.7e-05
21_Techno_TS_DHN_SEASONAL_gwp1,TS_DHN_SEASONAL,1.094,891.25311,179.507979,0.458585,3.468927,2.826478,0.838857,2.971439,0.000107,3.4e-05
22_Techno_TS_DHN_SEASONAL_gwp1,TS_DHN_SEASONAL,1.104,891.281715,178.827302,1.73274,1.369236,1.105868,1.818265,1.189787,7.8e-05,2.5e-05
23_Techno_TS_DHN_SEASONAL_gwp1,TS_DHN_SEASONAL,1.114,891.237927,177.005452,3.29743,1.31201,2.858737,1.362618,0.895715,0.000114,3.8e-05
24_Techno_TS_DHN_SEASONAL_gwp1,TS_DHN_SEASONAL,1.124,886.879738,179.79067,0.61868,7.769439,5.000641,1.883558,1.28128,7e-05,2.4e-05
25_Techno_TS_DHN_SEASONAL_gwp1,TS_DHN_SEASONAL,1.134,886.930722,177.034281,1.053585,3.976408,1.160538,1.75554,0.844515,9.3e-05,2.7e-05
26_Techno_TS_DHN_SEASONAL_gwp1,TS_DHN_SEASONAL,1.144,882.603457,179.04311,0.972175,4.07501,0.729774,0.491605,0.732219,0.000729,0.000242
27_Techno_TS_DHN_SEASONAL_gwp1,TS_DHN_SEASONAL,1.154,882.241763,180.77904,1.006171,1.84339,4.057568,0.832032,1.056699,2.9e-05,8e-06
28_Techno_TS_DHN_SEASONAL_gwp1,TS_DHN_SEASONAL,1.164,882.311321,177.059626,1.933984,3.295537,3.647738,2.598782,1.371246,9e-06,3e-06
29_Techno_TS_DHN_SEASONAL_gwp1,TS_DHN_SEASONAL,1.1740000000000002,870.473257,176.977544,0.669985,4.392332,1.483033,9.069855,1.411457,2.2e-05,6e-06
30_Techno_TS_DHN_SEASONAL_gwp1,TS_DHN_SEASONAL,1.1840000000000002,870.436122,177.373359,1.650449,2.063116,4.949677,1.289884,3.746521,5e-06,2e-06
31_Techno_TS_DHN_SEASONAL_gwp1,TS_DHN_SEASONAL,1.1940000000000002,863.028571,177.005238,4.581277,3.615186,4.047669,7.629478,1.850314,2.7e-05,9e-06
32_Techno_TS_DHN_SEASONAL_gwp1,TS_DHN_SEASONAL,1.2040000000000002,854.612968,177.0346,1.925505,3.385926,3.420364,1.266842,3.640726,2.7e-05,8e-06
33_Techno_TS_DHN_SEASONAL_gwp1,TS_DHN_SEASONAL,1.2140000000000002,849.726105,177.139961,5.349436,11.932962,12.903294,10.482639,12.432491,1.2e-05,4e-06
34_Techno_TS_DHN_SEASONAL_gwp1,TS_DHN_SEASONAL,1.2240000000000002,844.873321,177.388227,6.557522,11.08194,3.608045,2.339186,1.082707,1.1e-05,4e-06
35_Techno_TS_DHN_SEASONAL_gwp1,TS_DHN_SEASONAL,1.2340000000000002,844.87012,177.221985,0.811141,3.232719,2.543499,1.097113,2.888602,6e-06,2e-06
36_Techno_TS_DHN_SEASONAL_gwp1,TS_DHN_SEASONAL,1.2440000000000002,844.880638,177.068774,1.205343,1.301671,4.100152,1.906604,1.233226,9.5e-05,3.3e-05
37_Techno_TS_DHN_SEASONAL_gwp1,TS_DHN_SEASONAL,1.2540000000000002,844.662651,177.078237,1.312584,2.249328,6.446173,3.57722,2.691272,1.5e-05,5e-06
38_Techno_TS_DHN_SEASONAL_gwp1,TS_DHN_SEASONAL,1.2640000000000002,836.698227,185.998023,4.065223,3.529072,6.658596,2.728449,2.760361,8e-06,3e-06
39_Techno_TS_DHN_SEASONAL_gwp1,TS_DHN_SEASONAL,1.2740000000000002,836.696738,177.568971,20.452742,5.507227,2.072413,1.805303,1.407668,8e-06,2e-06
40_Techno_TS_DHN_SEASONAL_gwp1,TS_DHN_SEASONAL,1.2840000000000005,836.688495,177.023307,6.023534,5.850857,2.922025,1.229047,5.036004,1.8e-05,5e-06
41_Techno_TS_DHN_SEASONAL_gwp1,TS_DHN_SEASONAL,1.2940000000000005,830.226241,177.103217,1.898714,2.686176,2.918532,2.121751,1.45316,1.6e-05,5e-06
42_Techno_TS_DHN_SEASONAL_gwp1,TS_DHN_SEASONAL,1.3040000000000005,826.654727,177.009889,0.859819,2.485059,2.969307,1.792083,0.733426,1e-05,3e-06
43_Techno_TS_DHN_SEASONAL_gwp1,TS_DHN_SEASONAL,1.3140000000000005,818.886129,177.488676,2.296212,1.466298,13.025789,1.12603,3.231803,1e-06,0.0
44_Techno_TS_DHN_SEASONAL_gwp1,TS_DHN_SEASONAL,1.3240000000000005,811.719605,177.115485,1.689633,5.545166,3.324332,0.912988,1.199685,3.6e-05,1.2e-05
45_Techno_TS_DHN_SEASONAL_gwp1,TS_DHN_SEASONAL,1.3340000000000003,811.681075,176.98827,6.755126,8.354076,4.917719,3.937083,2.130325,1.2e-05,4e-06
46_Techno_TS_DHN_SEASONAL_gwp1,TS_DHN_SEASONAL,1.3440000000000003,811.685962,179.235748,5.143087,5.640182,8.617783,1.389353,1.789702,1.7e-05,5e-06
47_Techno_TS_DHN_SEASONAL_gwp1,TS_DHN_SEASONAL,1.3540000000000003,811.676966,179.106747,35.035993,2.467864,28.073409,13.213407,4.635273,1.8e-05,5e-06
48_Techno_TS_DHN_SEASONAL_gwp1,TS_DHN_SEASONAL,1.3640000000000003,796.073397,180.18329,2.089533,0.475773,1.531881,0.800367,2.488872,5.9e-05,1.8e-05
49_Techno_TS_DHN_SEASONAL_gwp1,TS_DHN_SEASONAL,1.3740000000000003,793.719052,177.150084,2.67001,1.707225,5.55275,1.170215,5.762703,5.6e-05,1.9e-05
50_Techno_TS_DHN_SEASONAL_gwp1,TS_DHN_SEASONAL,1.3840000000000003,788.193008,177.36324,6.446283,0.523688,0.734082,1.423255,2.108671,2.9e-05,1e-05
51_Techno_TS_DHN_SEASONAL_gwp1,TS_DHN_SEASONAL,1.3940000000000003,788.225028,179.861291,5.651597,2.915632,4.002587,1.467257,2.389305,5.4e-05,2e-05
52_Techno_TS_DHN_SEASONAL_gwp1,TS_DHN_SEASONAL,1.4040000000000004,788.197822,177.119799,2.872115,2.350974,4.605364,2.955552,1.447883,5.6e-05,1.7e-05
53_Techno_TS_DHN_SEASONAL_gwp1,TS_DHN_SEASONAL,1.4140000000000004,788.192756,176.985198,2.407723,3.981294,5.458259,0.801125,4.586866,2e-05,6e-06
54_Techno_TS_DHN_SEASONAL_gwp1,TS_DHN_SEASONAL,1.4240000000000004,785.596432,177.055021,2.32344,7.305453,3.346116,2.43533,2.323248,4e-06,1e-06
55_Techno_TS_DHN_SEASONAL_gwp1,TS_DHN_SEASONAL,1.4340000000000004,785.599247,177.557415,3.232838,2.109917,1.575194,2.255799,2.600044,6.4e-05,2e-05
56_Techno_TS_DHN_SEASONAL_gwp1,TS_DHN_SEASONAL,1.4440000000000004,785.600144,185.768507,0.715199,3.06435,3.190938,0.944421,2.089501,2.4e-05,8e-06
57_Techno_TS_DHN_SEASONAL_gwp1,TS_DHN_SEASONAL,1.4540000000000004,785.596448,189.137707,11.391219,1.823454,5.325013,10.544845,2.101429,4.4e-05,1.6e-05
58_Techno_TS_DHN_SEASONAL_gwp1,TS_DHN_SEASONAL,1.4640000000000004,781.808324,195.231302,16.758111,4.950573,7.517523,7.128632,5.139832,9e-06,3e-06
59_Techno_TS_DHN_SEASONAL_gwp1,TS_DHN_SEASONAL,1.4740000000000004,774.462312,179.147088,1.728889,41.509315,2.998611,2.578249,1.298351,8.3e-05,3e-05
60_Techno_TS_DHN_SEASONAL_gwp1,TS_DHN_SEASONAL,1.4840000000000004,759.569873,182.571483,2.861745,3.702035,2.853475,1.543184,1.836948,3.8e-05,1.4e-05
61_Techno_TS_DHN_SEASONAL_gwp1,TS_DHN_SEASONAL,1.4940000000000004,759.547555,177.00073,5.293796,4.533321,8.947003,1.347351,4.140026,2.2e-05,6e-06
62_Techno_TS_DHN_SEASONAL_gwp2,TS_DHN_SEASONAL,1.5040000000000004,759.548918,177.43308,7.773288,1.465786,2.932426,1.341495,4.402364,1.2e-05,4e-06
63_Techno_TS_DHN_SEASONAL_gwp2,TS_DHN_SEASONAL,1.5140000000000005,759.548142,179.839182,30.262682,7.970233,11.947985,0.996917,6.69935,1.7e-05,5e-06
64_Techno_TS_DHN_SEASONAL_gwp2,TS_DHN_SEASONAL,1.5240000000000005,753.583148,180.92258,6.148562,5.017241,3.852096,0.971406,2.3742,4.3e-05,1.5e-05
65_Techno_TS_DHN_SEASONAL_gwp2,TS_DHN_SEASONAL,1.5340000000000005,752.771201,179.154754,0.514573,3.282935,2.266963,0.833757,1.498105,6.4e-05,1.8e-05
66_Techno_TS_DHN_SEASONAL_gwp2,TS_DHN_SEASONAL,1.5440000000000005,748.452303,181.512602,10.769639,5.209977,6.062164,1.972442,3.220449,8.8e-05,2.7e-05
67_Techno_TS_DHN_SEASONAL_gwp2,TS_DHN_SEASONAL,1.5540000000000005,746.923425,177.152694,0.798263,4.647232,4.607873,3.708839,0.906861,3e-05,1e-05
68_Techno_TS_DHN_SEASONAL_gwp2,TS_DHN_SEASONAL,1.5640000000000005,746.893736,177.984268,5.460935,4.084179,9.100894,4.526038,1.390327,3.1e-05,1e-05
69_Techno_TS_DHN_SEASONAL_gwp2,TS_DHN_SEASONAL,1.5740000000000005,746.09658,177.018301,19.733208,6.467688,10.681495,5.069066,3.955155,8e-06,2e-06
70_Techno_TS_DHN_SEASONAL_gwp2,TS_DHN_SEASONAL,1.5840000000000003,740.962282,183.836912,1.412405,1.248411,4.628938,2.463041,1.582034,2.3e-05,7e-06
71_Techno_TS_DHN_SEASONAL_gwp2,TS_DHN_SEASONAL,1.5940000000000003,740.960651,180.39508,2.868672,5.31036,3.257649,4.944188,2.546369,2.9e-05,9e-06
72_Techno_TS_DHN_SEASONAL_gwp2,TS_DHN_SEASONAL,1.6040000000000003,740.95247,177.061201,4.856691,2.537683,10.393479,5.92011,2.049957,1.2e-05,4e-06
73_Techno_TS_DHN_SEASONAL_gwp2,TS_DHN_SEASONAL,1.6140000000000003,740.958263,178.169631,1.12434,2.27973,9.116924,2.160273,3.382679,1.8e-05,6e-06
74_Techno_TS_DHN_SEASONAL_gwp2,TS_DHN_SEASONAL,1.6240000000000006,738.764387,178.842003,3.037679,8.039296,0.881237,1.176607,1.133427,6e-06,2e-06
75_Techno_TS_DHN_SEASONAL_gwp2,TS_DHN_SEASONAL,1.6340000000000006,738.764681,177.148233,2.920316,4.874492,4.158966,1.606633,1.762381,8e-06,2e-06
76_Techno_TS_DHN_SEASONAL_gwp2,TS_DHN_SEASONAL,1.6440000000000006,738.75821,179.501422,2.479627,1.677862,2.270742,3.133641,1.070726,8.8e-05,2.7e-05
77_Techno_TS_DHN_SEASONAL_gwp2,TS_DHN_SEASONAL,1.6540000000000006,727.440391,182.368949,14.221236,5.203013,8.005971,3.02548,4.244531,3.8e-05,1.2e-05
78_Techno_TS_DHN_SEASONAL_gwp2,TS_DHN_SEASONAL,1.6640000000000006,723.414418,177.010673,8.293912,2.666799,1.587928,4.001267,1.430421,2.7e-05,8e-06
79_Techno_TS_DHN_SEASONAL_gwp2,TS_DHN_SEASONAL,1.6740000000000006,721.362084,180.453035,8.867183,2.587584,6.978265,3.370924,4.262886,2.3e-05,7e-06
80_Techno_TS_DHN_SEASONAL_gwp2,TS_DHN_SEASONAL,1.6840000000000006,721.362125,179.619266,10.878504,1.643907,6.995005,1.607161,4.169325,1.1e-05,4e-06
81_Techno_TS_DHN_SEASONAL_gwp2,TS_DHN_SEASONAL,1.6940000000000006,721.35128,176.98581,5.0318,3.052154,7.134711,4.516596,3.104142,4e-06,1e-06
82_Techno_TS_DHN_SEASONAL_gwp2,TS_DHN_SEASONAL,1.7040000000000006,720.15371,180.112983,4.980608,1.244726,2.385986,1.174009,0.957152,1.1e-05,3e-06
83_Techno_TS_DHN_SEASONAL_gwp2,TS_DHN_SEASONAL,1.7140000000000006,720.1505,177.515885,2.118969,1.627911,2.316655,2.064592,5.584331,2.4e-05,8e-06
84_Techno_TS_DHN_SEASONAL_gwp2,TS_DHN_SEASONAL,1.7240000000000006,718.197781,178.179099,4.856182,1.312669,2.192426,2.463284,1.650411,9e-06,3e-06
85_Techno_TS_DHN_SEASONAL_gwp2,TS_DHN_SEASONAL,1.7340000000000009,715.727004,182.708367,4.78326,0.673656,3.169639,4.540013,1.047085,5.2e-05,1.7e-05
86_Techno_TS_DHN_SEASONAL_gwp2,TS_DHN_SEASONAL,1.7440000000000009,715.68675,179.235132,2.040472,1.814763,1.335377,2.950809,1.801185,8.7e-05,2.5e-05
87_Techno_TS_DHN_SEASONAL_gwp2,TS_DHN_SEASONAL,1.754000000000001,714.386765,179.187122,1.517932,9.066447,11.673907,3.090638,1.988225,3.7e-05,1.1e-05
88_Techno_TS_DHN_SEASONAL_gwp2,TS_DHN_SEASONAL,1.764000000000001,709.640499,182.43655,1.519115,0.952073,1.891647,3.041388,1.464053,3.4e-05,1.1e-05
89_Techno_TS_DHN_SEASONAL_gwp2,TS_DHN_SEASONAL,1.774000000000001,709.631167,177.208472,4.909283,1.018395,1.596442,2.224748,0.648997,3.2e-05,1.1e-05
90_Techno_TS_DHN_SEASONAL_gwp2,TS_DHN_SEASONAL,1.7840000000000007,709.624324,177.014749,4.154217,2.456048,2.670042,0.828194,1.260263,2.3e-05,8e-06
91_Techno_TS_DHN_SEASONAL_gwp2,TS_DHN_SEASONAL,1.7940000000000007,709.622999,182.440376,6.780228,1.115266,2.889228,1.650057,1.829059,7e-06,2e-06
92_Techno_TS_DHN_SEASONAL_gwp2,TS_DHN_SEASONAL,1.8040000000000007,685.623349,177.027879,4.949467,2.458735,9.975428,1.589611,3.92936,3.6e-05,1.1e-05
93_Techno_TS_DHN_SEASONAL_gwp2,TS_DHN_SEASONAL,1.8140000000000007,681.888508,181.162008,6.438065,4.899549,7.289323,6.423871,1.249928,2.1e-05,6e-06
94_Techno_TS_DHN_SEASONAL_gwp2,TS_DHN_SEASONAL,1.8240000000000007,678.362715,183.729942,1.849525,1.936478,3.91513,1.060383,0.825641,1.5e-05,5e-06
95_Techno_TS_DHN_SEASONAL_gwp2,TS_DHN_SEASONAL,1.8340000000000007,678.370389,177.352709,2.699843,1.480479,6.631888,1.716285,0.723416,8.6e-05,2.6e-05
96_Techno_TS_DHN_SEASONAL_gwp2,TS_DHN_SEASONAL,1.8440000000000007,675.847305,185.480525,1.10446,0.698812,3.004657,1.200303,2.256757,3.2e-05,1e-05
97_Techno_TS_DHN_SEASONAL_gwp2,TS_DHN_SEASONAL,1.8540000000000008,675.830642,177.912154,2.944974,1.486126,1.368792,2.41483,4.279147,4e-05,1.3e-05
98_Techno_TS_DHN_SEASONAL_gwp2,TS_DHN_SEASONAL,1.8640000000000008,664.001029,177.007458,10.534592,1.858724,1.551415,9.178617,2.60813,3.5e-05,1.1e-05
99_Techno_TS_DHN_SEASONAL_gwp2,TS_DHN_SEASONAL,1.8740000000000008,663.796408,179.315986,2.322704,2.892307,1.717182,1.160607,1.639514,5.2e-05,1.9e-05
100_Techno_TS_DHN_SEASONAL_gwp2,TS_DHN_SEASONAL,1.8840000000000008,663.791619,182.345779,4.156121,1.333853,5.723609,1.207807,1.316022,1.8e-05,5e-06
101_Techno_TS_DHN_SEASONAL_gwp2,TS_DHN_SEASONAL,1.8940000000000008,662.125486,179.035558,0.544109,2.933125,1.503236,1.683389,1.611356,8.2e-05,2.2e-05
102_Techno_TS_DHN_SEASONAL_gwp2,TS_DHN_SEASONAL,1.9040000000000008,657.09121,185.122395,6.278602,35.310118,15.377297,3.363112,4.82842,2.9e-05,9e-06
103_Techno_TS_DHN_SEASONAL_gwp2,TS_DHN_SEASONAL,1.9140000000000008,656.892902,179.911312,10.721882,0.889532,2.861607,1.354592,1.486566,3.2e-05,1e-05
104_Techno_TS_DHN_SEASONAL_gwp2,TS_DHN_SEASONAL,1.9240000000000008,652.814429,177.074028,1.68701,2.999212,1.703542,1.413991,1.381341,1.9e-05,5e-06
105_Techno_TS_DHN_SEASONAL_gwp2,TS_DHN_SEASONAL,1.9340000000000008,645.339923,180.658746,2.060928,1.345743,2.652352,2.720568,3.187497,2.6e-05,8e-06
106_Techno_TS_DHN_SEASONAL_gwp2,TS_DHN_SEASONAL,1.9440000000000008,645.452193,178.090973,4.889135,4.808176,1.190592,0.957382,2.888939,5.9e-05,1.8e-05
107_Techno_TS_DHN_SEASONAL_gwp2,TS_DHN_SEASONAL,1.9540000000000008,643.768936,178.449363,4.931402,2.064479,6.542637,2.637375,3.69227,3.2e-05,1e-05
108_Techno_TS_DHN_SEASONAL_gwp2,TS_DHN_SEASONAL,1.9640000000000009,643.647701,177.295495,4.059318,7.755388,3.597969,2.271733,1.434801,4.6e-05,1.5e-05
109_Techno_TS_DHN_SEASONAL_gwp2,TS_DHN_SEASONAL,1.9740000000000009,641.598949,177.737349,10.742835,2.009332,8.430117,3.992475,3.25823,9e-06,3e-06
110_Techno_TS_DHN_SEASONAL_gwp2,TS_DHN_SEASONAL,1.9840000000000009,639.742306,177.021484,3.780087,4.18783,13.154079,7.773938,1.2085,6e-06,2e-06
111_Techno_TS_DHN_SEASONAL_gwp2,TS_DHN_SEASONAL,1.9940000000000009,638.845707,179.701909,6.527813,6.691268,7.340007,4.715752,1.267228,8.4e-05,2.5e-05
112_Techno_TS_DHN_SEASONAL_gwp2,TS_DHN_SEASONAL,2.004000000000001,624.020741,181.506874,2.128566,3.530599,3.888362,8.228007,2.108988,2.7e-05,8e-06
113_Techno_TS_DHN_SEASONAL_gwp2,TS_DHN_SEASONAL,2.0140000000000007,621.668854,186.208939,1.185517,2.137794,4.945727,1.563629,2.030829,1.9e-05,6e-06
114_Techno_TS_DHN_SEASONAL_gwp2,TS_DHN_SEASONAL,2.0240000000000005,594.380841,181.798361,6.652913,1.20152,2.254255,1.817565,1.912865,4.5e-05,1.5e-05
115_Techno_TS_DHN_SEASONAL_gwp2,TS_DHN_SEASONAL,2.0340000000000003,590.740221,183.426796,10.060259,1.414465,5.872057,3.104963,1.693566,9e-06,3e-06
116_Techno_TS_DHN_SEASONAL_gwp2,TS_DHN_SEASONAL,2.044,587.66516,177.537556,2.658451,9.979434,35.457852,1.754431,3.464262,3e-06,1e-06
117_Techno_TS_DHN_SEASONAL_gwp2,TS_DHN_SEASONAL,2.054,587.605088,178.962817,8.530901,2.845422,2.106707,0.99332,1.305891,1.3e-05,4e-06
118_Techno_TS_DHN_SEASONAL_gwp2,TS_DHN_SEASONAL,2.064,586.047356,179.808819,15.260171,1.810354,2.468598,0.868511,4.032908,6.3e-05,1.9e-05
119_Techno_TS_DHN_SEASONAL_gwp2,TS_DHN_SEASONAL,2.0739999999999994,576.127257,178.544425,5.109753,1.606415,2.754993,1.745749,2.70785,9e-05,2.7e-05
120_Techno_TS_DHN_SEASONAL_gwp2,TS_DHN_SEASONAL,2.083999999999999,570.59089,177.158045,4.778363,0.601985,0.206178,6.631281,0.544004,1.3e-05,4e-06
121_Techno_TS_DHN_SEASONAL_gwp2,TS_DHN_SEASONAL,2.093999999999999,562.472607,179.681423,2.049179,1.516785,2.044017,3.345166,1.368546,1e-05,3e-06
122_Techno_TS_DHN_SEASONAL_gwp2,TS_DHN_SEASONAL,2.1039999999999988,552.647201,178.756938,4.994888,3.561279,3.92303,1.62507,1.627316,1.9e-05,6e-06
123_Techno_TS_DHN_SEASONAL_gwp2,TS_DHN_SEASONAL,2.1139999999999985,542.394361,182.129021,2.355265,2.336916,7.421241,0.970574,4.013807,4.1e-05,1.3e-05
124_Techno_TS_DHN_SEASONAL_gwp2,TS_DHN_SEASONAL,2.1239999999999983,540.850444,179.341894,1.113944,1.315684,1.883733,3.055376,0.854407,3.3e-05,9e-06
125_Techno_TS_DHN_SEASONAL_gwp2,TS_DHN_SEASONAL,2.133999999999998,531.58753,177.261905,8.11141,3.774933,4.661845,2.448034,2.15616,4.5e-05,1.4e-05
126_Techno_TS_DHN_SEASONAL_gwp2,TS_DHN_SEASONAL,2.143999999999998,531.441855,178.827894,0.940505,1.47101,4.278477,5.156767,1.196608,1.5e-05,4e-06
127_Techno_TS_DHN_SEASONAL_gwp2,TS_DHN_SEASONAL,2.1539999999999977,529.617511,178.545958,1.998259,1.397208,1.330853,1.797145,2.852417,0.000667,0.000199
128_Techno_TS_DHN_SEASONAL_gwp2,TS_DHN_SEASONAL,2.163999999999997,528.45411,177.47531,5.164462,0.961502,2.244743,4.261966,1.999104,9.5e-05,2.9e-05
129_Techno_TS_DHN_SEASONAL_gwp2,TS_DHN_SEASONAL,2.1739999999999973,528.287552,185.672177,2.466462,0.765287,3.829836,0.50188,0.751155,0.000886,0.000277
130_Techno_TS_DHN_SEASONAL_gwp2,TS_DHN_SEASONAL,2.183999999999997,527.391183,177.00793,1.34473,1.841692,0.960402,1.046358,1.184619,0.000102,3.5e-05
131_Techno_TS_DHN_SEASONAL_gwp2,TS_DHN_SEASONAL,2.193999999999997,527.787104,177.001134,1.321816,0.851823,1.83297,0.772118,1.793751,0.000967,0.000335
132_Techno_TS_DHN_SEASONAL_gwp2,TS_DHN_SEASONAL,2.2039999999999966,528.216611,179.486999,1.491115,4.01161,1.781484,4.49776,1.515122,0.000947,0.00026
133_Techno_TS_DHN_SEASONAL_gwp2,TS_DHN_SEASONAL,2.2139999999999964,527.285769,178.419174,2.401734,2.421865,1.448517,1.797916,1.082128,5.7e-05,1.6e-05
134_Techno_TS_DHN_SEASONAL_gwp2,TS_DHN_SEASONAL,2.223999999999996,526.417692,177.732325,3.376488,2.046085,0.972023,2.473395,0.96036,8.9e-05,2.9e-05
135_Techno_TS_DHN_SEASONAL_gwp2,TS_DHN_SEASONAL,2.233999999999996,522.594035,177.014054,1.623666,3.304034,6.763121,1.314505,1.355504,0.001053,0.00032
136_Techno_TS_DHN_SEASONAL_gwp2,TS_DHN_SEASONAL,2.243999999999996,521.315737,178.664983,1.435029,6.892091,2.713764,2.208909,1.791665,1.4e-05,4e-06
137_Techno_TS_DHN_SEASONAL_gwp2,TS_DHN_SEASONAL,2.253999999999996,521.519237,177.070581,2.510387,5.827422,8.970924,4.82414,2.348473,7.2e-05,2.5e-05
138_Techno_TS_DHN_SEASONAL_gwp2,TS_DHN_SEASONAL,2.263999999999996,521.292091,178.569751,1.186826,0.922892,1.997171,1.864909,1.842519,5.9e-05,2e-05
139_Techno_TS_DHN_SEASONAL_gwp2,TS_DHN_SEASONAL,2.273999999999995,520.83569,180.318511,2.858862,1.149321,2.98656,0.903083,2.111724,7e-05,2e-05
140_Techno_TS_DHN_SEASONAL_gwp2,TS_DHN_SEASONAL,2.283999999999995,520.019867,191.042113,5.589965,5.493513,0.893674,1.501484,5.200065,4.8e-05,1.4e-05
141_Techno_TS_DHN_SEASONAL_gwp2,TS_DHN_SEASONAL,2.2939999999999947,519.06978,178.106649,0.958501,3.061438,2.343464,0.914467,1.739349,6.6e-05,1.9e-05
142_Techno_TS_DHN_SEASONAL_gwp2,TS_DHN_SEASONAL,2.3039999999999945,519.196352,191.883659,0.844416,1.998941,0.495061,1.069764,0.660791,5.8e-05,2.1e-05
143_Techno_TS_DHN_SEASONAL_gwp2,TS_DHN_SEASONAL,2.3139999999999943,519.12613,177.124865,6.913831,10.411095,4.053072,4.778168,2.026975,7.7e-05,2.3e-05
144_Techno_TS_DHN_SEASONAL_gwp2,TS_DHN_SEASONAL,2.323999999999994,518.389223,183.726855,5.194924,3.327887,1.069399,2.082731,2.97171,6.3e-05,2.2e-05
145_Techno_TS_DHN_SEASONAL_gwp2,TS_DHN_SEASONAL,2.333999999999994,515.686732,182.442142,2.418347,0.730076,0.646067,1.531751,2.647463,0.000124,3.7e-05
146_Techno_TS_DHN_SEASONAL_gwp2,TS_DHN_SEASONAL,2.3439999999999936,515.140428,177.149589,7.486358,11.778511,8.985635,2.037247,2.887272,5.6e-05,1.6e-05
147_Techno_TS_DHN_SEASONAL_gwp2,TS_DHN_SEASONAL,2.353999999999993,515.110133,180.165261,0.857793,3.127694,1.639027,1.511614,1.228998,5.9e-05,2e-05
148_Techno_TS_DHN_SEASONAL_gwp2,TS_DHN_SEASONAL,2.363999999999993,515.02307,188.602174,0.652886,1.114765,1.374394,0.924799,1.778241,6.2e-05,2.1e-05
149_Techno_TS_DHN_SEASONAL_gwp2,TS_DHN_SEASONAL,2.373999999999993,514.993659,178.038544,1.952987,3.674317,1.625742,0.937143,1.128523,8e-05,2.8e-05
150_Techno_TS_DHN_SEASONAL_gwp2,TS_DHN_SEASONAL,2.383999999999993,515.010712,177.385329,22.655438,1.570733,5.025931,8.442067,5.872857,5.3e-05,1.6e-05
151_Techno_TS_DHN_SEASONAL_gwp2,TS_DHN_SEASONAL,2.3939999999999926,512.684179,178.149375,1.068593,1.512689,1.309682,0.953327,1.137629,7.6e-05,2e-05
152_Techno_TS_DHN_SEASONAL_gwp2,TS_DHN_SEASONAL,2.4039999999999924,512.550756,176.992024,2.253908,7.341899,3.022319,0.524703,1.573391,4.5e-05,1.4e-05
153_Techno_TS_DHN_SEASONAL_gwp2,TS_DHN_SEASONAL,2.413999999999992,508.719725,177.132642,1.247018,1.040011,2.847218,2.114462,2.161753,7.5e-05,2.1e-05
154_Techno_TS_DHN_SEASONAL_gwp2,TS_DHN_SEASONAL,2.423999999999992,508.559968,190.254272,7.022083,4.349923,8.499052,1.112856,7.066453,5.6e-05,1.8e-05
155_Techno_TS_DHN_SEASONAL_gwp2,TS_DHN_SEASONAL,2.433999999999992,508.550972,182.248875,7.847297,0.972297,5.66258,2.350022,3.481887,2.2e-05,6e-06
156_Techno_TS_DHN_SEASONAL_gwp2,TS_DHN_SEASONAL,2.4439999999999915,508.627074,187.685389,3.075702,0.632971,1.207217,3.462852,1.562031,6.9e-05,2.4e-05
157_Techno_TS_DHN_SEASONAL_gwp2,TS_DHN_SEASONAL,2.4539999999999917,498.944931,198.914209,12.906889,0.803593,12.087024,4.579001,5.543137,5.3e-05,1.5e-05
158_Techno_TS_DHN_SEASONAL_gwp2,TS_DHN_SEASONAL,2.463999999999991,495.928573,177.412462,0.896487,5.994603,2.096606,1.17707,0.993606,8.4e-05,2.6e-05
159_Techno_TS_DHN_SEASONAL_gwp2,TS_DHN_SEASONAL,2.473999999999991,489.727117,177.194042,6.254583,0.812843,1.54872,0.871489,1.902353,2.8e-05,9e-06
160_Techno_TS_DHN_SEASONAL_gwp2,TS_DHN_SEASONAL,2.4839999999999907,489.716503,180.298934,9.490621,6.969469,10.085884,1.89278,2.912377,5.5e-05,1.8e-05
161_Techno_TS_DHN_SEASONAL_gwp2,TS_DHN_SEASONAL,2.4939999999999904,488.175407,177.248011,1.346178,2.313237,3.386268,2.391368,2.536798,0.000601,0.00018
162_Techno_TS_DHN_SEASONAL_gwp3,TS_DHN_SEASONAL,2.5039999999999902,487.612654,180.772423,12.734799,11.228779,6.54722,1.997298,3.590959,3.5e-05,9e-06
163_Techno_TS_DHN_SEASONAL_gwp3,TS_DHN_SEASONAL,2.51399999999999,487.659385,181.799405,25.11797,4.206734,3.972427,4.249878,4.370487,4.5e-05,1.3e-05
164_Techno_TS_DHN_SEASONAL_gwp3,TS_DHN_SEASONAL,2.52399999999999,480.439225,177.018481,3.041335,4.613751,1.58534,2.034214,0.980313,3.5e-05,8e-06
165_Techno_TS_DHN_SEASONAL_gwp3,TS_DHN_SEASONAL,2.5339999999999896,480.027024,177.029373,0.631642,1.770058,0.94172,1.706957,0.771168,6.6e-05,1.9e-05
166_Techno_TS_DHN_SEASONAL_gwp3,TS_DHN_SEASONAL,2.5439999999999894,480.184255,182.651532,8.511644,3.571172,1.265438,4.398732,1.469064,5.2e-05,1.8e-05
167_Techno_TS_DHN_SEASONAL_gwp3,TS_DHN_SEASONAL,2.553999999999989,478.457813,177.15008,22.076841,2.005006,0.619125,1.490704,7.753781,1e-05,3e-06
168_Techno_TS_DHN_SEASONAL_gwp3,TS_DHN_SEASONAL,2.563999999999989,475.51652,179.086572,4.657984,5.686895,1.893931,7.212572,1.801092,4.6e-05,1.5e-05
169_Techno_TS_DHN_SEASONAL_gwp3,TS_DHN_SEASONAL,2.5739999999999887,472.189173,178.504947,8.912631,0.922224,2.719478,2.79623,1.118106,5.9e-05,1.8e-05
170_Techno_TS_DHN_SEASONAL_gwp3,TS_DHN_SEASONAL,2.5839999999999885,472.16847,179.171179,8.922782,11.349207,5.845014,5.455384,4.991648,7e-05,2.1e-05
171_Techno_TS_DHN_SEASONAL_gwp3,TS_DHN_SEASONAL,2.5939999999999883,471.892085,180.992327,19.489779,0.449496,4.052769,3.72989,1.955171,2.5e-05,6e-06
172_Techno_TS_DHN_SEASONAL_gwp3,TS_DHN_SEASONAL,2.603999999999988,460.676287,176.983059,1.473981,21.176643,5.158648,8.62999,1.86575,5.4e-05,1.7e-05
173_Techno_TS_DHN_SEASONAL_gwp3,TS_DHN_SEASONAL,2.613999999999988,460.890071,176.979157,2.197682,8.127307,6.175765,11.510257,1.897258,0.000431,0.000143
174_Techno_TS_DHN_SEASONAL_gwp3,TS_DHN_SEASONAL,2.623999999999988,460.724698,186.381689,0.840006,7.446124,0.735379,0.574977,2.284204,5.7e-05,1.7e-05
175_Techno_TS_DHN_SEASONAL_gwp3,TS_DHN_SEASONAL,2.6339999999999875,459.344931,176.989473,2.161992,1.211348,1.009544,1.088428,1.79191,5.9e-05,1.7e-05
176_Techno_TS_DHN_SEASONAL_gwp3,TS_DHN_SEASONAL,2.6439999999999872,458.332061,183.605968,0.781657,7.100183,0.988618,4.568565,0.996506,1.6e-05,5e-06
177_Techno_TS_DHN_SEASONAL_gwp3,TS_DHN_SEASONAL,2.653999999999987,458.541438,181.865818,6.161002,6.679806,1.676236,1.241715,0.721376,2.9e-05,9e-06
178_Techno_TS_DHN_SEASONAL_gwp3,TS_DHN_SEASONAL,2.663999999999987,457.53926,177.671588,8.559705,4.206084,34.876264,2.187535,5.430452,1.5e-05,4e-06
179_Techno_TS_DHN_SEASONAL_gwp3,TS_DHN_SEASONAL,2.6739999999999866,454.00012,185.637075,2.528841,1.584237,4.750944,0.955414,0.871403,0.000124,4e-05
180_Techno_TS_DHN_SEASONAL_gwp3,TS_DHN_SEASONAL,2.6839999999999864,450.005492,182.380186,6.769785,7.913533,1.510136,0.765217,3.681414,9e-06,3e-06
181_Techno_TS_DHN_SEASONAL_gwp3,TS_DHN_SEASONAL,2.693999999999986,439.158691,214.130568,18.618148,9.364001,9.394336,3.230388,3.882884,1.3e-05,4e-06
182_Techno_TS_DHN_SEASONAL_gwp3,TS_DHN_SEASONAL,2.703999999999986,439.472162,177.546996,0.835427,9.546201,1.437439,1.114821,1.040114,6.6e-05,1.8e-05
183_Techno_TS_DHN_SEASONAL_gwp3,TS_DHN_SEASONAL,2.7139999999999858,439.453001,177.96744,1.445472,1.771382,1.659149,0.661423,2.942803,6.4e-05,2.2e-05
184_Techno_TS_DHN_SEASONAL_gwp3,TS_DHN_SEASONAL,2.723999999999985,432.84605,181.999113,1.522737,5.43981,0.953126,1.276031,1.447829,9.6e-05,3.2e-05
185_Techno_TS_DHN_SEASONAL_gwp3,TS_DHN_SEASONAL,2.7339999999999853,429.879181,177.132407,5.562898,2.889961,7.720416,1.192906,2.382846,0.000331,9.3e-05
186_Techno_TS_DHN_SEASONAL_gwp3,TS_DHN_SEASONAL,2.743999999999985,429.462303,180.467768,6.7271,1.461553,1.442658,1.346006,0.685057,8.3e-05,2.5e-05
187_Techno_TS_DHN_SEASONAL_gwp3,TS_DHN_SEASONAL,2.753999999999985,429.386341,180.382572,1.398606,29.508021,6.519087,3.260331,2.635051,6.3e-05,1.7e-05
188_Techno_TS_DHN_SEASONAL_gwp3,TS_DHN_SEASONAL,2.7639999999999847,429.369579,185.004981,9.951419,1.034486,6.164747,2.363565,1.492966,9.3e-05,3.2e-05
189_Techno_TS_DHN_SEASONAL_gwp3,TS_DHN_SEASONAL,2.7739999999999845,429.37486,176.980118,2.596506,9.848618,7.924382,3.954724,1.916808,7.6e-05,2e-05
190_Techno_TS_DHN_SEASONAL_gwp3,TS_DHN_SEASONAL,2.7839999999999843,429.339445,179.869546,6.663508,21.962455,11.901104,10.321519,1.741965,9.1e-05,2.7e-05
191_Techno_TS_DHN_SEASONAL_gwp3,TS_DHN_SEASONAL,2.793999999999984,419.973888,178.398217,5.040639,1.793336,1.182205,2.965337,2.311378,6.4e-05,2.2e-05
192_Techno_TS_DHN_SEASONAL_gwp3,TS_DHN_SEASONAL,2.803999999999984,418.898059,183.177026,8.374885,12.881235,7.429817,10.632692,2.856333,7e-05,2.1e-05
193_Techno_TS_DHN_SEASONAL_gwp3,TS_DHN_SEASONAL,2.813999999999984,413.497115,177.035345,4.984931,4.078415,10.860172,3.452775,2.422478,6.5e-05,1.7e-05
194_Techno_TS_DHN_SEASONAL_gwp3,TS_DHN_SEASONAL,2.8239999999999834,413.497832,195.971592,29.433286,3.290116,9.731664,0.838441,5.490788,4.7e-05,1.2e-05
195_Techno_TS_DHN_SEASONAL_gwp3,TS_DHN_SEASONAL,2.833999999999983,413.436884,194.309841,3.485269,1.629159,2.365663,3.896864,1.944461,4.4e-05,1.3e-05
196_Techno_TS_DHN_SEASONAL_gwp3,TS_DHN_SEASONAL,2.843999999999983,413.328821,183.775506,3.808708,9.673599,0.924554,0.842705,1.706307,7.7e-05,2.3e-05
197_Techno_TS_DHN_SEASONAL_gwp3,TS_DHN_SEASONAL,2.8539999999999828,413.342664,179.847292,1.13532,2.144387,1.466119,0.669298,2.09508,9.8e-05,3e-05
198_Techno_TS_DHN_SEASONAL_gwp3,TS_DHN_SEASONAL,2.8639999999999826,413.359317,177.758003,10.986986,5.251853,1.714124,7.307444,1.272476,8.1e-05,3.2e-05
199_Techno_TS_DHN_SEASONAL_gwp3,TS_DHN_SEASONAL,2.8739999999999823,413.325806,233.91768,10.664752,0.580905,4.6275,0.918563,3.510799,3.7e-05,1.1e-05
200_Techno_TS_DHN_SEASONAL_gwp3,TS_DHN_SEASONAL,2.883999999999982,413.32232,177.033028,2.274991,6.655138,2.025038,1.389165,1.16788,6e-05,1.9e-05
201_Techno_TS_DHN_SEASONAL_gwp3,TS_DHN_SEASONAL,2.893999999999982,402.679693,181.274195,2.311398,11.065066,5.167882,1.725928,2.065049,5.5e-05,1.4e-05
202_Techno_TS_DHN_SEASONAL_gwp3,TS_DHN_SEASONAL,2.9039999999999817,388.119436,179.613853,2.445357,3.558378,1.105266,1.710052,1.107313,0.00014,3.9e-05
203_Techno_TS_DHN_SEASONAL_gwp3,TS_DHN_SEASONAL,2.913999999999981,386.575987,187.654555,9.641483,2.309678,5.910703,2.612137,3.788595,8.1e-05,2.3e-05
204_Techno_TS_DHN_SEASONAL_gwp3,TS_DHN_SEASONAL,2.9239999999999813,382.257214,177.003884,3.439568,11.367136,1.999803,5.5054,1.06685,6.7e-05,2e-05
205_Techno_TS_DHN_SEASONAL_gwp3,TS_DHN_SEASONAL,2.933999999999981,382.088197,178.788033,5.796803,1.601566,1.028486,1.280338,1.340041,0.000159,5.4e-05
206_Techno_TS_DHN_SEASONAL_gwp3,TS_DHN_SEASONAL,2.943999999999981,382.224028,177.266122,2.513739,17.587289,2.086362,7.627418,1.477336,5e-05,1.6e-05
207_Techno_TS_DHN_SEASONAL_gwp3,TS_DHN_SEASONAL,2.9539999999999806,381.988755,180.867925,6.897618,10.192628,4.513471,5.795903,1.739226,9.4e-05,2.7e-05
208_Techno_TS_DHN_SEASONAL_gwp3,TS_DHN_SEASONAL,2.9639999999999804,379.01884,184.428079,7.892543,6.278957,2.831728,0.862428,1.863032,3.2e-05,1e-05
209_Techno_TS_DHN_SEASONAL_gwp3,TS_DHN_SEASONAL,2.97399999999998,361.275102,177.362553,3.143094,14.033566,8.325868,2.651446,1.36756,6.3e-05,1.9e-05
210_Techno_TS_DHN_SEASONAL_gwp3,TS_DHN_SEASONAL,2.98399999999998,355.593386,184.205304,2.010707,2.175371,1.209087,11.426412,0.832404,5.7e-05,1.9e-05
211_Techno_TS_DHN_SEASONAL_gwp3,TS_DHN_SEASONAL,2.99399999999998,347.826668,183.419848,3.16705,1.587328,2.021805,3.414664,3.688675,9.4e-05,3.2e-05
212_Techno_TS_DHN_SEASONAL_gwp3,TS_DHN_SEASONAL,3.00399999999998,346.243491,177.363932,8.348741,1.829858,1.492375,3.69326,1.61512,4.6e-05,1.5e-05
213_Techno_TS_DHN_SEASONAL_gwp3,TS_DHN_SEASONAL,3.01399999999998,343.547088,177.063361,5.676251,6.606622,13.079776,7.454068,6.275752,8e-05,2.4e-05
214_Techno_TS_DHN_SEASONAL_gwp3,TS_DHN_SEASONAL,3.023999999999979,337.753543,182.302066,2.397166,13.992732,0.967284,2.580389,1.432885,6e-05,1.7e-05
215_Techno_TS_DHN_SEASONAL_gwp3,TS_DHN_SEASONAL,3.033999999999979,332.997624,182.449681,13.797014,3.077848,4.350685,0.884788,2.095076,6.6e-05,1.8e-05
216_Techno_TS_DHN_SEASONAL_gwp3,TS_DHN_SEASONAL,3.0439999999999787,318.411827,182.688405,16.442271,11.950378,0.868055,14.236296,1.656624,3.5e-05,1.1e-05
217_Techno_TS_DHN_SEASONAL_gwp3,TS_DHN_SEASONAL,3.0539999999999785,316.870455,177.740085,8.426559,10.500429,24.282694,5.190326,2.391978,0.000256,8.1e-05
218_Techno_TS_DHN_SEASONAL_gwp3,TS_DHN_SEASONAL,3.0639999999999783,315.130985,177.49947,3.245229,24.989324,18.358715,10.19198,1.463331,8.3e-05,2.5e-05
219_Techno_TS_DHN_SEASONAL_gwp3,TS_DHN_SEASONAL,3.073999999999978,309.639135,178.581195,2.455202,1.848393,2.035716,1.277152,1.08704,0.000103,2.8e-05
220_Techno_TS_DHN_SEASONAL_gwp3,TS_DHN_SEASONAL,3.083999999999978,305.693407,216.765993,2.92815,1.091425,3.772451,0.792952,12.340102,5.8e-05,1.9e-05
221_Techno_TS_DHN_SEASONAL_gwp3,TS_DHN_SEASONAL,3.0939999999999777,300.166228,179.949223,3.533754,11.559997,4.361039,12.199945,3.365021,3.5e-05,1.1e-05
222_Techno_TS_DHN_SEASONAL_gwp3,TS_DHN_SEASONAL,3.103999999999977,295.865575,196.593179,6.399124,1.863908,0.784648,1.126756,1.44911,3.1e-05,9e-06
223_Techno_TS_DHN_SEASONAL_gwp3,TS_DHN_SEASONAL,3.113999999999977,291.986004,177.33626,0.743038,9.405339,2.57049,2.352508,1.831582,8e-05,2.5e-05
224_Techno_TS_DHN_SEASONAL_gwp3,TS_DHN_SEASONAL,3.123999999999977,285.594276,185.42029,0.978279,0.877645,1.795678,1.637931,0.961732,5.3e-05,1.6e-05
225_Techno_TS_DHN_SEASONAL_gwp3,TS_DHN_SEASONAL,3.133999999999977,270.526919,176.981442,4.776636,11.766302,2.912131,1.150296,2.673811,7.7e-05,2.6e-05
226_Techno_TS_DHN_SEASONAL_gwp3,TS_DHN_SEASONAL,3.1439999999999766,258.260482,177.63289,3.760423,6.315808,4.385447,1.285855,3.527166,5.6e-05,1.8e-05
227_Techno_TS_DHN_SEASONAL_gwp3,TS_DHN_SEASONAL,3.1539999999999764,255.45648,177.022687,5.442679,7.536107,4.982043,4.614861,2.704891,0.000187,6.3e-05
228_Techno_TS_DHN_SEASONAL_gwp3,TS_DHN_SEASONAL,3.163999999999976,247.573573,183.095995,4.042624,7.748642,3.882855,2.458897,8.319297,0.000109,3.5e-05
229_Techno_TS_DHN_SEASONAL_gwp3,TS_DHN_SEASONAL,3.173999999999976,229.147029,178.337483,1.319305,4.364922,1.94308,0.816918,3.274515,6.1e-05,1.9e-05
230_Techno_TS_DHN_SEASONAL_gwp3,TS_DHN_SEASONAL,3.183999999999976,229.105313,183.474267,2.49588,3.699915,1.469249,1.060139,1.736887,6.1e-05,2.4e-05
231_Techno_TS_DHN_SEASONAL_gwp3,TS_DHN_SEASONAL,3.1939999999999755,225.162552,190.01096,8.820925,3.676741,6.469174,2.663874,3.199076,8e-05,2.8e-05
232_Techno_TS_DHN_SEASONAL_gwp3,TS_DHN_SEASONAL,3.2039999999999758,218.870836,183.187312,3.839231,2.175721,1.736418,1.971586,2.165038,2.7e-05,9e-06
233_Techno_TS_DHN_SEASONAL_gwp3,TS_DHN_SEASONAL,3.213999999999975,218.973433,180.335787,2.401944,14.98268,3.422569,0.927912,3.271571,7.7e-05,2.4e-05
234_Techno_TS_DHN_SEASONAL_gwp3,TS_DHN_SEASONAL,3.223999999999975,219.020995,189.186504,3.440998,5.501187,9.4702,1.547568,4.004764,6.5e-05,2.1e-05
235_Techno_TS_DHN_SEASONAL_gwp3,TS_DHN_SEASONAL,3.2339999999999747,219.036747,183.405189,1.596413,12.65553,1.123293,1.753935,3.544673,5.7e-05,1.6e-05
236_Techno_TS_DHN_SEASONAL_gwp3,TS_DHN_SEASONAL,3.2439999999999745,218.975208,177.073644,13.537832,1.49105,4.605516,1.188789,4.601249,8.7e-05,3.2e-05
237_Techno_TS_DHN_SEASONAL_gwp3,TS_DHN_SEASONAL,3.2539999999999742,218.838076,177.152458,1.390247,1.334127,1.025842,1.775818,1.783736,2.2e-05,6e-06
238_Techno_TS_DHN_SEASONAL_gwp3,TS_DHN_SEASONAL,3.263999999999974,216.566096,176.985772,10.41903,18.744054,3.682627,8.450079,0.806876,6.3e-05,1.9e-05
239_Techno_TS_DHN_SEASONAL_gwp3,TS_DHN_SEASONAL,3.273999999999974,215.892244,177.094564,1.457457,2.92248,2.700996,1.032836,1.994986,2.9e-05,1e-05
240_Techno_TS_DHN_SEASONAL_gwp3,TS_DHN_SEASONAL,3.2839999999999736,212.940927,185.246577,4.817332,1.582229,7.771487,6.512193,1.014473,2e-06,1e-06
241_Techno_TS_DHN_SEASONAL_gwp3,TS_DHN_SEASONAL,3.2939999999999734,212.307457,190.073757,0.780762,5.909384,0.999643,1.71627,4.709919,4.5e-05,1.4e-05
242_Techno_TS_DHN_SEASONAL_gwp3,TS_DHN_SEASONAL,3.303999999999973,205.714908,178.285324,1.275663,12.278669,2.719243,3.441472,1.750645,7e-05,2e-05
243_Techno_TS_DHN_SEASONAL_gwp3,TS_DHN_SEASONAL,3.313999999999973,202.32492,180.625676,5.016363,2.252047,1.456074,3.873633,2.043477,5.6e-05,2e-05
244_Techno_TS_DHN_SEASONAL_gwp3,TS_DHN_SEASONAL,3.3239999999999728,195.811168,177.869219,12.294583,7.019886,14.505694,0.764879,0.976194,2.5e-05,8e-06
245_Techno_TS_DHN_SEASONAL_gwp3,TS_DHN_SEASONAL,3.3339999999999725,191.971648,178.463787,1.222341,9.748932,4.290077,5.921723,3.72004,5.1e-05,1.4e-05
246_Techno_TS_DHN_SEASONAL_gwp3,TS_DHN_SEASONAL,3.3439999999999723,191.745043,177.337344,3.577621,1.670981,2.782368,5.599788,2.041062,6.4e-05,2e-05
247_Techno_TS_DHN_SEASONAL_gwp3,TS_DHN_SEASONAL,3.353999999999972,191.713559,177.236775,1.35004,1.082226,1.219899,1.073081,1.356005,3.6e-05,1.2e-05
248_Techno_TS_DHN_SEASONAL_gwp3,TS_DHN_SEASONAL,3.363999999999972,186.504536,176.980704,1.002544,5.571923,7.194918,0.875863,4.799597,6e-05,2.2e-05
249_Techno_TS_DHN_SEASONAL_gwp3,TS_DHN_SEASONAL,3.373999999999972,186.419736,176.975667,6.882525,3.42392,8.413211,2.818389,3.027399,2.4e-05,7e-06
250_Techno_TS_DHN_SEASONAL_gwp3,TS_DHN_SEASONAL,3.3839999999999715,176.021859,177.01019,2.393504,3.900828,0.777421,1.128925,0.938632,5.6e-05,1.5e-05
251_Techno_TS_DHN_SEASONAL_gwp3,TS_DHN_SEASONAL,3.3939999999999717,170.938948,198.171264,14.189792,6.683139,7.176709,2.129566,3.213403,1.6e-05,5e-06
252_Techno_TS_DHN_SEASONAL_gwp3,TS_DHN_SEASONAL,3.403999999999971,170.547214,176.996465,5.849922,0.854828,1.604301,2.652727,1.650893,0.000283,6e-05
253_Techno_TS_DHN_SEASONAL_gwp3,TS_DHN_SEASONAL,3.413999999999971,170.486794,177.013506,0.622724,2.733555,1.71274,1.021937,1.914034,3e-05,7e-06
254_Techno_TS_DHN_SEASONAL_gwp3,TS_DHN_SEASONAL,3.42399999999997,158.219207,183.743772,1.899753,2.242811,0.615481,1.252209,0.566926,0.000426,0.000142
255_Techno_TS_DHN_SEASONAL_gwp3,TS_DHN_SEASONAL,3.4339999999999704,157.22067,179.392865,6.275812,9.669589,3.220831,3.959529,1.073861,2.7e-05,8e-06
256_Techno_TS_DHN_SEASONAL_gwp3,TS_DHN_SEASONAL,3.44399999999997,156.289157,177.534951,4.200938,7.698519,3.724448,1.489862,2.801526,5.2e-05,1.8e-05
257_Techno_TS_DHN_SEASONAL_gwp3,TS_DHN_SEASONAL,3.45399999999997,156.280838,177.584787,2.690547,7.295609,5.237594,1.365138,6.744995,6.3e-05,1.6e-05
258_Techno_TS_DHN_SEASONAL_gwp3,TS_DHN_SEASONAL,3.4639999999999698,154.898356,177.567853,1.964145,2.026236,10.435442,0.949603,1.521586,0.000933,0.000323
259_Techno_TS_DHN_SEASONAL_gwp3,TS_DHN_SEASONAL,3.4739999999999696,154.410811,177.008741,0.547708,1.97639,0.611004,0.517039,1.441606,4e-05,1.4e-05
260_Techno_TS_DHN_SEASONAL_gwp3,TS_DHN_SEASONAL,3.4839999999999693,152.751945,194.341072,2.186224,1.759879,1.15634,6.507366,1.11252,1.7e-05,6e-06
261_Techno_TS_DHN_SEASONAL_gwp3,TS_DHN_SEASONAL,3.493999999999969,152.748473,177.276928,1.678857,1.99213,2.125225,1.885571,1.104633,3.2e-05,1e-05
262_Techno_TS_DHN_SEASONAL_gwp4,TS_DHN_SEASONAL,3.503999999999969,152.711514,177.381612,3.111752,15.132001,1.023732,1.540833,1.368593,4.1e-05,1.2e-05
263_Techno_TS_DHN_SEASONAL_gwp4,TS_DHN_SEASONAL,3.5139999999999687,151.659917,177.052015,1.59808,1.680678,3.062325,1.439541,2.193108,2.9e-05,1.1e-05
264_Techno_TS_DHN_SEASONAL_gwp4,TS_DHN_SEASONAL,3.5239999999999685,150.448933,180.885622,8.469954,5.02746,0.819916,2.378655,1.356732,3.9e-05,1.2e-05
265_Techno_TS_DHN_SEASONAL_gwp4,TS_DHN_SEASONAL,3.5339999999999683,148.749486,176.986367,2.155797,6.008677,1.458102,1.567327,1.070413,0.000789,0.000232
266_Techno_TS_DHN_SEASONAL_gwp4,TS_DHN_SEASONAL,3.543999999999968,148.988246,183.433436,5.357,1.778052,9.236607,3.366658,2.374274,9e-05,3.2e-05
267_Techno_TS_DHN_SEASONAL_gwp4,TS_DHN_SEASONAL,3.553999999999968,147.73449,184.802228,19.453685,5.31257,7.726275,2.927627,3.400539,3.4e-05,1.1e-05
268_Techno_TS_DHN_SEASONAL_gwp4,TS_DHN_SEASONAL,3.563999999999968,145.527355,178.213536,1.366574,9.886962,5.173193,2.56052,6.223124,2.5e-05,7e-06
269_Techno_TS_DHN_SEASONAL_gwp4,TS_DHN_SEASONAL,3.5739999999999674,143.453003,179.078262,0.565897,6.714534,3.866207,3.136611,2.104115,3.8e-05,1.2e-05
270_Techno_TS_DHN_SEASONAL_gwp4,TS_DHN_SEASONAL,3.583999999999967,142.142485,204.311903,11.933501,1.577172,9.476398,4.825095,2.101637,2.8e-05,9e-06
271_Techno_TS_DHN_SEASONAL_gwp4,TS_DHN_SEASONAL,3.593999999999967,138.814058,191.531753,9.116285,6.704828,9.432319,3.942329,1.101763,7.7e-05,2.3e-05
272_Techno_TS_DHN_SEASONAL_gwp4,TS_DHN_SEASONAL,3.603999999999967,138.80115,177.026707,2.643438,3.832309,1.641319,6.862399,1.267426,3.2e-05,9e-06
273_Techno_TS_DHN_SEASONAL_gwp4,TS_DHN_SEASONAL,3.613999999999967,138.804148,184.339265,7.067772,1.641438,10.913263,1.014486,1.930087,8.3e-05,3.1e-05
274_Techno_TS_DHN_SEASONAL_gwp4,TS_DHN_SEASONAL,3.6239999999999664,137.68252,177.039977,1.277921,7.426928,5.715951,1.687083,2.524384,3.6e-05,1.3e-05
275_Techno_TS_DHN_SEASONAL_gwp4,TS_DHN_SEASONAL,3.633999999999966,135.557619,177.466165,8.596275,1.525863,2.477901,2.701753,1.132659,2.1e-05,8e-06
276_Techno_TS_DHN_SEASONAL_gwp4,TS_DHN_SEASONAL,3.643999999999966,135.495427,178.173293,8.342443,2.783344,2.992141,2.101372,2.231107,4.8e-05,1.7e-05
277_Techno_TS_DHN_SEASONAL_gwp4,TS_DHN_SEASONAL,3.6539999999999657,132.907354,178.389868,1.705623,2.21295,1.535641,1.216816,1.500782,9.6e-05,3.3e-05
278_Techno_TS_DHN_SEASONAL_gwp4,TS_DHN_SEASONAL,3.6639999999999655,132.157175,177.614502,7.528331,8.783809,5.565576,3.075892,2.863489,6.7e-05,2.1e-05
279_Techno_TS_DHN_SEASONAL_gwp4,TS_DHN_SEASONAL,3.673999999999965,132.150599,194.569544,3.169114,8.724259,2.163397,1.319265,1.070982,2.8e-05,9e-06
280_Techno_TS_DHN_SEASONAL_gwp4,TS_DHN_SEASONAL,3.683999999999965,129.126903,176.979725,3.887353,1.028541,1.07492,2.2207,0.852442,6.3e-05,2e-05
281_Techno_TS_DHN_SEASONAL_gwp4,TS_DHN_SEASONAL,3.693999999999965,119.2221,177.122255,8.70981,2.409339,1.154474,0.64514,0.770971,3.6e-05,1.1e-05
282_Techno_TS_DHN_SEASONAL_gwp4,TS_DHN_SEASONAL,3.7039999999999647,118.087052,180.206864,2.997982,7.465174,5.503265,0.917053,1.008497,5.1e-05,1.9e-05
283_Techno_TS_DHN_SEASONAL_gwp4,TS_DHN_SEASONAL,3.713999999999965,116.165456,177.653528,0.685318,5.970592,1.120198,1.176733,0.663038,4.8e-05,1.3e-05
284_Techno_TS_DHN_SEASONAL_gwp4,TS_DHN_SEASONAL,3.723999999999964,115.526224,176.972454,0.976137,5.343782,3.098186,0.837239,7.654516,5.1e-05,1.7e-05
285_Techno_TS_DHN_SEASONAL_gwp4,TS_DHN_SEASONAL,3.733999999999964,115.010872,177.012114,1.931884,1.032229,1.872243,3.626271,1.975318,4.2e-05,1.7e-05
286_Techno_TS_DHN_SEASONAL_gwp4,TS_DHN_SEASONAL,3.743999999999964,114.878922,182.832108,3.27936,0.891022,1.74142,7.198723,1.740106,2.5e-05,7e-06
287_Techno_TS_DHN_SEASONAL_gwp4,TS_DHN_SEASONAL,3.753999999999964,114.882048,182.491938,3.781665,28.321988,2.768765,5.866725,4.918325,2e-05,6e-06
288_Techno_TS_DHN_SEASONAL_gwp4,TS_DHN_SEASONAL,3.7639999999999634,114.734498,182.5177,1.306773,0.988907,2.603417,0.580113,0.792865,4.1e-05,1.3e-05
289_Techno_TS_DHN_SEASONAL_gwp4,TS_DHN_SEASONAL,3.773999999999963,114.708523,177.012794,3.246155,4.252914,0.9781,1.102802,2.298101,2.5e-05,8e-06
290_Techno_TS_DHN_SEASONAL_gwp4,TS_DHN_SEASONAL,3.783999999999963,114.709755,178.085941,1.458714,2.513002,3.622741,3.575999,3.160027,2.9e-05,9e-06
291_Techno_TS_DHN_SEASONAL_gwp4,TS_DHN_SEASONAL,3.7939999999999623,112.130938,180.361325,2.883656,0.968898,1.039602,1.266567,2.348701,8.6e-05,3.2e-05
292_Techno_TS_DHN_SEASONAL_gwp4,TS_DHN_SEASONAL,3.8039999999999625,108.138709,182.010947,7.168782,5.713137,2.149887,0.878773,0.946416,4e-05,1.3e-05
293_Techno_TS_DHN_SEASONAL_gwp4,TS_DHN_SEASONAL,3.8139999999999614,106.906515,183.27148,1.802131,1.141928,0.518831,6.434813,0.754341,7.3e-05,2.4e-05
294_Techno_TS_DHN_SEASONAL_gwp4,TS_DHN_SEASONAL,3.823999999999962,105.323909,179.696374,2.896983,6.165383,4.770054,1.882168,1.737535,3.4e-05,1.2e-05
295_Techno_TS_DHN_SEASONAL_gwp4,TS_DHN_SEASONAL,3.833999999999962,105.065549,183.046983,1.911363,0.954183,1.42144,0.868794,3.166739,7e-05,2.4e-05
296_Techno_TS_DHN_SEASONAL_gwp4,TS_DHN_SEASONAL,3.8439999999999617,104.128585,178.219095,1.721772,5.000864,1.201578,1.05822,1.865367,2.5e-05,8e-06
297_Techno_TS_DHN_SEASONAL_gwp4,TS_DHN_SEASONAL,3.8539999999999615,97.054691,179.985045,0.657013,2.374192,0.738784,1.897615,2.851937,7.3e-05,1.8e-05
298_Techno_TS_DHN_SEASONAL_gwp4,TS_DHN_SEASONAL,3.863999999999961,97.056601,184.926379,3.402079,2.43891,2.73109,1.498553,2.247586,5.9e-05,1.7e-05
299_Techno_TS_DHN_SEASONAL_gwp4,TS_DHN_SEASONAL,3.873999999999961,95.455931,177.008903,3.279174,3.624065,1.957313,0.633348,1.804097,0.000109,3.7e-05
300_Techno_TS_DHN_SEASONAL_gwp4,TS_DHN_SEASONAL,3.883999999999961,88.473512,177.007273,1.341185,4.159293,3.466301,2.731999,3.505767,3.9e-05,1.3e-05
301_Techno_TS_DHN_SEASONAL_gwp4,TS_DHN_SEASONAL,3.8939999999999606,88.545131,179.599258,2.114576,1.716619,3.517226,0.993219,1.919541,8.3e-05,3e-05
302_Techno_TS_DHN_SEASONAL_gwp4,TS_DHN_SEASONAL,3.90399999999996,88.377871,177.269125,1.589951,2.90423,1.266285,0.932198,1.475324,7.5e-05,2.4e-05
303_Techno_TS_DHN_SEASONAL_gwp4,TS_DHN_SEASONAL,3.91399999999996,88.387669,187.510924,3.756098,6.925334,1.372014,1.066357,4.244412,6e-05,1.9e-05
304_Techno_TS_DHN_SEASONAL_gwp4,TS_DHN_SEASONAL,3.92399999999996,82.768352,178.012125,1.610791,5.143852,1.366821,2.527967,2.436601,8.9e-05,2.8e-05
305_Techno_TS_DHN_SEASONAL_gwp4,TS_DHN_SEASONAL,3.93399999999996,76.386787,177.020328,1.104717,5.059603,2.126479,1.02841,9.369688,8.4e-05,2.9e-05
306_Techno_TS_DHN_SEASONAL_gwp4,TS_DHN_SEASONAL,3.94399999999996,72.139283,177.040697,1.09456,2.707975,2.068944,1.222821,3.662693,4.9e-05,1.9e-05
307_Techno_TS_DHN_SEASONAL_gwp4,TS_DHN_SEASONAL,3.9539999999999593,67.844242,177.427596,7.26062,4.268686,9.453976,0.842521,3.705972,3.9e-05,1.3e-05
308_Techno_TS_DHN_SEASONAL_gwp4,TS_DHN_SEASONAL,3.963999999999959,67.801419,183.723792,2.388426,4.945512,0.990932,2.272041,3.172979,7.1e-05,2.6e-05
309_Techno_TS_DHN_SEASONAL_gwp4,TS_DHN_SEASONAL,3.973999999999959,67.768435,178.79337,1.157473,0.657131,2.76306,1.197394,1.361172,3.9e-05,1.4e-05
310_Techno_TS_DHN_SEASONAL_gwp4,TS_DHN_SEASONAL,3.983999999999959,64.775128,177.821381,1.805801,8.243118,4.85364,0.801575,0.764942,5.1e-05,1.7e-05
311_Techno_TS_DHN_SEASONAL_gwp4,TS_DHN_SEASONAL,3.9939999999999594,64.270557,195.710498,0.714977,1.770925,10.981672,7.069297,2.914467,5.6e-05,1.4e-05
312_Techno_TS_DHN_SEASONAL_gwp4,TS_DHN_SEASONAL,4.003999999999959,63.751055,184.680635,3.132864,5.832569,1.117095,0.800411,0.916805,1.6e-05,5e-06
313_Techno_TS_DHN_SEASONAL_gwp4,TS_DHN_SEASONAL,4.013999999999959,57.038544,176.977578,4.391611,12.795916,10.812335,8.985718,2.156405,7.6e-05,2.3e-05
314_Techno_TS_DHN_SEASONAL_gwp4,TS_DHN_SEASONAL,4.023999999999958,56.997135,179.186593,6.272378,1.164819,4.660915,1.084856,2.169817,2.3e-05,8e-06
315_Techno_TS_DHN_SEASONAL_gwp4,TS_DHN_SEASONAL,4.033999999999958,52.800314,177.556415,3.784344,4.225057,1.215188,1.45813,1.428895,9.3e-05,3e-05
316_Techno_TS_DHN_SEASONAL_gwp4,TS_DHN_SEASONAL,4.043999999999958,52.159295,185.189377,5.351472,0.701201,0.991786,1.982206,4.445187,9.9e-05,3.2e-05
317_Techno_TS_DHN_SEASONAL_gwp4,TS_DHN_SEASONAL,4.053999999999958,51.627875,184.686328,6.011039,0.541868,0.838954,4.145432,0.589467,2e-05,6e-06
318_Techno_TS_DHN_SEASONAL_gwp4,TS_DHN_SEASONAL,4.063999999999957,51.631554,182.092091,0.760145,1.539113,0.73477,0.886598,0.905061,6.9e-05,2.1e-05
319_Techno_TS_DHN_SEASONAL_gwp4,TS_DHN_SEASONAL,4.073999999999957,51.636428,202.514612,12.601549,7.896078,1.799029,1.907217,2.959246,5.1e-05,1.7e-05
320_Techno_TS_DHN_SEASONAL_gwp4,TS_DHN_SEASONAL,4.083999999999957,51.292309,184.609862,5.287731,0.763723,2.506652,5.875264,2.015288,7e-05,2.4e-05
321_Techno_TS_DHN_SEASONAL_gwp4,TS_DHN_SEASONAL,4.093999999999957,49.644741,177.554361,6.209823,0.920688,0.762202,10.417391,1.945004,2.3e-05,7e-06
322_Techno_TS_DHN_SEASONAL_gwp4,TS_DHN_SEASONAL,4.103999999999957,49.527105,177.667643,3.095997,3.021163,2.075854,1.207241,2.009689,0.000116,3.5e-05
323_Techno_TS_DHN_SEASONAL_gwp4,TS_DHN_SEASONAL,4.113999999999956,48.084304,177.019628,4.418215,8.263455,3.385643,0.934471,4.39145,2.7e-05,1e-05
324_Techno_TS_DHN_SEASONAL_gwp4,TS_DHN_SEASONAL,4.123999999999956,43.150321,180.808889,1.248559,12.617739,9.221053,0.905971,1.200812,0.000101,3.3e-05
325_Techno_TS_DHN_SEASONAL_gwp4,TS_DHN_SEASONAL,4.133999999999956,42.66181,176.984347,9.613027,1.364728,3.746243,0.953905,2.23209,8.4e-05,3.1e-05
326_Techno_TS_DHN_SEASONAL_gwp4,TS_DHN_SEASONAL,4.143999999999956,42.597812,181.658388,1.983558,1.928843,7.175056,0.981524,1.842699,0.0001,3.3e-05
327_Techno_TS_DHN_SEASONAL_gwp4,TS_DHN_SEASONAL,4.153999999999956,42.618098,180.497707,10.771227,1.49293,1.738498,1.020011,1.049676,7.1e-05,2.5e-05
328_Techno_TS_DHN_SEASONAL_gwp4,TS_DHN_SEASONAL,4.163999999999955,41.620993,178.096168,4.12558,0.975145,10.086048,1.075511,1.541463,6.7e-05,2.1e-05
329_Techno_TS_DHN_SEASONAL_gwp4,TS_DHN_SEASONAL,4.173999999999955,40.477032,177.142722,0.71271,1.376679,5.749095,1.018689,4.210868,1e-05,4e-06
330_Techno_TS_DHN_SEASONAL_gwp4,TS_DHN_SEASONAL,4.183999999999955,39.823214,177.281616,1.78351,7.468733,3.987072,1.071006,1.24141,7.4e-05,2.5e-05
331_Techno_TS_DHN_SEASONAL_gwp4,TS_DHN_SEASONAL,4.193999999999955,38.077975,178.253396,8.523227,1.750933,2.217726,5.335283,1.655618,1.3e-05,4e-06
332_Techno_TS_DHN_SEASONAL_gwp4,TS_DHN_SEASONAL,4.203999999999954,38.039348,177.196075,8.497213,4.458973,9.686243,1.039354,4.593788,8e-06,3e-06
333_Techno_TS_DHN_SEASONAL_gwp4,TS_DHN_SEASONAL,4.213999999999954,35.343054,212.503133,0.764936,2.397685,0.847258,3.778996,1.104334,4.2e-05,1.1e-05
334_Techno_TS_DHN_SEASONAL_gwp4,TS_DHN_SEASONAL,4.223999999999954,32.920673,178.998524,5.885653,2.209284,1.703165,3.512711,1.249031,0.000112,3.4e-05
335_Techno_TS_DHN_SEASONAL_gwp4,TS_DHN_SEASONAL,4.233999999999954,32.694704,179.341378,5.503788,0.917369,1.942355,0.917315,1.630891,1.3e-05,4e-06
336_Techno_TS_DHN_SEASONAL_gwp4,TS_DHN_SEASONAL,4.243999999999954,32.543861,178.036468,22.153599,9.478491,6.354641,2.660534,4.649938,8.6e-05,2.2e-05
337_Techno_TS_DHN_SEASONAL_gwp4,TS_DHN_SEASONAL,4.253999999999953,29.386491,186.518705,5.831444,11.015022,3.526972,2.078881,1.78185,4.1e-05,1.2e-05
338_Techno_TS_DHN_SEASONAL_gwp4,TS_DHN_SEASONAL,4.263999999999953,29.559617,178.416382,6.758306,3.726637,1.073724,7.623955,4.174684,7.4e-05,2.8e-05
339_Techno_TS_DHN_SEASONAL_gwp4,TS_DHN_SEASONAL,4.273999999999953,28.491328,177.169284,3.177927,9.585293,1.387629,2.855737,1.734708,1.1e-05,4e-06
340_Techno_TS_DHN_SEASONAL_gwp4,TS_DHN_SEASONAL,4.283999999999953,27.937304,177.234995,6.791429,4.661615,1.443799,0.829901,3.567232,1.8e-05,7e-06
341_Techno_TS_DHN_SEASONAL_gwp4,TS_DHN_SEASONAL,4.2939999999999525,23.564715,195.834269,1.653956,1.192814,8.655515,2.945773,2.026137,4.3e-05,1.2e-05
342_Techno_TS_DHN_SEASONAL_gwp4,TS_DHN_SEASONAL,4.303999999999952,21.60098,177.560539,5.627268,13.392004,4.540599,3.484309,5.506682,1.2e-05,4e-06
343_Techno_TS_DHN_SEASONAL_gwp4,TS_DHN_SEASONAL,4.313999999999952,20.542858,181.877887,6.619095,2.222756,2.867654,1.156164,3.321274,1.5e-05,5e-06
344_Techno_TS_DHN_SEASONAL_gwp4,TS_DHN_SEASONAL,4.323999999999952,20.514938,178.987601,2.464837,9.009375,9.583087,2.223902,8.497786,4e-06,1e-06
345_Techno_TS_DHN_SEASONAL_gwp4,TS_DHN_SEASONAL,4.333999999999952,19.585958,178.849525,2.176026,2.852935,1.317538,1.940365,2.001963,4.4e-05,1.5e-05
346_Techno_TS_DHN_SEASONAL_gwp4,TS_DHN_SEASONAL,4.343999999999952,19.502527,177.007035,2.37354,0.775116,1.327747,2.657335,3.017975,7.4e-05,2.4e-05
347_Techno_TS_DHN_SEASONAL_gwp4,TS_DHN_SEASONAL,4.353999999999951,19.43528,181.829767,0.668198,0.848068,1.105774,1.046816,0.846397,2.9e-05,8e-06
348_Techno_TS_DHN_SEASONAL_gwp4,TS_DHN_SEASONAL,4.363999999999951,18.386287,177.024775,7.309785,21.153596,3.601517,6.087373,1.564318,4.3e-05,1.4e-05
349_Techno_TS_DHN_SEASONAL_gwp4,TS_DHN_SEASONAL,4.373999999999951,11.229281,177.590757,6.831486,8.606329,1.681863,4.117477,1.414689,4.9e-05,1.5e-05
350_Techno_TS_DHN_SEASONAL_gwp4,TS_DHN_SEASONAL,4.383999999999951,15.698977,177.67672,0.926402,1.868498,4.214428,1.09207,3.247482,0.000402,0.000123
351_Techno_TS_DHN_SEASONAL_gwp4,TS_DHN_SEASONAL,4.39399999999995,7.125932,177.70018,2.085124,6.920092,2.600336,7.26587,0.994632,0.00034,9.9e-05
352_Techno_TS_DHN_SEASONAL_gwp4,TS_DHN_SEASONAL,4.40399999999995,2.54638,196.30389,17.715149,2.348417,14.217879,16.417029,6.12818,4.9e-05,1.3e-05
353_Techno_TS_DHN_SEASONAL_gwp4,TS_DHN_SEASONAL,4.41399999999995,2.601817,206.239886,1.464974,1.104018,3.884303,1.126959,0.936764,6.2e-05,2e-05
354_Techno_TS_DHN_SEASONAL_gwp4,TS_DHN_SEASONAL,4.42399999999995,1.557053,180.1307,2.138882,1.225472,1.329286,2.496214,0.81126,5.5e-05,1.8e-05
355_Techno_TS_DHN_SEASONAL_gwp4,TS_DHN_SEASONAL,4.4339999999999495,0.314366,179.611493,2.192252,11.576708,5.401992,1.05933,0.9611,3e-05,1e-05
356_Techno_TS_DHN_SEASONAL_gwp4,TS_DHN_SEASONAL,4.44,173.276849,185.035424,3.063381,1.222338,1.689059,1.171688,1.547399,2.1e-05,8e-06
357_Techno_TS_DHN_SEASONAL_gwp5,TS_DHN_SEASONAL,4.640000000000001,141.68976,179.063906,2.531493,2.043112,1.866879,1.078634,1.448864,6.3e-05,2.2e-05
358_Techno_TS_DHN_SEASONAL_gwp5,TS_DHN_SEASONAL,4.840000000000001,0.787605,177.010101,1.104909,1.075589,1.132369,1.060726,1.17838,8.6e-05,3.1e-05
